sample_id,row,recall,X,X_pred,rul
1,1,0.9996810460956942,0.0003189539043058,0.0,15.0048
1,2,0.9720549156028272,0.0279450843971728,0.0312153814104069,13.27175
1,3,0.9586282449705306,0.0413717550294694,0.0440985001716899,12.584125
1,4,0.955382621888742,0.0446173781112581,0.0552386094691302,12.68555
1,5,0.9440877073292736,0.0559122926707265,0.0642627207585699,12.020575
1,6,0.9378866764245776,0.0621133235754225,0.072869695392686,11.9406
1,7,0.9273301825937632,0.0726698174062367,0.0803910949611329,11.35805
1,8,0.9138485005858424,0.0861514994141575,0.0878194785642681,10.440725
1,9,0.9128842824411874,0.0871157175588126,0.0954950918089333,10.66845
1,10,0.9091928738113602,0.0908071261886398,0.1012286508864851,10.659525
1,11,0.9037997311213856,0.0962002688786144,0.1063987554201621,10.380475
1,12,0.8984703568851318,0.1015296431148682,0.1114710313638631,10.1897
1,13,0.89069248014902,0.1093075198509799,0.1163849614777128,9.644275
1,14,0.89069248014902,0.1093075198509799,0.1215832096175713,9.9709
1,15,0.8887652093438544,0.1112347906561456,0.1254333516088465,9.8867
1,16,0.8800273937135561,0.1199726062864439,0.1289193595364586,9.267375
1,17,0.8748679378654151,0.1251320621345849,0.1334542798349106,9.0171
1,18,0.8669523899625781,0.1330476100374219,0.1377804327214924,8.416025
1,19,0.8669523899625781,0.1330476100374219,0.1425124153308489,8.530425
1,20,0.8662236557218046,0.1337763442781954,0.1458595499235804,8.628525
1,21,0.8592052497863122,0.1407947502136878,0.1486071537931699,8.15115
1,22,0.8582851960177478,0.1417148039822522,0.1522833504360729,8.257475
1,23,0.854234282061792,0.145765717938208,0.1551714159034463,7.939225
1,24,0.847557943264278,0.1524420567357219,0.1582650253300707,7.3885
1,25,0.847557943264278,0.1524420567357219,0.1619975864582692,7.52175
1,26,0.8445163156932621,0.1554836843067378,0.164653052892943,7.29385
1,27,0.8445163156932621,0.1554836843067378,0.1673516227867487,7.417075
1,28,0.8445163156932621,0.1554836843067378,0.16940268785106,7.532775
1,29,0.8372626366296284,0.1627373633703716,0.1710744139482917,6.8273
1,30,0.8372626366296284,0.1627373633703716,0.1740955533622903,6.944075
1,31,0.8372626366296284,0.1627373633703716,0.1762699926611789,7.09785
1,32,0.8352243425451656,0.1647756574548343,0.1779527612016541,7.022675
1,33,0.832215167081768,0.1677848329182319,0.1797940961057256,6.764725
1,34,0.8213624572446724,0.1786375427553276,0.1819303458239397,5.501825
1,35,0.8202104187494627,0.1797895812505373,0.1859994581129391,5.4184
1,36,0.8202104187494627,0.1797895812505373,0.188986640592612,5.6175
1,37,0.8202104187494627,0.1797895812505373,0.1910795008377132,5.701575
1,38,0.8202104187494627,0.1797895812505373,0.1926419585197053,5.72815
1,39,0.8202104187494627,0.1797895812505373,0.1938822606094948,5.825925
1,40,0.8176710342477612,0.1823289657522387,0.1949206093303521,5.6188
1,41,0.8090146270064928,0.1909853729935071,0.1964227462262731,4.592675
1,42,0.8090146270064928,0.1909853729935071,0.1996370303038408,4.583825
1,43,0.8090146270064928,0.1909853729935071,0.2018275731962727,4.675875
1,44,0.8090146270064928,0.1909853729935071,0.2033991304169655,4.75435
1,45,0.8085547081455277,0.1914452918544723,0.2045905981379585,4.78325
1,46,0.8085547081455277,0.1914452918544723,0.2056548383614911,4.843
1,47,0.8066509913766503,0.1933490086233497,0.2065224586887765,4.638725
1,48,0.8033119983609,0.1966880016391,0.2077260815654513,4.209475
1,49,0.8033119983609,0.1966880016391,0.2094826492403888,4.230525
1,50,0.7981053521767135,0.2018946478232864,0.2107550930599495,3.571575
1,51,0.7981053521767135,0.2018946478232864,0.21301351752651,3.5546
1,52,0.7981053521767135,0.2018946478232864,0.2145888038365729,3.63735
1,53,0.7981053521767135,0.2018946478232864,0.2157358100820255,3.66815
1,54,0.7969311421917876,0.2030688578082123,0.2166108428892346,3.567825
1,55,0.7907066860248498,0.2092933139751501,0.2176071483372219,2.69165
1,56,0.7905455685521329,0.2094544314478671,0.2199592053159617,2.68
1,57,0.7905455685521329,0.2094544314478671,0.2216216497008637,2.7423
1,58,0.7824380683582026,0.2175619316417973,0.2228051046251957,1.75045
1,59,0.7824380683582026,0.2175619316417973,0.2257721915622013,1.76695
1,60,0.7824380683582026,0.2175619316417973,0.227780782169125,1.765275
1,61,0.7824380683582026,0.2175619316417973,0.2291778883670101,1.7254
1,62,0.7824380683582026,0.2175619316417973,0.2301819503346985,1.80595
1,63,0.7824380683582026,0.2175619316417973,0.2309309559672557,1.823075
1,64,0.7760942569141606,0.2239057430858394,0.2315123913262642,0.0
1,65,0.7751311987112107,0.2248688012887892,0.2336641885950532,0.0
1,66,0.7745188980019476,0.2254811019980523,0.2354021119226367,0.0
1,67,0.7727348960501632,0.2272651039498368,0.236778288193206,0.0
1,68,0.7710157712725714,0.2289842287274286,0.2382336089916013,0.0
1,69,0.7710157712725714,0.2289842287274286,0.2397231133351123,0.0
1,70,0.7710157712725714,0.2289842287274286,0.2407690751017611,0.0
1,71,0.7710157712725714,0.2289842287274286,0.2415231960327252,0.0
1,72,0.7679754900742092,0.2320245099257908,0.2420836577973159,0.0
1,73,0.7679754900742092,0.2320245099257908,0.2433493847871639,0.0
1,74,0.7679754900742092,0.2320245099257908,0.2442416068404158,0.0
1,75,0.7679754900742092,0.2320245099257908,0.2448857185939821,0.0
1,76,0.7679754900742092,0.2320245099257908,0.2453636451167127,0.0
1,77,0.7674163829443139,0.2325836170556861,0.2457290634288376,0.0
1,78,0.7674163829443139,0.2325836170556861,0.2461740997501602,0.0
1,79,0.7631269265905617,0.2368730734094383,0.2465126671469613,0.0
1,80,0.7631269265905617,0.2368730734094383,0.2479911289208284,0.0
1,81,0.7631269265905617,0.2368730734094383,0.2490151416002299,0.0
1,82,0.7609844401589294,0.2390155598410706,0.2497343454227777,0.0
1,83,0.7563290061320225,0.2436709938679775,0.2508612527905066,0.0
1,84,0.7520759357356727,0.2479240642643273,0.2529848966819978,0.0
2,1,1.0,0.0,0.0,15.046725
2,2,0.993046823651579,0.0069531763484209,0.0312153814104069,14.899525
2,3,0.983553764194567,0.016446235805433,0.0429938855220087,14.518725
2,4,0.9648149587132626,0.0351850412867373,0.0532196014286025,13.533775
2,5,0.9585464595464273,0.0414535404535728,0.0632550036469637,13.320425
2,6,0.9535784256753532,0.0464215743246466,0.0716130330335838,13.205775
2,7,0.9467843838372326,0.0532156161627673,0.0788198907440733,12.961025
2,8,0.9418009648110418,0.0581990351889581,0.0855363922801117,12.85295
2,9,0.935550993760708,0.0644490062392919,0.0915771921729625,12.6273
2,10,0.9308035308186672,0.0691964691813328,0.0973540585464916,12.45505
2,11,0.92077709147955,0.0792229085204501,0.1026374980304362,11.922575
2,12,0.9161181612819032,0.0838818387180967,0.1084834090236422,11.741025
2,13,0.914915140445601,0.085084859554399,0.1135860232282696,11.970675
2,14,0.91080819343199,0.08919180656801,0.1176528345144199,11.7453
2,15,0.9090490813864158,0.0909509186135841,0.1216795814843481,11.895725
2,16,0.9079114135052774,0.0920885864947226,0.1251802477022491,11.9468
2,17,0.9032579590370498,0.0967420409629502,0.1282397775381636,11.7296
2,18,0.8981914469273579,0.1018085530726421,0.1316978874599372,11.497525
2,19,0.8861388759694048,0.1138611240305952,0.1353919608072592,10.47195
2,20,0.885754348918396,0.114245651081604,0.1405628654826501,10.69535
2,21,0.885754348918396,0.114245651081604,0.1441430145448202,10.8303
2,22,0.8819221773527882,0.1180778226472117,0.1467974605098281,10.6837
2,23,0.8819221773527882,0.1180778226472117,0.1497215971459572,10.864625
2,24,0.8774710326477556,0.1225289673522443,0.1519676353220682,10.5751
2,25,0.8743221024550344,0.1256778975449656,0.1547542994469495,10.3883
2,26,0.8743221024550344,0.1256778975449656,0.1575373337356127,10.543175
2,27,0.8704795776853521,0.1295204223146479,0.1596303119527235,10.3334
2,28,0.8704795776853521,0.1295204223146479,0.1621493867953164,10.53535
2,29,0.864882454557928,0.135117545442072,0.1640563422014779,10.01035
2,30,0.864882454557928,0.135117545442072,0.1668257858553709,10.14785
2,31,0.864190977738231,0.135809022261769,0.1688391108730734,10.3129
2,32,0.8592817551933497,0.1407182448066503,0.17056494533779,9.798725
2,33,0.8592817551933497,0.1407182448066503,0.1730531804546445,9.951675
2,34,0.8592817551933497,0.1407182448066503,0.1748678921283914,10.11725
2,35,0.8516498484584091,0.1483501515415909,0.1762838697863864,9.279175
2,36,0.8394127225548672,0.1605872774451328,0.1791921604382168,7.9777
2,37,0.8394127225548672,0.1605872774451328,0.1840225252885398,8.02325
2,38,0.8394127225548672,0.1605872774451328,0.1871724602149785,8.148675
2,39,0.8394127225548672,0.1605872774451328,0.1893363095554889,8.341475
2,40,0.8394127225548672,0.1605872774451328,0.1909128430303372,8.3005
2,41,0.8326683713245249,0.1673316286754751,0.1921326946244758,7.626025
2,42,0.8326683713245249,0.1673316286754751,0.1947215185798345,7.615675
2,43,0.8326683713245249,0.1673316286754751,0.1965309271166971,7.882475
2,44,0.8289338369863678,0.1710661630136322,0.1978665454968125,7.48385
2,45,0.8289338369863678,0.1710661630136322,0.19980507427533,7.604875
2,46,0.8289338369863678,0.1710661630136322,0.2012061631430453,7.577275
2,47,0.8289338369863678,0.1710661630136322,0.2022742179679246,7.7178
2,48,0.8270971050884596,0.1729028949115404,0.2031317600721496,7.58435
2,49,0.8270971050884596,0.1729028949115404,0.2043031071734692,7.743025
2,50,0.8270971050884596,0.1729028949115404,0.2052102867954958,7.763725
2,51,0.8270971050884596,0.1729028949115404,0.2059478993634937,7.774725
2,52,0.8270971050884596,0.1729028949115404,0.2065737486489783,7.9717
2,53,0.8270971050884596,0.1729028949115404,0.2071234062581635,7.9927
2,54,0.8270971050884596,0.1729028949115404,0.2076189506575548,8.05985
2,55,0.8270971050884596,0.1729028949115404,0.2080742330391079,8.229075
2,56,0.8252761156907048,0.1747238843092952,0.2084980635942855,8.11845
2,57,0.82238663541204,0.1776133645879599,0.2093611762104117,7.590525
2,58,0.8164190786759281,0.1835809213240719,0.2107732047587498,6.815575
2,59,0.8138568492981052,0.1861431507018948,0.213326719174194,6.427525
2,60,0.8131616717759614,0.1868383282240385,0.2157293577293934,6.49505
2,61,0.8131616717759614,0.1868383282240385,0.2175527191300084,6.418225
2,62,0.8121684264130794,0.1878315735869206,0.2188238911355663,6.471325
2,63,0.8121684264130794,0.1878315735869206,0.2200000455142963,6.4345
2,64,0.8116817958716182,0.1883182041283818,0.2208514877085106,6.4371
2,65,0.8116817958716182,0.1883182041283818,0.2216198292650214,6.405225
2,66,0.8116817958716182,0.1883182041283818,0.2222022353521804,6.629075
2,67,0.8054894611261704,0.1945105388738296,0.2226609343327516,5.564
2,68,0.8054894611261704,0.1945105388738296,0.2247002756224945,5.688825
2,69,0.7997372909735004,0.2002627090264995,0.2261015081083689,4.6987
2,70,0.7997372909735004,0.2002627090264995,0.2286454486717784,4.690625
2,71,0.7942719977610374,0.2057280022389626,0.2303758923733868,3.7805
2,72,0.7942719977610374,0.2057280022389626,0.2330682725684302,3.8232
2,73,0.7942719977610374,0.2057280022389626,0.2348971570239717,3.872475
2,74,0.7942719977610374,0.2057280022389626,0.2361581202982464,3.852675
2,75,0.7921386922460117,0.2078613077539882,0.2370436887011067,3.601625
2,76,0.7921386922460117,0.2078613077539882,0.2382731052088531,3.504175
2,77,0.7909808954452511,0.2090191045547489,0.2391349674503703,3.448825
2,78,0.7909808954452511,0.2090191045547489,0.2400762762762499,3.3847
2,79,0.7908287028673558,0.2091712971326441,0.2407438623036999,3.481775
2,80,0.7863473255979083,0.2136526744020916,0.2412704634413609,2.672675
2,81,0.7863473255979083,0.2136526744020916,0.2429306311259345,2.7571
2,82,0.7846642039700371,0.2153357960299629,0.2440745077626874,2.468025
2,83,0.7791690840818646,0.2208309159181354,0.2453537675806285,0.0
2,84,0.7791690840818646,0.2208309159181354,0.2478203778123785,0.0
3,1,0.9720670355358232,0.0279329644641769,0.0,12.814725
3,2,0.9600748326923568,0.0399251673076431,0.0312153814104069,12.3634
3,3,0.929095688124638,0.0709043118753619,0.0432631350181217,10.32915
3,4,0.923473226707046,0.0765267732929541,0.0553127522836505,10.201425
3,5,0.9142763007556752,0.0857236992443247,0.064923656741791,9.7255
3,6,0.9142763007556752,0.0857236992443247,0.0735546304597112,10.0209
3,7,0.9053095523877188,0.094690447612281,0.0803171669320954,9.552775
3,8,0.8835382056490816,0.1164617943509184,0.0872129785729492,8.030525
3,9,0.8823951317477295,0.1176048682522704,0.0958912351372437,8.173425
3,10,0.8823951317477295,0.1176048682522704,0.1020888762717244,8.36135
3,11,0.8771249385592839,0.1228750614407161,0.1068715377508151,8.105925
3,12,0.8694961639765086,0.1305038360234913,0.1117587969701505,7.6721
3,13,0.8536340286061779,0.1463659713938221,0.1169961828157532,6.49745
3,14,0.8514831430061953,0.1485168569938046,0.1238054436791623,6.38115
3,15,0.8487108405484568,0.1512891594515432,0.1288349791460899,6.286775
3,16,0.8434887174260849,0.1565112825739151,0.1330785604862761,6.0386
3,17,0.8434887174260849,0.1565112825739151,0.13734959241983,6.0959
3,18,0.8335214388470892,0.1664785611529108,0.1405788709955051,5.291225
3,19,0.8315203795886918,0.1684796204113081,0.1451860964209188,5.2456
3,20,0.8315203795886918,0.1684796204113081,0.1488858660160007,5.31825
3,21,0.8302035105851129,0.1697964894148871,0.1516858176447217,5.34985
3,22,0.8270307862507579,0.1729692137492421,0.1542460365869595,5.05825
3,23,0.8270307862507579,0.1729692137492421,0.157023152209821,5.176875
3,24,0.8226307650754103,0.1773692349245896,0.1592256030167788,4.87935
3,25,0.8182481678094405,0.1817518321905594,0.1620095688407276,4.502275
3,26,0.8101731347892702,0.1898268652107297,0.1650809099034874,3.7222
3,27,0.8078995230032827,0.1921004769967172,0.1690803643924465,3.570925
3,28,0.8078995230032827,0.1921004769967172,0.1723386437078945,3.5914
3,29,0.8070109985057479,0.1929890014942521,0.1746860803177949,3.63475
3,30,0.806862726258866,0.1931372737411339,0.1767039896214433,3.6662
3,31,0.806862726258866,0.1931372737411339,0.1783563572176753,3.7207
3,32,0.7989429898036913,0.2010570101963087,0.1797501100012661,2.90265
3,33,0.7989429898036913,0.2010570101963087,0.1827436077050701,2.935025
3,34,0.7989429898036913,0.2010570101963087,0.1848689718309928,2.925775
3,35,0.7960876960636504,0.2039123039363496,0.1864848201722521,2.657375
3,36,0.791517781452255,0.2084822185477449,0.1884423372663832,2.216375
3,37,0.7895761741078925,0.2104238258921075,0.1909819390819537,2.03185
3,38,0.7895761741078925,0.2104238258921075,0.1932526564386401,2.086375
3,39,0.7895761741078925,0.2104238258921075,0.1949101074713742,2.09315
3,40,0.7895761741078925,0.2104238258921075,0.1961964062062677,2.102425
3,41,0.7895761741078925,0.2104238258921075,0.1972519056767082,2.178375
3,42,0.7806585589211116,0.2193414410788884,0.1981586902843347,1.30105
3,43,0.7790117852740024,0.2209882147259976,0.2010813688016164,0.0
3,44,0.7764109608243385,0.2235890391756615,0.2034854012296434,0.0
3,45,0.7764109608243385,0.2235890391756615,0.2058040386948454,0.0
3,46,0.7764109608243385,0.2235890391756615,0.2074424832317852,0.0
3,47,0.7750570742792289,0.2249429257207711,0.2086617675848424,0.0
3,48,0.7717343461357964,0.2282656538642036,0.2099484825700612,0.0
3,49,0.7717343461357964,0.2282656538642036,0.2117541953547634,0.0
3,50,0.7717343461357964,0.2282656538642036,0.2130589805326657,0.0
3,51,0.7706051642977694,0.2293948357022306,0.2140492030269565,0.0
3,52,0.7706051642977694,0.2293948357022306,0.2151196613475222,0.0
3,53,0.7706051642977694,0.2293948357022306,0.2159527613721038,0.0
3,54,0.7686700328040398,0.2313299671959602,0.2166318578934696,0.0
3,55,0.7686700328040398,0.2313299671959602,0.2176977943098499,0.0
3,56,0.7686700328040398,0.2313299671959602,0.2185119094998245,0.0
3,57,0.7652727727860383,0.2347272272139616,0.2191624062596047,0.0
3,58,0.7573756885487639,0.242624311451236,0.220576082135843,0.0
3,59,0.7573756885487639,0.242624311451236,0.2236337078757328,0.0
3,60,0.7573756885487639,0.242624311451236,0.2256987570098131,0.0
3,61,0.7573756885487639,0.242624311451236,0.2271308278107978,0.0
3,62,0.7573756885487639,0.242624311451236,0.2281562741048364,0.0
3,63,0.7541219643484931,0.2458780356515069,0.22891807400487,0.0
3,64,0.751604327062832,0.248395672937168,0.2303657526491416,0.0
3,65,0.751604327062832,0.248395672937168,0.2320610257595853,0.0
3,66,0.7505306727362587,0.2494693272637412,0.2332466717791011,0.0
3,67,0.7505306727362587,0.2494693272637412,0.2343876209940661,0.0
3,68,0.7460333247790186,0.2539666752209814,0.2352098053335678,0.0
3,69,0.7449958622342044,0.2550041377657955,0.2370361255359581,0.0
3,70,0.7449958622342044,0.2550041377657955,0.2385823986742928,0.0
3,71,0.7449958622342044,0.2550041377657955,0.2396631436560075,0.0
3,72,0.7449958622342044,0.2550041377657955,0.2404372203908663,0.0
3,73,0.7449958622342044,0.2550041377657955,0.2410076804795704,0.0
3,74,0.7449958622342044,0.2550041377657955,0.2414415689817121,0.0
3,75,0.7449958622342044,0.2550041377657955,0.2417826419243228,0.0
3,76,0.7437046180805544,0.2562953819194455,0.2420595545140966,0.0
3,77,0.7437046180805544,0.2562953819194455,0.2426518903208525,0.0
3,78,0.7437046180805544,0.2562953819194455,0.2430901355747731,0.0
3,79,0.7437046180805544,0.2562953819194455,0.2434236528813418,0.0
3,80,0.7437046180805544,0.2562953819194455,0.2436850211212682,0.0
3,81,0.7368181777100192,0.2631818222899807,0.2438958128881611,0.0
3,82,0.7368181777100192,0.2631818222899807,0.2460339053567337,0.0
3,83,0.7362093398538131,0.2637906601461869,0.2474978062528025,0.0
3,84,0.7344411357863304,0.2655588642136696,0.2486842609305843,0.0
4,1,0.965431864863159,0.0345681351368409,0.0,12.346575
4,2,0.9558534857797012,0.0441465142202988,0.0312153814104069,12.0427
4,3,0.9528497448175924,0.0471502551824074,0.0431341575595339,12.158125
4,4,0.9397254501745496,0.0602745498254503,0.0529308975300438,11.4682
4,5,0.9249135271892148,0.075086472810785,0.062227347536936,10.63055
4,6,0.922615553629492,0.0773844463705079,0.0712230158935736,10.678425
4,7,0.9025333350639632,0.0974666649360367,0.0783191625310134,9.340775
4,8,0.9012699352224282,0.0987300647775718,0.0868372347936211,9.480925
4,9,0.8847794304612416,0.1152205695387583,0.0931064054082598,8.401875
4,10,0.8795617373928631,0.1204382626071368,0.1006321893659772,8.114925
4,11,0.8789499729522378,0.1210500270477622,0.1068209958314708,8.26885
4,12,0.865933560858033,0.134066439141967,0.1115397315963973,7.3456
4,13,0.8647875700795064,0.1352124299204936,0.117641835332162,7.413725
4,14,0.8624877238350557,0.1375122761649443,0.12221396858685,7.370525
4,15,0.8556149272038963,0.1443850727961037,0.1261991958077332,6.950525
4,16,0.8556149272038963,0.1443850727961037,0.1306841408111667,7.0927
4,17,0.8505783207830674,0.1494216792169326,0.1340554294373164,6.709775
4,18,0.8505783207830674,0.1494216792169326,0.1377889819486366,6.87475
4,19,0.848499162696744,0.151500837303256,0.1406710953081951,6.85645
4,20,0.843817594850104,0.156182405149896,0.1434831713847856,6.470075
4,21,0.8402836348599351,0.1597163651400649,0.1467377580775038,6.236425
4,22,0.8398630505484164,0.1601369494515836,0.1499571098825037,6.3916
4,23,0.8320395939506849,0.167960406049315,0.1524915212334092,5.718675
4,24,0.8320395939506849,0.167960406049315,0.1561689828193348,5.8553
4,25,0.8320395939506849,0.167960406049315,0.1588048498694634,5.8874
4,26,0.82765014485932,0.17234985514068,0.1608569454326567,5.547075
4,27,0.8225557986461082,0.1774442013538918,0.1635011742609957,5.074025
4,28,0.8225557986461082,0.1774442013538918,0.1666045537582669,5.1917
4,29,0.8225557986461082,0.1774442013538918,0.1688482245589833,5.259575
4,30,0.8202526338096167,0.1797473661903833,0.1705971072261772,5.0848
4,31,0.8156266253696058,0.1843733746303941,0.1725558213167206,4.655975
4,32,0.8125424947638594,0.1874575052361405,0.1751320271757533,4.3838
4,33,0.8111391105964759,0.188860889403524,0.177706963341701,4.29605
4,34,0.8111391105964759,0.188860889403524,0.1798969298929709,4.2882
4,35,0.8102832948824581,0.1897167051175419,0.1815392992689642,4.339175
4,36,0.8080891952151524,0.1919108047848475,0.1830473185220018,4.1346
4,37,0.8044701103523196,0.1955298896476803,0.184771473629547,3.739875
4,38,0.8044701103523196,0.1955298896476803,0.1869410270490517,3.842275
4,39,0.796671786244452,0.203328213755548,0.1885284809393936,2.93545
4,40,0.7940600616881671,0.2059399383118328,0.1915818806174809,2.633825
4,41,0.7940600616881671,0.2059399383118328,0.1942917201861914,2.691475
4,42,0.7926508180346769,0.2073491819653231,0.1961806422565533,2.579275
4,43,0.7926508180346769,0.2073491819653231,0.1979072140151859,2.579825
4,44,0.7922498083321313,0.2077501916678686,0.1991947310765525,2.6012
4,45,0.7915338196519319,0.208466180348068,0.2003058247174064,2.47565
4,46,0.7893359828010272,0.2106640171989727,0.2013782675505957,2.2922
4,47,0.7893359828010272,0.2106640171989727,0.2027795455621151,2.342725
4,48,0.7893359828010272,0.2106640171989727,0.2038413662875771,2.3361
4,49,0.7893359828010272,0.2106640171989727,0.2046883851097646,2.3041
4,50,0.7893359828010272,0.2106640171989727,0.2053960920188358,2.340925
4,51,0.7883645291952924,0.2116354708047075,0.2060105239672237,2.244775
4,52,0.7866884218706577,0.2133115781293423,0.2068019536770717,2.1613
4,53,0.7866884218706577,0.2133115781293423,0.2078744869222597,2.125575
4,54,0.7866884218706577,0.2133115781293423,0.2086972210044745,2.176125
4,55,0.7784618590716256,0.2215381409283744,0.209358311857797,0.0
4,56,0.7783053795838656,0.2216946204161344,0.2120029451006889,0.0
4,57,0.7783053795838656,0.2216946204161344,0.2138437255456298,0.0
4,58,0.7783053795838656,0.2216946204161344,0.2151353573345851,0.0
4,59,0.7755966297477316,0.2244033702522684,0.2160762054461827,0.0
4,60,0.7755966297477316,0.2244033702522684,0.2174922555897575,0.0
4,61,0.7755966297477316,0.2244033702522684,0.2185060920763281,0.0
4,62,0.7746241109444783,0.2253758890555217,0.2192598186561616,0.0
4,63,0.7746241109444783,0.2253758890555217,0.220098795182863,0.0
4,64,0.7746241109444783,0.2253758890555217,0.2207334197641418,0.0
4,65,0.7718386476739284,0.2281613523260716,0.2212328616605249,0.0
4,66,0.7713937057162313,0.2286062942837686,0.2223832963785827,0.0
4,67,0.7713937057162313,0.2286062942837686,0.2233292192688062,0.0
4,68,0.7663388924120351,0.2336611075879648,0.2240208934205833,0.0
4,69,0.7663388924120351,0.2336611075879648,0.2259090840926331,0.0
4,70,0.7663388924120351,0.2336611075879648,0.2272109840586457,0.0
4,71,0.7663388924120351,0.2336611075879648,0.2281285783001832,0.0
4,72,0.7657613242144564,0.2342386757855435,0.2287925427488066,0.0
4,73,0.7657613242144564,0.2342386757855435,0.2294463239697475,0.0
4,74,0.7657613242144564,0.2342386757855435,0.2299322750611331,0.0
4,75,0.7642592142877076,0.2357407857122924,0.2303050861337513,0.0
4,76,0.7642592142877076,0.2357407857122924,0.2310184519323147,0.0
4,77,0.7607959831014472,0.2392040168985527,0.23153699332062,0.0
4,78,0.7595570596651352,0.2404429403348648,0.2328957484007718,0.0
4,79,0.7595570596651352,0.2404429403348648,0.2341887300988684,0.0
4,80,0.7593212955971859,0.2406787044028141,0.2350879839073197,0.0
4,81,0.7553029615396126,0.2446970384603873,0.2357903269307905,0.0
4,82,0.7553029615396126,0.2446970384603873,0.237438305456576,0.0
4,83,0.7517185823617729,0.2482814176382271,0.2385726930735564,0.0
4,84,0.7508100644721968,0.2491899355278032,0.2403921015874734,0.0
5,1,0.9966298040097974,0.0033701959902026,0.0,14.778875
5,2,0.9721189338519002,0.0278810661480998,0.0312153814104069,13.322125
5,3,0.9671518612783676,0.0328481387216323,0.0439320429648711,13.2197
5,4,0.9595081730289232,0.0404918269710767,0.054320788738296,13.0218
5,5,0.9449011659240716,0.0550988340759283,0.0634164730439384,12.176775
5,6,0.9213800273055582,0.0786199726944417,0.0723819883347593,10.5216
5,7,0.9213800273055582,0.0786199726944417,0.0822558641479541,10.839725
5,8,0.9213800273055582,0.0786199726944417,0.0892217167894378,11.177075
5,9,0.9041973926293002,0.0958026073706997,0.0947277861094736,9.97485
5,10,0.8988811979602923,0.1011188020397076,0.1020776408716662,9.757575
5,11,0.8918334447115033,0.1081665552884967,0.1082356145670586,9.349
5,12,0.8880849126809354,0.1119150873190646,0.1140609765295903,9.341025
5,13,0.8814561007715994,0.1185438992284005,0.1190785809008357,8.849725
5,14,0.8770865207633336,0.1229134792366664,0.1241535494374446,8.7138
5,15,0.8718820057703539,0.1281179942296461,0.1287782273271621,8.418
5,16,0.8681175644677399,0.1318824355322601,0.1332830781683571,8.2186
5,17,0.8681175644677399,0.1318824355322601,0.1374051581540364,8.33165
5,18,0.8638265187749313,0.1361734812250686,0.1405614490512874,8.12475
5,19,0.8628855265736085,0.1371144734263915,0.1440178500385144,8.145825
5,20,0.8628855265736085,0.1371144734263915,0.1469166075136358,8.395
5,21,0.848433491312952,0.151566508687048,0.1492943614552873,7.0583
5,22,0.8414409000976205,0.1585590999023794,0.1542954637357383,6.47325
5,23,0.8342295576508917,0.1657704423491083,0.1591358614638798,5.911125
5,24,0.8299940650918058,0.1700059349081941,0.1639364382253953,5.6193
5,25,0.8299940650918058,0.1700059349081941,0.1680929418875809,5.6667
5,26,0.8278792129511082,0.1721207870488917,0.1710010104839965,5.58095
5,27,0.8278792129511082,0.1721207870488917,0.1736625794431459,5.63985
5,28,0.8278792129511082,0.1721207870488917,0.1757149913602182,5.7013
5,29,0.8278792129511082,0.1721207870488917,0.177407566706263,5.88025
5,30,0.8256774306106731,0.1743225693893269,0.1788753811734806,5.73685
5,31,0.8255091218583618,0.1744908781416382,0.1806773044909552,5.8032
5,32,0.82200487159795,0.17799512840205,0.182198691408756,5.45395
5,33,0.82200487159795,0.17799512840205,0.1842856958480931,5.532125
5,34,0.8198982527269671,0.1801017472730328,0.1858967374911286,5.421025
5,35,0.8123221103347693,0.1876778896652307,0.187695396571177,4.5836
5,36,0.8111890885420902,0.1888109114579098,0.1908350913130223,4.459825
5,37,0.8094756251847696,0.1905243748152304,0.1932795144363049,4.364925
5,38,0.8094756251847696,0.1905243748152304,0.1954461194573328,4.458025
5,39,0.8094756251847696,0.1905243748152304,0.197046070691716,4.471925
5,40,0.8021782366086639,0.197821763391336,0.1983017861139904,3.6699
5,41,0.8021782366086639,0.197821763391336,0.2010540357809604,3.695925
5,42,0.7985437171464889,0.2014562828535111,0.2029777559821806,3.220275
5,43,0.7985437171464889,0.2014562828535111,0.2052622525083954,3.3164
5,44,0.7985437171464889,0.2014562828535111,0.2068946483330927,3.4088
5,45,0.7985437171464889,0.2014562828535111,0.2081270307962954,3.4131
5,46,0.7967223710931246,0.2032776289068754,0.2091090987018007,3.215425
5,47,0.7933089836214561,0.2066910163785439,0.2103722329902703,2.767875
5,48,0.7921793172213426,0.2078206827786574,0.2121898442601623,2.72
5,49,0.7915139578453996,0.2084860421546004,0.2137858069650235,2.628875
5,50,0.7915139578453996,0.2084860421546004,0.215127225505136,2.67735
5,51,0.7893827155826653,0.2106172844173347,0.2161418802517507,2.42575
5,52,0.7816793389053628,0.2183206610946372,0.2174787940832166,1.557325
5,53,0.7802900125794842,0.2197099874205158,0.2204081228224663,1.446175
5,54,0.7802900125794842,0.2197099874205158,0.2227495651426747,1.4046
5,55,0.7786401980783951,0.2213598019216048,0.2243722582414364,0.0
5,56,0.775411358734464,0.224588641265536,0.2259600786451696,0.0
5,57,0.7750920701209091,0.2249079298790909,0.2279277345437731,0.0
5,58,0.7735191968085832,0.2264808031914168,0.2293899360302032,0.0
5,59,0.7723520119393692,0.2276479880606308,0.230852609184968,0.0
5,60,0.7723520119393692,0.2276479880606308,0.2322091712267144,0.0
5,61,0.7713201976978454,0.2286798023021545,0.2331925224975661,0.0
5,62,0.7680897010291924,0.2319102989708076,0.2342036676894502,0.0
5,63,0.7651833289478912,0.2348166710521088,0.2358078799631186,0.0
5,64,0.7620291268609499,0.23797087313905,0.2377086512024501,0.0
5,65,0.7620291268609499,0.23797087313905,0.2398678901451341,0.0
5,66,0.7620291268609499,0.23797087313905,0.2413564797571901,0.0
5,67,0.7620291268609499,0.23797087313905,0.2424094164143967,0.0
5,68,0.7620291268609499,0.23797087313905,0.2431772022407493,0.0
5,69,0.7612461886712002,0.2387538113287998,0.2437565290272241,0.0
5,70,0.7612461886712002,0.2387538113287998,0.2444220293789651,0.0
5,71,0.7612461886712002,0.2387538113287998,0.244928347431757,0.0
5,72,0.7612461886712002,0.2387538113287998,0.2453272895438183,0.0
5,73,0.7591308431894186,0.2408691568105814,0.2456525457868074,0.0
5,74,0.7586544849523094,0.2413455150476906,0.2465096969789104,0.0
5,75,0.7586544849523094,0.2413455150476906,0.2472631591230114,0.0
5,76,0.7586544849523094,0.2413455150476906,0.247813888187668,0.0
5,77,0.7586544849523094,0.2413455150476906,0.2482280247008563,0.0
5,78,0.7585477469614789,0.2414522530385211,0.2485490151696968,0.0
5,79,0.7570474051719082,0.2429525948280918,0.2488355567892647,0.0
5,80,0.7566429911799987,0.2433570088200013,0.2494908483550824,0.0
5,81,0.7559278056034522,0.2440721943965478,0.2500803520791665,0.0
5,82,0.7481450217118425,0.2518549782881575,0.2507129907031425,0.0
5,83,0.7481450217118425,0.2518549782881575,0.2533966690548219,0.0
5,84,0.7383088012211131,0.2616911987788869,0.2552276608023053,0.0
6,1,0.9820945154198734,0.0179054845801266,0.0,13.609425
6,2,0.967408499778888,0.0325915002211121,0.0312153814104069,12.8706
6,3,0.944616972893701,0.055383027106299,0.043407073086133,11.4603
6,4,0.9188959650563788,0.0811040349436211,0.0548972725703612,9.881125
6,5,0.9099674009702008,0.0900325990297993,0.0662369591584916,9.420125
6,6,0.9099674009702008,0.0900325990297993,0.0755816661598223,9.6457
6,7,0.9034239051452522,0.0965760948547478,0.0827181906542584,9.436925
6,8,0.8971019512607629,0.1028980487392371,0.0895120139034611,9.1838
6,9,0.8819980835802893,0.1180019164197107,0.0959019224264617,8.194675
6,10,0.8800750299650576,0.1199249700349424,0.1033282613498927,8.17825
6,11,0.8800750299650576,0.1199249700349424,0.1089871400992606,8.368475
6,12,0.8666320555211793,0.1333679444788207,0.1134037838084527,7.375775
6,13,0.8614682059872485,0.1385317940127515,0.1194715881106657,7.097025
6,14,0.8516983442620175,0.1483016557379824,0.1247741748902227,6.4208
6,15,0.8502456489050848,0.1497543510949152,0.1305055072870146,6.44365
6,16,0.8378377209859548,0.1621622790140452,0.1348548669029419,5.49055
6,17,0.8378377209859548,0.1621622790140452,0.1405629660992968,5.5805
6,18,0.8378377209859548,0.1621622790140452,0.1445270869569515,5.699
6,19,0.8304862568280938,0.1695137431719061,0.1475741233360465,5.180575
6,20,0.8139682321054504,0.1860317678945495,0.1515641788641971,3.702425
6,21,0.8051520985796176,0.1948479014203824,0.1578530978162436,3.010825
6,22,0.8048729875658124,0.1951270124341876,0.1637805032901986,2.983525
6,23,0.8048729875658124,0.1951270124341876,0.1677735904757328,3.06065
6,24,0.8038036665447557,0.1961963334552443,0.1706691802069793,3.0306
6,25,0.8038036665447557,0.1961963334552443,0.173174343992394,3.08105
6,26,0.8007281235676301,0.1992718764323698,0.1752132754277453,2.793
6,27,0.7986320123187124,0.2013679876812876,0.1776231193492263,2.64145
6,28,0.7907739244115642,0.2092260755884357,0.180001882287217,1.911825
6,29,0.7907739244115642,0.2092260755884357,0.1835909938163764,1.91985
6,30,0.7907739244115642,0.2092260755884357,0.1861318529597418,1.959375
6,31,0.7868270581643695,0.2131729418356305,0.1880706318275744,1.623275
6,32,0.7845495569521628,0.2154504430478372,0.1905253381916738,1.44445
6,33,0.7836938408052232,0.2163061591947768,0.1928887063485505,1.3831
6,34,0.7836938408052232,0.2163061591947768,0.1948693355402593,1.400925
6,35,0.7836938408052232,0.2163061591947768,0.1964233365508408,1.39875
6,36,0.7817659551187709,0.2182340448812291,0.1977153956485036,1.3066
6,37,0.7799074900020683,0.2200925099979317,0.1992807127171222,0.0
6,38,0.7769089126703782,0.2230910873296218,0.2009775621780417,0.0
6,39,0.7744772582576661,0.2255227417423339,0.2030058330757911,0.0
6,40,0.7687789119070052,0.2312210880929948,0.205090919117058,0.0
6,41,0.7661875590601955,0.2338124409398044,0.2079703289483394,0.0
6,42,0.7625686650040779,0.237431334995922,0.2105909925597964,0.0
6,43,0.7594924568383982,0.2405075431616018,0.213299315268321,0.0
6,44,0.7594924568383982,0.2405075431616018,0.2159308803586316,0.0
6,45,0.7577841485888334,0.2422158514111666,0.2177776628253026,0.0
6,46,0.7577841485888334,0.2422158514111666,0.2195555458723141,0.0
6,47,0.7550528168037132,0.2449471831962868,0.2208726856197387,0.0
6,48,0.7539937925610315,0.2460062074389685,0.2225675664772768,0.0
6,49,0.7539937925610315,0.2460062074389685,0.2240808094278336,0.0
6,50,0.7512278439096391,0.2487721560903608,0.2252165924950715,0.0
6,51,0.7485173765223693,0.2514826234776307,0.2267981718150628,0.0
6,52,0.7485173765223693,0.2514826234776307,0.2286398343837289,0.0
6,53,0.7485173765223693,0.2514826234776307,0.2299635749398127,0.0
6,54,0.7471299708882553,0.2528700291117447,0.2309594661117585,0.0
6,55,0.7471299708882553,0.2528700291117447,0.2320954280432317,0.0
6,56,0.7471299708882553,0.2528700291117447,0.2329630892565936,0.0
6,57,0.7471299708882553,0.2528700291117447,0.2336564202076057,0.0
6,58,0.742433143506145,0.257566856493855,0.2342340298148013,0.0
6,59,0.742171168023707,0.257828831976293,0.2359437669109204,0.0
6,60,0.742171168023707,0.257828831976293,0.237225716494758,0.0
6,61,0.740493412428089,0.259506587571911,0.2381640100171889,0.0
6,62,0.7351206342208032,0.2648793657791968,0.2393176576782084,0.0
6,63,0.7332893549439419,0.2667106450560581,0.2415785089515818,0.0
6,64,0.7332893549439419,0.2667106450560581,0.243620305815858,0.0
6,65,0.7332893549439419,0.2667106450560581,0.2450364679203663,0.0
6,66,0.7332163350194527,0.2667836649805473,0.2460467056666516,0.0
6,67,0.7332163350194527,0.2667836649805473,0.246810912551471,0.0
6,68,0.7267762297476134,0.2732237702523866,0.247392664575512,0.0
6,69,0.7214944883830308,0.2785055116169692,0.2495909091673996,0.0
6,70,0.7166001520805746,0.2833998479194254,0.2525346780900849,0.0
6,71,0.7166001520805746,0.2833998479194254,0.2558665638918722,0.0
6,72,0.7155800384334744,0.2844199615665256,0.2581208475616517,0.0
6,73,0.7155800384334744,0.2844199615665256,0.2599485853042556,0.0
6,74,0.7127890226326995,0.2872109773673005,0.2612148530000722,0.0
6,75,0.7127136052302289,0.2872863947697711,0.2628828586466639,0.0
6,76,0.7113334972678887,0.2886665027321112,0.2640625417466303,0.0
6,77,0.7113334972678887,0.2886665027321112,0.2652821557579257,0.0
6,78,0.7113334972678887,0.2886665027321112,0.2661409941952335,0.0
6,79,0.706971645078112,0.2930283549218879,0.2667582362392987,0.0
6,80,0.706971645078112,0.2930283549218879,0.2684461316826466,0.0
6,81,0.706971645078112,0.2930283549218879,0.2696130168979154,0.0
6,82,0.706971645078112,0.2930283549218879,0.2704306192620633,0.0
6,83,0.7038451861758581,0.2961548138241419,0.2710127533163039,0.0
6,84,0.7038451861758581,0.2961548138241419,0.2723335932313999,0.0
7,1,0.9805641747120648,0.019435825287935,0.0,13.566025
7,2,0.9773125436174354,0.0226874563825646,0.0312153814104069,13.686475
7,3,0.9463465045007684,0.0536534954992315,0.0427961014469691,11.613225
7,4,0.9463465045007684,0.0536534954992315,0.0545878050526792,11.9968
7,5,0.9304168173028496,0.0695831826971504,0.0634891039851501,11.00225
7,6,0.921739288659472,0.0782607113405281,0.0725363097959178,10.619925
7,7,0.9208659205733616,0.0791340794266383,0.0805353906976391,10.76095
7,8,0.9104344877183144,0.0895655122816855,0.0868035208208376,10.248825
7,9,0.9028825556605364,0.0971174443394634,0.0935113162889013,9.83245
7,10,0.8856184109849122,0.1143815890150877,0.0998239934755943,8.61115
7,11,0.8803670218502071,0.1196329781497929,0.1074491576358811,8.4148
7,12,0.8803670218502071,0.1196329781497929,0.1136075671563138,8.603475
7,13,0.8731846452072866,0.1268153547927134,0.1181123699682791,8.1822
7,14,0.8545794903397561,0.1454205096602439,0.1230369565620606,6.72195
7,15,0.8545794903397561,0.1454205096602439,0.1301937930472718,6.8463
7,16,0.8521187253520038,0.1478812746479961,0.1349501307530817,6.7579
7,17,0.8521187253520038,0.1478812746479961,0.1389611881111264,6.929675
7,18,0.844463218144545,0.155536781855455,0.1420754652947715,6.3316
7,19,0.8411699311794179,0.1588300688205821,0.1461824681853934,6.177775
7,20,0.8342527616778023,0.1657472383221977,0.1498926977369238,5.6059
7,21,0.8326341808996062,0.1673658191003938,0.1540961100027922,5.5019
7,22,0.8302839423912114,0.1697160576087886,0.1574579637907432,5.425125
7,23,0.8282486095635848,0.1717513904364151,0.1605018916844878,5.31045
7,24,0.8252369372060121,0.1747630627939879,0.163284299665437,5.0849
7,25,0.8217666279517872,0.1782333720482127,0.1661043209276551,4.872525
7,26,0.8138887342983067,0.1861112657016933,0.1690184816496932,4.173725
7,27,0.8112383233826517,0.1887616766173483,0.172905037428717,3.9269
7,28,0.8099357330850726,0.1900642669149274,0.1761955912894081,3.823275
7,29,0.8099357330850726,0.1900642669149274,0.1788553817297949,3.923775
7,30,0.8040963328625826,0.1959036671374173,0.1808653761350147,3.3235
7,31,0.8022538718035882,0.1977461281964118,0.1837765434210757,3.19555
7,32,0.7983267030019704,0.2016732969980296,0.1863023516607353,2.804875
7,33,0.7957454883129915,0.2042545116870084,0.1890638036535467,2.565925
7,34,0.7957454883129915,0.2042545116870084,0.1916506273279643,2.626325
7,35,0.7957454883129915,0.2042545116870084,0.1935461490431816,2.61
7,36,0.7933817189234373,0.2066182810765626,0.1950298635360132,2.455925
7,37,0.7858234358166815,0.2141765641833185,0.1968013312612205,1.675025
7,38,0.7858234358166815,0.2141765641833185,0.1999274390970958,1.70065
7,39,0.7849594542616103,0.2150405457383897,0.2020986291890571,1.639425
7,40,0.7849594542616103,0.2150405457383897,0.2039011096564496,1.648825
7,41,0.7849594542616103,0.2150405457383897,0.2052743808603862,1.65825
7,42,0.7814015698491992,0.2185984301508008,0.2063819044870659,1.37425
7,43,0.7773173554749553,0.2226826445250447,0.2081639090174982,0.0
7,44,0.7773173554749553,0.2226826445250447,0.2104723219851426,0.0
7,45,0.7750814865243286,0.2249185134756713,0.2121173772322332,0.0
7,46,0.7742147846027594,0.2257852153972406,0.2138938028400815,0.0
7,47,0.7742147846027594,0.2257852153972406,0.2154142883143449,0.0
7,48,0.7742147846027594,0.2257852153972406,0.2165617738976291,0.0
7,49,0.7695070246528218,0.2304929753471781,0.2174735602550788,0.0
7,50,0.7685678213050392,0.2314321786949608,0.2193932933133823,0.0
7,51,0.7648721643741453,0.2351278356258547,0.2210019422167528,0.0
7,52,0.7648721643741453,0.2351278356258547,0.2231010533021824,0.0
7,53,0.7578767314551177,0.2421232685448823,0.2245807974091931,0.0
7,54,0.7578767314551177,0.2421232685448823,0.2274303101297437,0.0
7,55,0.7569133904289244,0.2430866095710756,0.2293746845704846,0.0
7,56,0.7569133904289244,0.2430866095710756,0.2309936065253045,0.0
7,57,0.7569133904289244,0.2430866095710756,0.2321594805842051,0.0
7,58,0.7497050843713913,0.2502949156286087,0.2330351037927302,0.0
7,59,0.7494789462339663,0.2505210537660337,0.2355808158747984,0.0
7,60,0.7475641856540686,0.2524358143459314,0.2373851558944583,0.0
7,61,0.7475641856540686,0.2524358143459314,0.2391552593731226,0.0
7,62,0.7443620990997649,0.2556379009002351,0.2404027507574952,0.0
7,63,0.7443620990997649,0.2556379009002351,0.2421539349649313,0.0
7,64,0.7436804054733323,0.2563195945266677,0.2433847797322245,0.0
7,65,0.7436804054733323,0.2563195945266677,0.2444587028936622,0.0
7,66,0.7436804054733323,0.2563195945266677,0.2452474818331017,0.0
7,67,0.7431985717680019,0.2568014282319981,0.2458483461132108,0.0
7,68,0.7431985717680019,0.2568014282319981,0.2464531684771494,0.0
7,69,0.7431985717680019,0.2568014282319981,0.246927455708133,0.0
7,70,0.7429544543895249,0.2570455456104751,0.2473130760148811,0.0
7,71,0.7399582772353558,0.2600417227646442,0.2477036464902708,0.0
7,72,0.7399582772353558,0.2600417227646442,0.2488470131246173,0.0
7,73,0.7399582772353558,0.2600417227646442,0.2496622607374175,0.0
7,74,0.7358236412315501,0.2641763587684499,0.2502594119114115,0.0
7,75,0.7343912846981321,0.2656087153018679,0.2518557053231205,0.0
7,76,0.7303304621899042,0.2696695378100958,0.2533631524483434,0.0
7,77,0.7303304621899042,0.2696695378100958,0.2555467092923058,0.0
7,78,0.7303304621899042,0.2696695378100958,0.2570436126536292,0.0
7,79,0.7303304621899042,0.2696695378100958,0.2580836614016428,0.0
7,80,0.7303304621899042,0.2696695378100958,0.2588182052244079,0.0
7,81,0.7297420260240175,0.2702579739759825,0.2593471614425268,0.0
7,82,0.7203606888186385,0.2796393111813615,0.259904436080576,0.0
7,83,0.7203606888186385,0.2796393111813615,0.2629963972501851,0.0
7,84,0.7180548149284309,0.281945185071569,0.2651025844354412,0.0
8,1,1.0,0.0,0.0,15.0467
8,2,1.0,0.0,0.0312153814104069,15.465
8,3,0.9966648673165978,0.0033351326834022,0.0426223575631783,15.671475
8,4,0.994144197213294,0.0058558027867059,0.0521634290866369,15.848975
8,5,0.994144197213294,0.0058558027867059,0.0602580254610649,16.2689
8,6,0.9836830788964588,0.0163169211035413,0.0669676386309904,15.7657
8,7,0.9764898672489888,0.0235101327510111,0.0740207193786129,15.550425
8,8,0.966953861416675,0.0330461385833249,0.0805575691110306,15.131875
8,9,0.964843096644913,0.035156903355087,0.0870595593423596,15.151
8,10,0.9647111236147492,0.0352888763852509,0.0922701617963851,15.62865
8,11,0.9547279456611238,0.0452720543388761,0.0964444012917817,15.075775
8,12,0.9516167913860492,0.0483832086139507,0.1016816506908147,15.186475
8,13,0.9448015590542524,0.0551984409457476,0.1061342967253542,14.639675
8,14,0.9448015590542524,0.0551984409457476,0.1108116214213433,15.02325
8,15,0.9378076745354544,0.0621923254645455,0.1142922296835018,14.693875
8,16,0.9368622704249208,0.0631377295750793,0.1184366187482617,14.889625
8,17,0.9363783042025092,0.0636216957974907,0.121710898405114,15.103675
8,18,0.933293135938586,0.066706864061414,0.1244144798502267,15.1338
8,19,0.9272583537715052,0.0727416462284947,0.1272888377879209,14.727
8,20,0.9214055200135508,0.0785944799864492,0.1307941261228942,14.545575
8,21,0.9180400751048836,0.0819599248951163,0.1345622857999229,14.298975
8,22,0.9172371956593944,0.0827628043406055,0.1379457319791668,14.423925
8,23,0.9110994782035928,0.0889005217964072,0.1405835348594787,14.052725
8,24,0.9110994782035928,0.0889005217964072,0.1439099400771628,14.2472
8,25,0.9094831564371127,0.0905168435628872,0.1463056002869562,14.434
8,26,0.9062134393293868,0.0937865606706132,0.1485203229764507,14.1976
8,27,0.9062134393293868,0.0937865606706132,0.1509685965219599,14.481125
8,28,0.9052318852504432,0.0947681147495567,0.1528264740741666,14.604775
8,29,0.9037230094031424,0.0962769905968574,0.1545514557945443,14.6665
8,30,0.9037230094031424,0.0962769905968574,0.1562988918587513,14.99535
8,31,0.9037230094031424,0.0962769905968574,0.1577106279247755,15.0511
8,32,0.8980373473791659,0.1019626526208341,0.1589152093922425,14.721225
8,33,0.8980373473791659,0.1019626526208341,0.161252493165536,15.010675
8,34,0.8938358205182713,0.1061641794817287,0.1629541536799968,14.476725
8,35,0.8938358205182713,0.1061641794817287,0.16522950776477,14.908325
8,36,0.8938358205182713,0.1061641794817287,0.166876030131315,15.028025
8,37,0.8938358205182713,0.1061641794817287,0.1681478435620915,15.1921
8,38,0.8938358205182713,0.1061641794817287,0.1691897075888827,15.551675
8,39,0.8926526599327415,0.1073473400672585,0.1700849054922024,15.6058
8,40,0.8926526599327415,0.1073473400672585,0.1711578199737456,15.71835
8,41,0.8873761141660953,0.1126238858339047,0.1720494060136884,15.155175
8,42,0.8814007402632944,0.1185992597367056,0.1740679540598713,14.528725
8,43,0.8814007402632944,0.1185992597367056,0.1769262750643702,14.732975
8,44,0.8806489265191747,0.1193510734808253,0.1788682333576575,14.8925
8,45,0.8749844170841915,0.1250155829158085,0.1804347061261124,14.27205
8,46,0.8749844170841915,0.1250155829158085,0.1829550940150976,14.451
8,47,0.8749844170841915,0.1250155829158085,0.184685463329069,14.490375
8,48,0.874657371250897,0.1253426287491029,0.185930239257576,14.7326
8,49,0.8736605820122829,0.126339417987717,0.1869526058079005,14.82215
8,50,0.8736605820122829,0.126339417987717,0.1879979625196778,14.870025
8,51,0.8736245468916836,0.1263754531083164,0.1888061958138644,15.1356
8,52,0.869711589936439,0.1302884100635609,0.1894708444498722,14.6575
8,53,0.869711589936439,0.1302884100635609,0.1910110018076423,14.98975
8,54,0.8684593607281316,0.1315406392718684,0.1921134685895254,14.8029
8,55,0.8684593607281316,0.1315406392718684,0.1932549654620528,14.802625
8,56,0.8643807010125913,0.1356192989874086,0.19410042262338,14.339725
8,57,0.8643807010125913,0.1356192989874086,0.1957969444113756,14.664725
8,58,0.8643807010125913,0.1356192989874086,0.1969865867200464,14.7722
8,59,0.8625055012502801,0.1374944987497198,0.1978524883461643,14.621425
8,60,0.859768035722019,0.140231964277981,0.1989951403469263,14.34535
8,61,0.8586198203143541,0.1413801796856458,0.200537756354687,14.203325
8,62,0.8586198203143541,0.1413801796856458,0.2019214330959468,14.264025
8,63,0.8586198203143541,0.1413801796856458,0.2029010721598445,14.51515
8,64,0.8586198203143541,0.1413801796856458,0.2036187406553683,14.754975
8,65,0.857355662802939,0.142644337197061,0.2041647346830302,14.57865
8,66,0.8509016543304053,0.1490983456695946,0.2049334079188513,13.546925
8,67,0.8509016543304053,0.1490983456695946,0.2072334968416409,13.710275
8,68,0.8509016543304053,0.1490983456695946,0.2087992568998234,13.7844
8,69,0.8487898794420184,0.1512101205579815,0.2098869376843006,13.603075
8,70,0.8487898794420184,0.1512101205579815,0.211234102389822,13.722225
8,71,0.8476009492747281,0.1523990507252719,0.2121766633802075,13.734025
8,72,0.846540631225596,0.153459368774404,0.2131778389772332,13.512675
8,73,0.846540631225596,0.153459368774404,0.214181762610315,13.590975
8,74,0.846540631225596,0.153459368774404,0.2148945570028769,13.8378
8,75,0.846540631225596,0.153459368774404,0.2154136237274777,13.94055
8,76,0.846540631225596,0.153459368774404,0.2158026098401925,13.8222
8,77,0.846540631225596,0.153459368774404,0.2161032270821657,14.322275
8,78,0.8456451725485815,0.1543548274514184,0.2163428986475734,14.1967
8,79,0.8456451725485815,0.1543548274514184,0.21679195967983,14.3467
8,80,0.8456451725485815,0.1543548274514184,0.2171260444242311,14.5345
8,81,0.8426082124466071,0.1573917875533929,0.2173814291643276,13.7619
8,82,0.8426082124466071,0.1573917875533929,0.2184480938342949,14.004625
8,83,0.8397421178790058,0.1602578821209942,0.2191905384260715,13.56625
8,84,0.8332954214909328,0.1667045785090671,0.2205381435076986,12.55495
9,1,0.9812053527722048,0.0187946472277951,0.0,13.5411
9,2,0.9625732982358756,0.0374267017641244,0.0312153814104069,12.545175
9,3,0.9539351818655306,0.0460648181344693,0.0436179211507856,12.217375
9,4,0.929242060860926,0.0707579391390741,0.0541202064052269,10.66405
9,5,0.9256940583884976,0.0743059416115023,0.0649191182549413,10.653675
9,6,0.9020724074763048,0.0979275925236952,0.0733573458151634,9.11905
9,7,0.8916930229220524,0.1083069770779475,0.0830808385395745,8.48965
9,8,0.8771387337169932,0.1228612662830067,0.0914720149655303,7.58885
9,9,0.8712059083790225,0.1287940916209775,0.0998147248484108,7.319825
9,10,0.8712059083790225,0.1287940916209775,0.1067201985591308,7.441075
9,11,0.8681323737181481,0.1318676262818519,0.1119055037066277,7.34975
9,12,0.8574966349231476,0.1425033650768523,0.1166856286026654,6.648675
9,13,0.851398065424327,0.1486019345756729,0.122475666241281,6.294025
9,14,0.8390264381676772,0.1609735618323228,0.1278572052669081,5.377525
9,15,0.8330390051454665,0.1669609948545335,0.134139363030834,4.989125
9,16,0.8330390051454665,0.1669609948545335,0.1396390111225391,5.09105
9,17,0.827743779081023,0.1722562209189769,0.1435851234540912,4.697575
9,18,0.8205831019418538,0.1794168980581462,0.1477300995249277,4.179375
9,19,0.8146103683466822,0.1853896316533178,0.1522967526923741,3.69465
9,20,0.8141510751897864,0.1858489248102136,0.1568132641700763,3.72415
9,21,0.8068648645981781,0.1931351354018219,0.1601721189286961,3.12405
9,22,0.8003684907731147,0.1996315092268853,0.1642835874698278,2.5996
9,23,0.8003684907731147,0.1996315092268853,0.1686071166367596,2.665425
9,24,0.7945801593635863,0.2054198406364137,0.1716813050097822,2.120025
9,25,0.79201475327756,0.20798524672244,0.1752752064806091,1.92105
9,26,0.7856996318494733,0.2143003681505266,0.1784513413026608,1.406725
9,27,0.7817949345284757,0.2182050654715243,0.1821817388736104,1.1548
9,28,0.7788573647488035,0.2211426352511964,0.1856882009337496,0.0
9,29,0.7735683405857455,0.2264316594142544,0.1888516823025352,0.0
9,30,0.7735683405857455,0.2264316594142544,0.1923262236357169,0.0
9,31,0.7661078227797686,0.2338921772202313,0.1948051179591077,0.0
9,32,0.7661078227797686,0.2338921772202313,0.1983601737211432,0.0
9,33,0.763939688319261,0.236060311680739,0.2008591564562113,0.0
9,34,0.763939688319261,0.236060311680739,0.2032300926455179,0.0
9,35,0.7595562030412252,0.2404437969587748,0.2050262434821909,0.0
9,36,0.7557807736889459,0.244219226311054,0.2074728446451791,0.0
9,37,0.7557807736889459,0.244219226311054,0.2101507383037978,0.0
9,38,0.7557807736889459,0.244219226311054,0.2120889919121391,0.0
9,39,0.7557807736889459,0.244219226311054,0.2135826234679979,0.0
9,40,0.7538457452627915,0.2461542547372085,0.2148016513265496,0.0
9,41,0.7421412071605676,0.2578587928394323,0.2162988479765806,0.0
9,42,0.7421412071605676,0.2578587928394323,0.2202573228657458,0.0
9,43,0.7391684234439007,0.2608315765560993,0.2229209923863708,0.0
9,44,0.7362806799514167,0.2637193200485833,0.2255131136079843,0.0
9,45,0.7349461091000732,0.2650538908999268,0.2280404470164998,0.0
9,46,0.7349461091000732,0.2650538908999268,0.2301525743730021,0.0
9,47,0.7349461091000732,0.2650538908999268,0.2316846117032182,0.0
9,48,0.7349461091000732,0.2650538908999268,0.2328556042632313,0.0
9,49,0.7349461091000732,0.2650538908999268,0.2337974258825833,0.0
9,50,0.7298105503528961,0.2701894496471039,0.2345899717191138,0.0
9,51,0.7298105503528961,0.2701894496471039,0.2365545645771941,0.0
9,52,0.7288625721603962,0.2711374278396038,0.2379667491060192,0.0
9,53,0.7288625721603962,0.2711374278396038,0.2392676319192077,0.0
9,54,0.7288625721603962,0.2711374278396038,0.2402560797697626,0.0
9,55,0.7204969312913887,0.2795030687086113,0.2410430241079087,0.0
9,56,0.7156026410715771,0.2843973589284229,0.243823077001838,0.0
9,57,0.7132186953036092,0.2867813046963908,0.2469791227419214,0.0
9,58,0.711264789213795,0.288735210786205,0.2497341915957109,0.0
9,59,0.7087804062958566,0.2912195937041434,0.2521267988495731,0.0
9,60,0.7087804062958566,0.2912195937041434,0.2544276638761817,0.0
9,61,0.7087804062958566,0.2912195937041434,0.2560247682785718,0.0
9,62,0.7087804062958566,0.2912195937041434,0.2571696962807535,0.0
9,63,0.7087804062958566,0.2912195937041434,0.2580213660112474,0.0
9,64,0.7087804062958566,0.2912195937041434,0.2586805271907906,0.0
9,65,0.6994301708890363,0.3005698291109637,0.2592113018684364,0.0
9,66,0.6994301708890363,0.3005698291109637,0.2621454355815547,0.0
9,67,0.6994301708890363,0.3005698291109637,0.2641427277803532,0.0
9,68,0.6994301708890363,0.3005698291109637,0.2655314702316581,0.0
9,69,0.6974725485489555,0.3025274514510445,0.2665224153740786,0.0
9,70,0.6974725485489555,0.3025274514510445,0.2677820979411641,0.0
9,71,0.697246160487874,0.302753839512126,0.268683863577669,0.0
9,72,0.697246160487874,0.302753839512126,0.2694104719745227,0.0
9,73,0.6950381554591579,0.3049618445408421,0.2699572037579755,0.0
9,74,0.6950381554591579,0.3049618445408421,0.2709916172918187,0.0
9,75,0.6950381554591579,0.3049618445408421,0.2717356166319599,0.0
9,76,0.6950381554591579,0.3049618445408421,0.2722852931432609,0.0
9,77,0.6950381554591579,0.3049618445408421,0.2727035991427491,0.0
9,78,0.6950381554591579,0.3049618445408421,0.2730319012459263,0.0
9,79,0.6881937973360278,0.3118062026639722,0.2732974727776985,0.0
9,80,0.6881937973360278,0.3118062026639722,0.275454225383017,0.0
9,81,0.6881937973360278,0.3118062026639722,0.276935181831178,0.0
9,82,0.6881937973360278,0.3118062026639722,0.2779638670356014,0.0
9,83,0.686736124969814,0.313263875030186,0.2786884016299556,0.0
9,84,0.686736124969814,0.313263875030186,0.2796261049506063,0.0
10,1,0.9958478847456528,0.0041521152543472,0.0,14.686525
10,2,0.991952306559161,0.0080476934408389,0.0312153814104069,14.854525
10,3,0.9825872186521072,0.0174127813478929,0.042830509368852,14.5201
10,4,0.959492225835,0.0405077741649999,0.0529563792282758,12.9798
10,5,0.9446582274336456,0.0553417725663544,0.0633606901031763,12.11845
10,6,0.9422722186822312,0.0577277813177689,0.072853463157359,12.31295
10,7,0.9422722186822312,0.0577277813177689,0.0802314255754414,12.578225
10,8,0.935763777208534,0.064236222791466,0.0861148787982961,12.390125
10,9,0.9211540616137024,0.0788459383862977,0.0920554688250904,11.299775
10,10,0.9177599132160106,0.0822400867839894,0.0991194882747308,11.297275
10,11,0.9099853562688808,0.0900146437311191,0.1047766024407625,10.90635
10,12,0.9058514438270592,0.0941485561729407,0.1104426340466408,10.873125
10,13,0.9022196219894344,0.0977803780105656,0.1154010339060035,10.746275
10,14,0.8988949481155765,0.1011050518844235,0.1198615823176689,10.63925
10,15,0.8988949481155765,0.1011050518844235,0.123955449830799,10.777275
10,16,0.8859724486889494,0.1140275513110505,0.1271819689884639,9.8769
10,17,0.8854118738455874,0.1145881261544126,0.1323724398205841,9.992725
10,18,0.8834770812115401,0.1165229187884598,0.1361228476939771,10.08565
10,19,0.8811467283274531,0.1188532716725468,0.1393808867962473,9.968
10,20,0.8811467283274531,0.1188532716725468,0.1424245402749794,10.188325
10,21,0.8795346237486737,0.1204653762513262,0.1448491901069462,10.245725
10,22,0.8691738045327159,0.1308261954672841,0.1472371582924845,9.2758
10,23,0.8673132158051686,0.1326867841948313,0.151366454303712,9.3445
10,24,0.8632147221091514,0.1367852778908486,0.1546436838284066,9.07875
10,25,0.8632147221091514,0.1367852778908486,0.1579183555587381,9.1659
10,26,0.855206825434044,0.1447931745659559,0.1603109664748108,8.4654
10,27,0.8480256599611078,0.1519743400388922,0.1639098051152213,7.80835
10,28,0.8480256599611078,0.1519743400388922,0.1679860683802965,7.8833
10,29,0.8480256599611078,0.1519743400388922,0.1707711526165186,8.108525
10,30,0.8480256599611078,0.1519743400388922,0.17282683068177,8.20255
10,31,0.8412218846444856,0.1587781153555144,0.174457000643191,7.579
10,32,0.8402295270407166,0.1597704729592833,0.177335249819351,7.559225
10,33,0.8374157702034107,0.1625842297965892,0.179620410601059,7.33035
10,34,0.8374157702034107,0.1625842297965892,0.181965913669965,7.45805
10,35,0.8345450592430095,0.1654549407569905,0.1837020854257336,7.184775
10,36,0.8345450592430095,0.1654549407569905,0.1857270874435486,7.29845
10,37,0.8345450592430095,0.1654549407569905,0.1872544642528074,7.363875
10,38,0.832407106467744,0.167592893532256,0.1884796196909788,7.222825
10,39,0.832407106467744,0.167592893532256,0.1900103533137136,7.353975
10,40,0.832407106467744,0.167592893532256,0.1912140931301485,7.564175
10,41,0.832407106467744,0.167592893532256,0.1922131822211751,7.5849
10,42,0.8296043417123319,0.1703956582876681,0.1930792467139656,7.306
10,43,0.8296043417123319,0.1703956582876681,0.1945197633168291,7.418475
10,44,0.8198391902645027,0.1801608097354973,0.1956309389673588,6.15975
10,45,0.8180817587227146,0.1819182412772854,0.1988783943028553,6.035025
10,46,0.8170795602723819,0.182920439727618,0.2014965829578068,6.015375
10,47,0.8169807843192176,0.1830192156807824,0.2035494488281103,6.01545
10,48,0.8169807843192176,0.1830192156807824,0.205034590837784,6.0899
10,49,0.8097319253669409,0.190268074633059,0.2061426027549293,5.1554
10,50,0.8096687104210408,0.1903312895789591,0.2087993530499281,5.1186
10,51,0.8079478552316653,0.1920521447683346,0.2106375374630965,5.026175
10,52,0.8079478552316653,0.1920521447683346,0.2123787428301703,5.081425
10,53,0.8079478552316653,0.1920521447683346,0.2136273423730516,5.1694
10,54,0.8043180163260949,0.1956819836739051,0.214564290901037,4.702975
10,55,0.8017425979606344,0.1982574020393656,0.2162189275077317,4.314725
10,56,0.8017425979606344,0.1982574020393656,0.2180566568743722,4.355525
10,57,0.7998890939724802,0.2001109060275198,0.2193524049235466,4.13285
10,58,0.7998890939724802,0.2001109060275198,0.2207781937206315,4.245975
10,59,0.7998890939724802,0.2001109060275198,0.2218073366803661,4.246475
10,60,0.7998890939724802,0.2001109060275198,0.2225808332160468,4.2927
10,61,0.7988159931786386,0.2011840068213614,0.2231872949668632,4.11825
10,62,0.7988159931786386,0.2011840068213614,0.2239633051710817,4.214725
10,63,0.7988159931786386,0.2011840068213614,0.224563185753177,4.154875
10,64,0.7984475524388035,0.2015524475611965,0.2250459601891668,4.2433
10,65,0.7950637427030496,0.2049362572969504,0.225546952515686,3.607875
10,66,0.7950637427030496,0.2049362572969504,0.2268594484732504,3.789125
10,67,0.7936182757925446,0.2063817242074553,0.2277929685980966,3.5481
10,68,0.7933585020675281,0.2066414979324718,0.2288666460366772,3.628325
10,69,0.7904764273705397,0.2095235726294603,0.2297106056903769,3.100825
10,70,0.7844859948737569,0.215514005126243,0.2311136969635162,2.225575
10,71,0.7809609545887656,0.2190390454112344,0.2337301063900299,1.7975
10,72,0.7802168913450672,0.2197831086549327,0.2364734960628859,1.69345
10,73,0.779994993993235,0.2200050060067649,0.2385411698663516,0.0
10,74,0.779994993993235,0.2200050060067649,0.240021451787628,0.0
10,75,0.779994993993235,0.2200050060067649,0.2410526009916221,0.0
10,76,0.7763247468993475,0.2236752531006525,0.2417856022453274,0.0
10,77,0.7694241336877048,0.2305758663122952,0.2433446766161503,0.0
10,78,0.7683940041769111,0.2316059958230889,0.2463606441963906,0.0
10,79,0.767847477436851,0.232152522563149,0.248699359049558,0.0
10,80,0.767847477436851,0.232152522563149,0.2504523821692589,0.0
10,81,0.767847477436851,0.232152522563149,0.2516600693770353,0.0
10,82,0.767847477436851,0.232152522563149,0.2525024929775143,0.0
10,83,0.7623707314772759,0.2376292685227241,0.2530989884028549,0.0
10,84,0.7623707314772759,0.2376292685227241,0.2551028780732378,0.0
11,1,0.9676221713527308,0.0323778286472692,0.0,12.598675
11,2,0.9490991914645974,0.0509008085354025,0.0312153814104069,11.464675
11,3,0.935178262603414,0.0648217373965861,0.0436120929825682,10.770525
11,4,0.9264345847251328,0.0735654152748672,0.0545232038547143,10.441325
11,5,0.9190063768659172,0.0809936231340827,0.0639427273789904,10.108975
11,6,0.9114919544788384,0.0885080455211616,0.0722378455887493,9.8591
11,7,0.9114919544788384,0.0885080455211616,0.079776788994696,10.039375
11,8,0.904965886256166,0.0950341137438339,0.0857089006992988,9.7924
11,9,0.8928197928993433,0.1071802071006566,0.0916604067556183,8.992
11,10,0.8928197928993433,0.1071802071006566,0.0983310179258929,9.225125
11,11,0.8884764292472532,0.1115235707527467,0.1032427305066035,9.0961
11,12,0.8856548576945854,0.1143451423054146,0.1079663507168773,9.01625
11,13,0.873108678718446,0.126891321281554,0.112229640807495,8.157725
11,14,0.8624333324633651,0.1375666675366349,0.1179296189143322,7.345725
11,15,0.8614674299076435,0.1385325700923565,0.1239354832752336,7.411125
11,16,0.8600959013453338,0.1399040986546662,0.1282578955474392,7.45445
11,17,0.8576975281255895,0.1423024718744104,0.1317894513848002,7.452625
11,18,0.8576975281255895,0.1423024718744104,0.1350728564719487,7.574425
11,19,0.8568422792078914,0.1431577207921086,0.1377099819100875,7.625875
11,20,0.8502335211126232,0.1497664788873768,0.1401349144496346,7.14765
11,21,0.842124948590042,0.1578750514099579,0.1435586954356209,6.501475
11,22,0.8384753495409715,0.1615246504590285,0.147778892220837,6.2144
11,23,0.8384753495409715,0.1615246504590285,0.1514900227487343,6.320575
11,24,0.8312432275028631,0.1687567724971369,0.1541604052037905,5.7292
11,25,0.8312432275028631,0.1687567724971369,0.157765869565833,5.8034
11,26,0.8312432275028631,0.1687567724971369,0.1603360307383352,5.839875
11,27,0.8260430919678047,0.1739569080321953,0.1623236959650238,5.431425
11,28,0.8226026582021149,0.1773973417978851,0.165086196077909,5.12935
11,29,0.8226026582021149,0.1773973417978851,0.1678823676283174,5.26085
11,30,0.8226026582021149,0.1773973417978851,0.1699356375637606,5.388825
11,31,0.8182016888034708,0.1817983111965292,0.1715564492064941,4.9261
11,32,0.8181279867695496,0.1818720132304504,0.1738896602144183,5.0217
11,33,0.8181279867695496,0.1818720132304504,0.1756521652816463,5.11395
11,34,0.8177886009995721,0.1822113990004279,0.177058216276256,5.1773
11,35,0.8174367636419463,0.1825632363580537,0.1783207232346275,5.14055
11,36,0.8126288840522583,0.1873711159477417,0.179488040041143,4.713325
11,37,0.8126288840522583,0.1873711159477417,0.181605881590624,4.680525
11,38,0.8124523358630027,0.1875476641369973,0.1831661213510421,4.77605
11,39,0.8124523358630027,0.1875476641369973,0.1844301900171214,4.89305
11,40,0.8050850188260767,0.1949149811739232,0.1854676576606068,4.0347
11,41,0.8042493487544782,0.1957506512455218,0.188087689168764,3.932825
11,42,0.7952154523585877,0.2047845476414123,0.1901115075618247,2.8797
11,43,0.7952154523585877,0.2047845476414123,0.1937200883748938,2.8665
11,44,0.7952154523585877,0.2047845476414123,0.1961344972603133,2.904525
11,45,0.7952154523585877,0.2047845476414123,0.1978265303558522,3.011775
11,46,0.7946624655635811,0.2053375344364189,0.1990758503267596,2.922275
11,47,0.789100444733782,0.2108995552662179,0.2001833494740115,2.2776
11,48,0.789100444733782,0.2108995552662179,0.2024195863057587,2.295925
11,49,0.789100444733782,0.2108995552662179,0.2039861434102284,2.32865
11,50,0.789100444733782,0.2108995552662179,0.2051365288489788,2.367025
11,51,0.789100444733782,0.2108995552662179,0.2060244601291753,2.3572
11,52,0.7877716694310669,0.2122283305689331,0.2067436450922697,2.2294
11,53,0.7812616456842288,0.2187383543157711,0.2076841991912021,1.5073
11,54,0.7812616456842288,0.2187383543157711,0.2100623345631236,1.5035
11,55,0.7812616456842288,0.2187383543157711,0.2116991807824126,1.555575
11,56,0.7807745533239622,0.2192254466760378,0.2128682628127731,1.5093
11,57,0.7746550981962385,0.2253449018037615,0.2138634666123295,0.0
11,58,0.7746550981962385,0.2253449018037615,0.2161905862250841,0.0
11,59,0.7746550981962385,0.2253449018037615,0.21778894801903,0.0
11,60,0.7746550981962385,0.2253449018037615,0.2189224458482629,0.0
11,61,0.7742486174834783,0.2257513825165217,0.2197567362621055,0.0
11,62,0.7742486174834783,0.2257513825165217,0.2205025070722808,0.0
11,63,0.7730284990974683,0.2269715009025317,0.221081412220756,0.0
11,64,0.7727313113554396,0.2272686886445604,0.2218712666922362,0.0
11,65,0.7709331217096732,0.2290668782903268,0.2225500761597807,0.0
11,66,0.770173146740507,0.229826853259493,0.2235539754087067,0.0
11,67,0.7697853215853055,0.2302146784146944,0.2244896660668407,0.0
11,68,0.7689195801927169,0.2310804198072831,0.2252793354325593,0.0
11,69,0.7679368057189323,0.2320631942810677,0.2261007961400015,0.0
11,70,0.7679368057189323,0.2320631942810677,0.2269730686384906,0.0
11,71,0.7631086571594131,0.2368913428405868,0.2276095696010365,0.0
11,72,0.7631086571594131,0.2368913428405868,0.2294097618301438,0.0
11,73,0.7631086571594131,0.2368913428405868,0.2306515389220715,0.0
11,74,0.7631086571594131,0.2368913428405868,0.2315249208983544,0.0
11,75,0.7631086571594131,0.2368913428405868,0.2321537159697111,0.0
11,76,0.7595700476298385,0.2404299523701615,0.2326188085584274,0.0
11,77,0.7583901746291729,0.2416098253708271,0.2339617967099265,0.0
11,78,0.7583901746291729,0.2416098253708271,0.2352277131913462,0.0
11,79,0.7579220998177524,0.2420779001822476,0.2361103587999947,0.0
11,80,0.7579220998177524,0.2420779001822476,0.2368688714037206,0.0
11,81,0.7579220998177524,0.2420779001822476,0.2374105612083925,0.0
11,82,0.7579220998177524,0.2420779001822476,0.2378055531236632,0.0
11,83,0.7478811785395231,0.2521188214604769,0.2381003635909766,0.0
11,84,0.7446445182106919,0.2553554817893081,0.241211767978366,0.0
12,1,1.0,0.0,0.0,15.01235
12,2,0.9917956151884108,0.0082043848115892,0.0312153814104069,14.819475
12,3,0.9851180671463796,0.0148819328536203,0.0430607411435403,14.67285
12,4,0.9814950290681406,0.0185049709318594,0.053103635960051,14.848225
12,5,0.9751412268879046,0.0248587731120953,0.0615739390358728,14.697525
12,6,0.9696063806599377,0.0303936193400623,0.0692383472296348,14.577525
12,7,0.958101581512684,0.0418984184873161,0.0761363568144129,13.973225
12,8,0.95370165603875,0.0462983439612499,0.0832919290236768,13.932475
12,9,0.9427113790011,0.0572886209989,0.089361650103284,13.26765
12,10,0.9421449475851236,0.0578550524148763,0.0958444662371685,13.587525
12,11,0.9421449475851236,0.0578550524148763,0.1007167941281129,13.790225
12,12,0.939316285219161,0.060683714780839,0.10463944107122,13.83425
12,13,0.9322441194212114,0.0677558805787885,0.1084903356853651,13.50145
12,14,0.9322441194212114,0.0677558805787885,0.1129663839489487,13.817
12,15,0.9315479620597396,0.0684520379402603,0.1163770819354974,14.059425
12,16,0.9276590486059814,0.0723409513940186,0.1193295585043923,13.92035
12,17,0.9240293958003284,0.0759706041996715,0.1225936363256038,13.9144
12,18,0.9240293958003284,0.0759706041996715,0.125908261109815,14.198925
12,19,0.9157802691840214,0.0842197308159785,0.1284933899990497,13.609075
12,20,0.9157802691840214,0.0842197308159785,0.1323006703798563,13.85895
12,21,0.909695648876547,0.090304351123453,0.1350548495909628,13.34035
12,22,0.909695648876547,0.090304351123453,0.1384691983916061,13.748925
12,23,0.9073574154166062,0.0926425845833938,0.1409607534918219,13.6895
12,24,0.9073574154166062,0.0926425845833938,0.1434226524096995,13.80905
12,25,0.9073574154166062,0.0926425845833938,0.1453547927599549,14.1029
12,26,0.9036278627877362,0.0963721372122637,0.1469743088654981,14.04285
12,27,0.8975369582495034,0.1024630417504965,0.1491916106805767,13.478875
12,28,0.8890792932727821,0.1109207067272178,0.1522264205644239,12.685075
12,29,0.8867989851147341,0.1132010148852659,0.1562191078552498,12.63495
12,30,0.8867989851147341,0.1132010148852659,0.1594010275867838,12.833275
12,31,0.885164279006899,0.114835720993101,0.161624811368834,12.7783
12,32,0.883016071181879,0.116983928818121,0.1636595849746912,12.634275
12,33,0.883016071181879,0.116983928818121,0.1656905992828125,12.92415
12,34,0.883016071181879,0.116983928818121,0.1672273928824775,13.1636
12,35,0.883016071181879,0.116983928818121,0.1684673484594417,13.41615
12,36,0.8803239870345226,0.1196760129654773,0.1695218285298779,13.204475
12,37,0.8732693246400104,0.1267306753599896,0.171070847464696,12.438375
12,38,0.8732693246400104,0.1267306753599896,0.1739052307641608,12.8085
12,39,0.8732693246400104,0.1267306753599896,0.1758614855166144,12.692625
12,40,0.8712164204610345,0.1287835795389654,0.1772941703551054,12.68085
12,41,0.8712164204610345,0.1287835795389654,0.1788899331148302,12.933675
12,42,0.8712164204610345,0.1287835795389654,0.1800929849036968,13.07825
12,43,0.86648670754208,0.1335132924579199,0.1810529805066104,12.487125
12,44,0.8627110909120096,0.1372889090879904,0.1829868481606452,12.1462
12,45,0.8627110909120096,0.1372889090879904,0.1852789636855578,12.227
12,46,0.8608759811157358,0.1391240188842641,0.1868781998222769,12.181025
12,47,0.8608759811157358,0.1391240188842641,0.1884968865517106,12.422475
12,48,0.860726336583963,0.1392736634160369,0.1896772197868736,12.43515
12,49,0.8582236447087644,0.1417763552912355,0.1906201156081911,12.349925
12,50,0.8582236447087644,0.1417763552912355,0.1919910606698392,12.414475
12,51,0.8567366417581055,0.1432633582418945,0.1930040538369565,12.359975
12,52,0.854167730291222,0.145832269708778,0.1941605815278776,12.11125
12,53,0.854167730291222,0.145832269708778,0.1956741513061974,12.29065
12,54,0.854167730291222,0.145832269708778,0.1967634350272935,12.3057
12,55,0.854167730291222,0.145832269708778,0.1975832602933047,12.504475
12,56,0.854167730291222,0.145832269708778,0.1982293432467258,12.763475
12,57,0.8521942776093562,0.1478057223906438,0.1987611474787017,12.52925
12,58,0.8521942776093562,0.1478057223906438,0.1997222348921809,12.741225
12,59,0.8473684062592898,0.1526315937407102,0.2004446843905622,12.05655
12,60,0.8473684062592898,0.1526315937407102,0.2022619310813203,12.057175
12,61,0.8458652077165739,0.154134792283426,0.20352400647933,11.989775
12,62,0.8428843335630614,0.1571156664369386,0.2048224813001132,11.571625
12,63,0.8374128859724479,0.1625871140275521,0.2065320275644603,10.7781
12,64,0.8374128859724479,0.1625871140275521,0.2091650074376859,10.800875
12,65,0.8374128859724479,0.1625871140275521,0.2109482889529749,11.043525
12,66,0.8363698938088354,0.1636301061911645,0.2121826602606542,10.9534
12,67,0.8363698938088354,0.1636301061911645,0.2133392744952018,10.960875
12,68,0.8363698938088354,0.1636301061911645,0.2141643574365257,11.0263
12,69,0.8360904996295129,0.1639095003704871,0.2147715182210119,11.198225
12,70,0.8360904996295129,0.1639095003704871,0.2153097093738009,11.41175
12,71,0.8360904996295129,0.1639095003704871,0.2157242956576716,11.378975
12,72,0.8360904996295129,0.1639095003704871,0.2160551107101857,11.5714
12,73,0.8360904996295129,0.1639095003704871,0.2163280723790332,11.5032
12,74,0.8360904996295129,0.1639095003704871,0.216560116973585,11.8489
12,75,0.8360904996295129,0.1639095003704871,0.2167623684240111,11.917775
12,76,0.8299306672158182,0.1700693327841818,0.2169421789228035,10.869975
12,77,0.8299306672158182,0.1700693327841818,0.2188253629455861,10.9009
12,78,0.8299306672158182,0.1700693327841818,0.2201160592975015,11.04815
12,79,0.8299306672158182,0.1700693327841818,0.2210125728064806,10.97065
12,80,0.8266956244470611,0.1733043755529388,0.2216455100026475,10.564575
12,81,0.8239065523797263,0.1760934476202736,0.2230198055381906,10.133975
12,82,0.8233329735135785,0.1766670264864215,0.2247649801788052,9.94985
12,83,0.8233329735135785,0.1766670264864215,0.2261270921953156,10.1937
12,84,0.8233329735135785,0.1766670264864215,0.2270677486445523,10.207825
13,1,0.9903752057226732,0.0096247942773266,0.0,14.29335
13,2,0.9640398181875934,0.0359601818124065,0.0312153814104069,12.691025
13,3,0.9465312441176382,0.0534687558823617,0.0440295321098356,11.6348
13,4,0.9277486994842462,0.0722513005157537,0.0554500724222217,10.560125
13,5,0.9172225296111564,0.0827774703888435,0.0661256406816292,9.983275
13,6,0.9163488963054128,0.0836511036945871,0.0753916654508186,10.18435
13,7,0.8926824381940793,0.1073175618059206,0.0826011428072103,8.629375
13,8,0.8870765599613132,0.1129234400386868,0.0918227212063059,8.401025
13,9,0.874637664711616,0.125362335288384,0.0991801788263422,7.474925
13,10,0.8692498484316104,0.1307501515683896,0.1066772401044198,7.302325
13,11,0.8541367966442136,0.1458632033557864,0.1130050181608351,6.2331
13,12,0.8479351817186678,0.1520648182813322,0.1203620995277724,5.900225
13,13,0.838865581020742,0.1611344189792579,0.126599848391496,5.23295
13,14,0.8379607496735444,0.1620392503264556,0.1327767253513443,5.2858
13,15,0.8295059195370494,0.1704940804629505,0.1373830392749531,4.655275
13,16,0.8227264656450844,0.1772735343549155,0.1425759424784933,4.179725
13,17,0.8216311656696728,0.1783688343303272,0.147691760462333,4.147125
13,18,0.8125607339312904,0.1874392660687096,0.1516341564452443,3.461675
13,19,0.8103820737016747,0.1896179262983253,0.1565032469773605,3.31785
13,20,0.8044852244263131,0.1955147755736869,0.1604464858514751,2.848925
13,21,0.7977709079099308,0.2022290920900692,0.1646280684348768,2.291725
13,22,0.7946702579947758,0.2053297420052242,0.1690739984755097,2.0388
13,23,0.7946702579947758,0.2053297420052242,0.172898741637368,2.093325
13,24,0.7890041144456049,0.210995885554395,0.1757292941775979,1.643825
13,25,0.7890041144456049,0.210995885554395,0.1791849950791051,1.648125
13,26,0.7890041144456049,0.210995885554395,0.1817598034710637,1.69315
13,27,0.7862793259884437,0.2137206740115562,0.1838290273746519,1.496025
13,28,0.7794359595561281,0.2205640404438719,0.1861776520427134,0.0
13,29,0.7706540965822156,0.2293459034177843,0.1895499222286748,0.0
13,30,0.7706540965822156,0.2293459034177843,0.1939052479801898,0.0
13,31,0.7705692688921838,0.2294307311078162,0.1968818437557286,0.0
13,32,0.7705692688921838,0.2294307311078162,0.1990891546372723,0.0
13,33,0.766688060448297,0.233311939551703,0.200824850100871,0.0
13,34,0.7563159642806297,0.2436840357193702,0.203144381682199,0.0
13,35,0.7563159642806297,0.2436840357193702,0.2072554399302965,0.0
13,36,0.7507314063116649,0.2492685936883351,0.2100473701024305,0.0
13,37,0.7495628503016326,0.2504371496983674,0.2133450870734811,0.0
13,38,0.7449481423306236,0.2550518576693764,0.2159205049463095,0.0
13,39,0.7389191755553793,0.2610808244446206,0.2188645811041235,0.0
13,40,0.7389191755553793,0.2610808244446206,0.2223543422685422,0.0
13,41,0.7377310378651817,0.2622689621348183,0.2247563104600632,0.0
13,42,0.7359017201898745,0.2640982798101254,0.2267848700468943,0.0
13,43,0.7317790515291237,0.2682209484708763,0.2287354484233763,0.0
13,44,0.7288664680248124,0.2711335319751876,0.2311803152462532,0.0
13,45,0.7268681015707447,0.2731318984292553,0.2336313888162809,0.0
13,46,0.7253099393421004,0.2746900606578996,0.2358637213761566,0.0
13,47,0.7253099393421004,0.2746900606578996,0.2378530997851693,0.0
13,48,0.7253099393421004,0.2746900606578996,0.2393099930309044,0.0
13,49,0.7253099393421004,0.2746900606578996,0.2404334929085511,0.0
13,50,0.7238956238544283,0.2761043761455717,0.2413439981626565,0.0
13,51,0.7238956238544283,0.2761043761455717,0.2424652369042497,0.0
13,52,0.7225029745555053,0.2774970254444947,0.2433589440656102,0.0
13,53,0.7218811199505951,0.2781188800494049,0.2444525084121858,0.0
13,54,0.7140154691735455,0.2859845308264545,0.2454717197273678,0.0
13,55,0.7140154691735455,0.2859845308264545,0.2482705629341276,0.0
13,56,0.7110459302073412,0.2889540697926588,0.250194381045263,0.0
13,57,0.7110459302073412,0.2889540697926588,0.2523229171298102,0.0
13,58,0.7083592948168697,0.2916407051831303,0.2538194657560392,0.0
13,59,0.7065694568330333,0.2934305431669667,0.2556049040281467,0.0
13,60,0.7065694568330333,0.2934305431669667,0.2573413873744089,0.0
13,61,0.7065694568330333,0.2934305431669667,0.2585798879533384,0.0
13,62,0.7065694568330333,0.2934305431669667,0.259496623648726,0.0
13,63,0.7029094997712808,0.2970905002287192,0.2602029733825726,0.0
13,64,0.7009250870682425,0.2990749129317575,0.2617357286111605,0.0
13,65,0.7009250870682425,0.2990749129317575,0.2633572830528488,0.0
13,66,0.6992976091395032,0.3007023908604967,0.2645073801801115,0.0
13,67,0.6992976091395032,0.3007023908604967,0.2657849236900472,0.0
13,68,0.6992976091395032,0.3007023908604967,0.2667066933709756,0.0
13,69,0.6977754422358116,0.3022245577641884,0.2673939655805228,0.0
13,70,0.6977754422358116,0.3022245577641884,0.2683376504738998,0.0
13,71,0.6977754422358116,0.3022245577641884,0.2690328798681006,0.0
13,72,0.6977754422358116,0.3022245577641884,0.2695622614306394,0.0
13,73,0.6977754422358116,0.3022245577641884,0.2699794546783561,0.0
13,74,0.6977754422358116,0.3022245577641884,0.2703194392135669,0.0
13,75,0.6895795660494177,0.3104204339505823,0.2706051095741428,0.0
13,76,0.6842292908938007,0.3157707091061993,0.2731317404653683,0.0
13,77,0.6842292908938007,0.3157707091061993,0.276354670832161,0.0
13,78,0.6792288312744232,0.3207711687255767,0.2785453809563159,0.0
13,79,0.6792288312744232,0.3207711687255767,0.281459180180957,0.0
13,80,0.6745404568114153,0.3254595431885847,0.2834461137212403,0.0
13,81,0.6745404568114153,0.3254595431885847,0.2861463227227353,0.0
13,82,0.6745404568114153,0.3254595431885847,0.2879918064923883,0.0
13,83,0.6709829162055758,0.3290170837944242,0.2892649465007911,0.0
13,84,0.6709829162055758,0.3290170837944242,0.2911756751744627,0.0
14,1,1.0,0.0,0.0,15.063725
14,2,1.0,0.0,0.0312153814104069,15.4325
14,3,0.9852722636351978,0.0147277363648021,0.0426223575631783,14.728625
14,4,0.980162973965771,0.0198370260342289,0.0530519918412132,14.70785
14,5,0.9727697222765208,0.027230277723479,0.0618118575234221,14.49645
14,6,0.9727697222765208,0.027230277723479,0.0697217406916004,14.897725
14,7,0.968001968568533,0.0319980314314669,0.0760249060045566,14.793
14,8,0.957904436067136,0.042095563932864,0.0819906636716139,14.224675
14,9,0.9475537698212724,0.0524462301787275,0.0883818862081509,13.746875
14,10,0.9395357027213848,0.0604642972786152,0.0948767474540143,13.265125
14,11,0.9344953004893514,0.0655046995106486,0.1009598063085682,13.196675
14,12,0.9344953004893514,0.0655046995106486,0.1062832894005626,13.4098
14,13,0.9279687682089856,0.0720312317910144,0.1102988967596114,13.10405
14,14,0.9264668715117446,0.0735331284882554,0.1147767748379277,13.252025
14,15,0.919815762448298,0.0801842375517019,0.1184851992233541,13.015825
14,16,0.919815762448298,0.0801842375517019,0.1227172764975153,13.11585
14,17,0.91831421399074,0.08168578600926,0.1258930286148081,13.269275
14,18,0.9140336209393796,0.0859663790606203,0.1287791913956158,13.121425
14,19,0.9098927908219744,0.0901072091780256,0.1320116425245266,12.93525
14,20,0.9098927908219744,0.0901072091780256,0.1353531092481381,13.221675
14,21,0.9035475921219764,0.0964524078780235,0.1378872873885269,12.693175
14,22,0.9035475921219764,0.0964524078780235,0.1412564459941985,12.972725
14,23,0.9035475921219764,0.0964524078780235,0.1437385271526588,13.208925
14,24,0.8959802549069943,0.1040197450930057,0.1457228792370312,12.657875
14,25,0.8959802549069943,0.1040197450930057,0.1489960759441874,12.925125
14,26,0.8942383499286466,0.1057616500713534,0.1513523574564644,12.78065
14,27,0.8890855249196674,0.1109144750803325,0.1535621647596057,12.496575
14,28,0.8871870740444799,0.11281292595552,0.1564061539062934,12.4485
14,29,0.8816578886886542,0.1183421113113457,0.1588855313476813,12.096025
14,30,0.8806187025927016,0.1193812974072984,0.1619431273902131,12.086975
14,31,0.879191596114597,0.120808403885403,0.1643328781253165,12.10215
14,32,0.8764742388511965,0.1235257611488035,0.1664222754846267,11.981375
14,33,0.8759781447008926,0.1240218552991073,0.1686179453852486,12.031025
14,34,0.8759781447008926,0.1240218552991073,0.1703668557994898,12.242075
14,35,0.8717274514083817,0.1282725485916183,0.1717354147459934,11.9228
14,36,0.8665682705457716,0.1334317294542284,0.1738378927666282,11.49965
14,37,0.8658608796885958,0.1341391203114041,0.1765691457599491,11.402525
14,38,0.8621234511676787,0.1378765488323212,0.1786419422834551,11.12375
14,39,0.8621234511676787,0.1378765488323212,0.1810249899640205,11.263675
14,40,0.8585238960500057,0.1414761039499943,0.1827178456800692,10.982025
14,41,0.8585238960500057,0.1414761039499943,0.1848388697789983,11.181725
14,42,0.8565856374137231,0.1434143625862769,0.1863634467634113,10.932575
14,43,0.8565856374137231,0.1434143625862769,0.1879842847762263,10.998125
14,44,0.8525967919038018,0.1474032080961982,0.1891957177885135,10.707025
14,45,0.8525967919038018,0.1474032080961982,0.1911099308534727,10.88005
14,46,0.8525967919038018,0.1474032080961982,0.1924864744302553,11.04265
14,47,0.8519026164431321,0.1480973835568678,0.1935302769282845,11.037175
14,48,0.8519026164431321,0.1480973835568678,0.1945334750611065,11.211675
14,49,0.8519026164431321,0.1480973835568678,0.1953355943103851,11.30035
14,50,0.8490846228987413,0.1509153771012586,0.196007146113238,10.931275
14,51,0.8490846228987413,0.1509153771012586,0.1972894248257863,11.3048
14,52,0.8490846228987413,0.1509153771012586,0.1982461711789506,11.350475
14,53,0.84766764199187,0.15233235800813,0.198995403174665,11.1349
14,54,0.8383660452793494,0.1616339547206505,0.1999661757088479,9.873625
14,55,0.8383660452793494,0.1616339547206505,0.2030660501051825,10.13215
14,56,0.8383660452793494,0.1616339547206505,0.2051492356319497,10.122225
14,57,0.8383660452793494,0.1616339547206505,0.2065916820880997,10.171375
14,58,0.8383660452793494,0.1616339547206505,0.2076270343746215,10.375775
14,59,0.8383660452793494,0.1616339547206505,0.2084010596292907,10.4096
14,60,0.8367947297306974,0.1632052702693026,0.2090050673936211,10.38175
14,61,0.8367947297306974,0.1632052702693026,0.2099055375484652,10.470475
14,62,0.8367947297306974,0.1632052702693026,0.2105825992845401,10.435475
14,63,0.8334008794375952,0.1665991205624047,0.2111129073287715,10.092775
14,64,0.8334008794375952,0.1665991205624047,0.2124410007675915,10.0832
14,65,0.8315615734190804,0.1684384265809195,0.2133842117824883,10.041325
14,66,0.8289880400868811,0.1710119599131189,0.2145664369128966,9.655475
14,67,0.8289880400868811,0.1710119599131189,0.2160996821655319,9.701775
14,68,0.8288485879675047,0.1711514120324953,0.2171703746992626,9.69875
14,69,0.8265006409772923,0.1734993590227077,0.2179760877536517,9.496675
14,70,0.8238036839479635,0.1761963160520364,0.2192057658396692,9.062675
14,71,0.8215190485029477,0.1784809514970523,0.2208083081322882,8.691825
14,72,0.8215190485029477,0.1784809514970523,0.2225442160566124,8.796075
14,73,0.8205974167488371,0.1794025832511628,0.2237419911693367,8.671925
14,74,0.8202295189112526,0.1797704810887473,0.2248389909960533,8.743725
14,75,0.8202295189112526,0.1797704810887473,0.225715735187064,8.866275
14,76,0.8202295189112526,0.1797704810887473,0.2263433903678327,8.96795
14,77,0.8202295189112526,0.1797704810887473,0.2268042196284553,8.957
14,78,0.8202295189112526,0.1797704810887473,0.2271522277482965,9.20155
14,79,0.8198129410328101,0.1801870589671899,0.2274229717247515,9.02885
14,80,0.8198129410328101,0.1801870589671899,0.2277577627185147,8.967375
14,81,0.8198129410328101,0.1801870589671899,0.2280152023612093,9.26215
14,82,0.8170953604731381,0.1829046395268618,0.2282187728218785,8.7772
14,83,0.8170953604731381,0.1829046395268618,0.2291620624188054,8.86175
14,84,0.8170953604731381,0.1829046395268618,0.2298219160705741,8.852525
15,1,0.9960980199897668,0.0039019800102333,0.0,14.744725
15,2,0.9725486177499212,0.0274513822500788,0.0312153814104069,13.293475
15,3,0.9641278320187516,0.0358721679812484,0.0438806690035079,13.069325
15,4,0.9599500057730604,0.0400499942269396,0.0545105279000163,13.03785
15,5,0.9444103098734574,0.0555896901265425,0.0633728258125802,12.10395
15,6,0.9312959632117224,0.0687040367882776,0.0723531673043422,11.326925
15,7,0.9253465603638106,0.0746534396361894,0.0808896387708252,11.14175
15,8,0.9188197906220692,0.0811802093779309,0.0881000756294652,10.9232
15,9,0.9122465468185852,0.0877534531814148,0.0946520521749192,10.58695
15,10,0.8994759628857096,0.1005240371142903,0.1007718606859715,9.820725
15,11,0.891991552011279,0.108008447988721,0.1075935903382142,9.40485
15,12,0.891991552011279,0.108008447988721,0.1137773236610507,9.558575
15,13,0.891991552011279,0.108008447988721,0.1182961757443472,9.75875
15,14,0.8773543947201888,0.1226456052798111,0.1219384482154257,8.731525
15,15,0.8744419285959529,0.125558071404047,0.1277497162768838,8.6307
15,16,0.872987418499655,0.127012581500345,0.1323826279216777,8.6021
15,17,0.8619579603789495,0.1380420396210505,0.1361185172518522,7.749625
15,18,0.8619579603789495,0.1380420396210505,0.14120864131782,7.92165
15,19,0.8592803693856125,0.1407196306143875,0.1447939024203046,7.83065
15,20,0.8572880399564972,0.1427119600435028,0.1481083781181938,7.796175
15,21,0.8549767751270622,0.1450232248729378,0.1511072090373754,7.738675
15,22,0.8523069144934107,0.1476930855065893,0.1539695614930005,7.6405
15,23,0.8523069144934107,0.1476930855065893,0.1568000151670837,7.820025
15,24,0.8441551447907045,0.1558448552092954,0.1590296218796619,7.031725
15,25,0.8441551447907045,0.1558448552092954,0.1626135608562438,7.117275
15,26,0.8435561437548983,0.1564438562451017,0.1651914359570218,7.200175
15,27,0.8384738133733328,0.1615261866266671,0.1673289429054101,6.8346
15,28,0.8384738133733328,0.1615261866266671,0.1701653221926799,6.872
15,29,0.8374703965814492,0.1625296034185508,0.172272955712346,6.93575
15,30,0.8267333929341528,0.1732666070658471,0.1741754295015796,5.7947
15,31,0.8267333929341528,0.1732666070658471,0.1780850182207561,5.924875
15,32,0.8267333929341528,0.1732666070658471,0.1807510139739359,5.9933
15,33,0.8267333929341528,0.1732666070658471,0.1827026225008648,6.045425
15,34,0.822904235822766,0.177095764177234,0.1842327221419924,5.716475
15,35,0.8127304366042405,0.1872695633957595,0.1863706963126307,4.66865
15,36,0.8084593539463754,0.1915406460536246,0.1902948947234572,4.236575
15,37,0.8072105435309123,0.1927894564690877,0.1939128451264269,4.133125
15,38,0.8072105435309123,0.1927894564690877,0.1966594225797723,4.208225
15,39,0.797954511025717,0.2020454889742829,0.1986021577404962,3.0981
15,40,0.797954511025717,0.2020454889742829,0.202221174165127,3.0951
15,41,0.797954511025717,0.2020454889742829,0.2046698534209664,3.202525
15,42,0.7949618870014851,0.2050381129985149,0.2064176747421316,2.82645
15,43,0.7949618870014851,0.2050381129985149,0.2084490783997115,2.8312
15,44,0.7949618870014851,0.2050381129985149,0.2099332289624221,2.905675
15,45,0.7912593876091382,0.2087406123908618,0.2110796644114366,2.49195
15,46,0.7912593876091382,0.2087406123908618,0.2129063197288378,2.50175
15,47,0.7911899075048763,0.2088100924951237,0.2142460746470901,2.53225
15,48,0.7911899075048763,0.2088100924951237,0.2152988094049242,2.597775
15,49,0.789438986790089,0.210561013209911,0.216151224567773,2.359675
15,50,0.789438986790089,0.210561013209911,0.2173042848794076,2.355275
15,51,0.789438986790089,0.210561013209911,0.2182043458069311,2.394925
15,52,0.7873647568846724,0.2126352431153275,0.2189410022582077,2.1524
15,53,0.7873647568846724,0.2126352431153275,0.2200885019407974,2.23375
15,54,0.7801181240126088,0.2198818759873911,0.2209670409691277,1.4199
15,55,0.7801181240126088,0.2198818759873911,0.2235041108541566,1.438325
15,56,0.7776297070615333,0.2223702929384666,0.225246973694976,0.0
15,57,0.7776297070615333,0.2223702929384666,0.2271228761566154,0.0
15,58,0.7766329175039876,0.2233670824960124,0.2284446264935972,0.0
15,59,0.7766329175039876,0.2233670824960124,0.2296691187225247,0.0
15,60,0.7707100546574147,0.2292899453425853,0.2305711099143268,0.0
15,61,0.7707100546574147,0.2292899453425853,0.2328054072557103,0.0
15,62,0.7707100546574147,0.2292899453425853,0.2343468180989598,0.0
15,63,0.7707100546574147,0.2292899453425853,0.2354424203407634,0.0
15,64,0.7707100546574147,0.2292899453425853,0.2362487215341886,0.0
15,65,0.7668247430209286,0.2331752569790713,0.2368652050082613,0.0
15,66,0.7668247430209286,0.2331752569790713,0.2383903288273649,0.0
15,67,0.7639510375824146,0.2360489624175854,0.2394658555565815,0.0
15,68,0.7632869419014794,0.2367130580985206,0.2410197006280243,0.0
15,69,0.7632869419014794,0.2367130580985206,0.2422894338510228,0.0
15,70,0.7614663002534253,0.2385336997465746,0.2431927571121028,0.0
15,71,0.7614663002534253,0.2385336997465746,0.2443501314569265,0.0
15,72,0.7613814336549315,0.2386185663450685,0.2451757263085536,0.0
15,73,0.7613814336549315,0.2386185663450685,0.2458045669559418,0.0
15,74,0.7613814336549315,0.2386185663450685,0.2462780537722889,0.0
15,75,0.7613814336549315,0.2386185663450685,0.2466463509370512,0.0
15,76,0.7613814336549315,0.2386185663450685,0.2469422970307487,0.0
15,77,0.7566206310074565,0.2433793689925435,0.2471874692132942,0.0
15,78,0.7566206310074565,0.2433793689925435,0.2487316799225443,0.0
15,79,0.7566206310074565,0.2433793689925435,0.2498017555982126,0.0
15,80,0.7566206310074565,0.2433793689925435,0.2505549779109937,0.0
15,81,0.7566206310074565,0.2433793689925435,0.2510951739819494,0.0
15,82,0.7484935267281015,0.2515064732718984,0.2514910497669244,0.0
15,83,0.7457399166984927,0.2542600833015073,0.2541147413885099,0.0
15,84,0.736062108985371,0.2639378910146289,0.2566969556870148,0.0
16,1,0.986071820326341,0.013928179673659,0.0,13.9749
16,2,0.9516493417654214,0.0483506582345786,0.0312153814104069,11.718
16,3,0.9380629242133468,0.0619370757866531,0.0444616483501189,10.9895
16,4,0.933484796094385,0.066515203905615,0.0558139664744417,10.97045
16,5,0.923378406827867,0.076621593172133,0.0650964513081275,10.4503
16,6,0.9171793836599568,0.0828206163400432,0.0737158365654763,10.26165
16,7,0.916156189453211,0.083843810546789,0.0812805178708394,10.430675
16,8,0.9109567055243064,0.0890432944756934,0.0874209552643293,10.32375
16,9,0.904583886233796,0.095416113766204,0.0933104345937022,10.002175
16,10,0.8826149820224126,0.1173850179775873,0.099084416622848,8.399025
16,11,0.8762277940113373,0.1237722059886626,0.1072336427363717,8.042075
16,12,0.8751041513355055,0.1248958486644945,0.1138147489723765,8.173625
16,13,0.8694511624748266,0.1305488375251734,0.1187115282614696,7.871525
16,14,0.8694511624748266,0.1305488375251734,0.1235503569984569,8.003675
16,15,0.8673973773779893,0.1326026226220107,0.1272539648968757,7.9214
16,16,0.8561688503964708,0.1438311496035291,0.1307121460433326,7.126775
16,17,0.8520811035436733,0.1479188964563267,0.1357245625904665,6.9019
16,18,0.8499659127038561,0.1500340872961438,0.1400972872994408,6.808575
16,19,0.8443414442953584,0.1556585557046416,0.1437310459212063,6.473075
16,20,0.8443414442953584,0.1556585557046416,0.1476489416779353,6.548175
16,21,0.8443414442953584,0.1556585557046416,0.1505530829800496,6.668875
16,22,0.838851499667222,0.161148500332778,0.1528930093827902,6.252425
16,23,0.8308741712130295,0.1691258287869704,0.1560243970230584,5.59185
16,24,0.8261598807593296,0.1738401192406704,0.1600659439091262,5.1921
16,25,0.8252603895911291,0.1747396104088708,0.1639009938916267,5.152125
16,26,0.8227594179760405,0.1772405820239595,0.1668094406202549,5.096075
16,27,0.8141942026255692,0.1858057973744308,0.1695380934056278,4.262625
16,28,0.8103679936882319,0.1896320063117681,0.1734546058284032,3.9131
16,29,0.8058216525633225,0.1941783474366775,0.1769980170839566,3.524525
16,30,0.8042195087682021,0.1957804912317978,0.1804865091842484,3.32705
16,31,0.8042195087682021,0.1957804912317978,0.1832927924247078,3.439075
16,32,0.8042195087682021,0.1957804912317978,0.1853500731621383,3.4721
16,33,0.8037158930524996,0.1962841069475004,0.1869672919824266,3.4972
16,34,0.8035911145098478,0.1964088854901522,0.1884291612048998,3.513175
16,35,0.8018534616891234,0.1981465383108765,0.1896994925286887,3.368325
16,36,0.7958978202235905,0.2041021797764095,0.1912094382003809,2.6702
16,37,0.7926948650330364,0.2073051349669635,0.1938113525525604,2.37575
16,38,0.7926948650330364,0.2073051349669635,0.1964141127455681,2.430425
16,39,0.7926948650330364,0.2073051349669635,0.1982719398410136,2.433
16,40,0.7926948650330364,0.2073051349669635,0.1996818663806345,2.441675
16,41,0.7908433756088535,0.2091566243911464,0.2008159165122024,2.255225
16,42,0.7858624909405331,0.2141375090594669,0.2022113850994155,1.762275
16,43,0.7812811226747272,0.2187188773252728,0.2044979690567966,1.386225
16,44,0.7746464407035444,0.2253535592964556,0.2072239513209103,0.0
16,45,0.7746464407035444,0.2253535592964556,0.2107095589521003,0.0
16,46,0.7737909611704366,0.2262090388295634,0.2130614890538889,0.0
16,47,0.7737909611704366,0.2262090388295634,0.2149289130800938,0.0
16,48,0.7700920564562087,0.2299079435437913,0.2162880630968673,0.0
16,49,0.7700920564562087,0.2299079435437913,0.2182365567384132,0.0
16,50,0.7700920564562087,0.2299079435437913,0.2196351966216564,0.0
16,51,0.7700920564562087,0.2299079435437913,0.2206891143044234,0.0
16,52,0.765815166959531,0.234184833040469,0.2215232681263902,0.0
16,53,0.765815166959531,0.234184833040469,0.2232848962155386,0.0
16,54,0.7628524633047808,0.2371475366952191,0.2245494266869727,0.0
16,55,0.7628524633047808,0.2371475366952191,0.2262476276678865,0.0
16,56,0.7627721617976292,0.2372278382023708,0.2274649041081932,0.0
16,57,0.758544286941602,0.2414557130583979,0.2283957755930193,0.0
16,58,0.7582374628030705,0.2417625371969295,0.2302054433739182,0.0
16,59,0.7561292979986621,0.2438707020013378,0.2315625572985277,0.0
16,60,0.7561292979986621,0.2438707020013378,0.2330961336934457,0.0
16,61,0.7561292979986621,0.2438707020013378,0.2341928724711415,0.0
16,62,0.7544124008094659,0.245587599190534,0.2350071829337225,0.0
16,63,0.7528557304966143,0.2471442695033857,0.2360877899480727,0.0
16,64,0.7511219809573043,0.2488780190426957,0.2372956386889497,0.0
16,65,0.7511219809573043,0.2488780190426957,0.238631227984572,0.0
16,66,0.7511219809573043,0.2488780190426957,0.2395869030649715,0.0
16,67,0.746892225136314,0.2531077748636859,0.2402938497284401,0.0
16,68,0.746892225136314,0.2531077748636859,0.241973038727183,0.0
16,69,0.7461760627022254,0.2538239372977746,0.243145407818523,0.0
16,70,0.7428871357334242,0.2571128642665757,0.244179649960182,0.0
16,71,0.7399126318849577,0.2600873681150423,0.2458228332297642,0.0
16,72,0.7385523346269655,0.2614476653730345,0.2477809284089985,0.0
16,73,0.7385523346269655,0.2614476653730345,0.2495048601896754,0.0
16,74,0.7374656461474726,0.2625343538525274,0.2507002554091597,0.0
16,75,0.7357334820698961,0.2642665179301039,0.2518469301485067,0.0
16,76,0.7357334820698961,0.2642665179301039,0.2531405211120704,0.0
16,77,0.7357334820698961,0.2642665179301039,0.2540478550259817,0.0
16,78,0.7347050916821907,0.2652949083178093,0.2546973139954795,0.0
16,79,0.7280986516936475,0.2719013483063525,0.255463004778922,0.0
16,80,0.7268984376016023,0.2731015623983976,0.2578828688723893,0.0
16,81,0.7260352586343509,0.2739647413656491,0.2598777179362195,0.0
16,82,0.7260352586343509,0.2739647413656491,0.2614939066702891,0.0
16,83,0.7260352586343509,0.2739647413656491,0.2626100395823592,0.0
16,84,0.7236334031985067,0.2763665968014933,0.2633898088268605,0.0
17,1,0.9987712222509996,0.0012287777490005,0.0,14.9205
17,2,0.9974943768480236,0.0025056231519763,0.0312153814104069,15.302525
17,3,0.9751293753462834,0.0248706246537165,0.0426905830392109,13.8341
17,4,0.9657364858944129,0.0342635141055871,0.0537534109302987,13.4836
17,5,0.9571743977389008,0.0428256022610992,0.0632326120005849,13.1232
17,6,0.9460391668964566,0.0539608331035433,0.071638992111943,12.623725
17,7,0.9391411292546268,0.0608588707453732,0.0796613455107484,12.30495
17,8,0.9361375646588606,0.0638624353411394,0.0867526001762523,12.390325
17,9,0.922206210727803,0.077793789272197,0.0926880396163014,11.427425
17,10,0.915945138967438,0.0840548610325621,0.0996582636459194,11.205325
17,11,0.9147840985831852,0.0852159014168147,0.1057569709490106,11.380425
17,12,0.9013510211185743,0.0986489788814255,0.1105105965287319,10.38635
17,13,0.8980621335529756,0.1019378664470244,0.116686099106116,10.36985
17,14,0.8912639292992202,0.1087360707007798,0.1216648927494521,9.956825
17,15,0.8912639292992202,0.1087360707007798,0.1266618478176156,10.135475
17,16,0.8909802595865708,0.1090197404134292,0.1303482826475521,10.3086
17,17,0.8876514851200548,0.1123485148799452,0.1333824657772047,10.221925
17,18,0.8835977313983655,0.1164022686016345,0.13661374696943,10.001875
17,19,0.8773173659447706,0.1226826340552293,0.1400319254091026,9.60305
17,20,0.8745729600613711,0.1254270399386289,0.1439464231694074,9.4594
17,21,0.8723970780570091,0.1276029219429909,0.1473785870750418,9.492575
17,22,0.8686325982708428,0.1313674017291571,0.1504171153342601,9.245475
17,23,0.8686325982708428,0.1313674017291571,0.1535467827636276,9.445675
17,24,0.8651424904501,0.1348575095498999,0.1559193689521356,9.239375
17,25,0.8617525006341212,0.1382474993658787,0.1585891856011562,8.99225
17,26,0.8595921000429819,0.140407899957018,0.1613755348390129,8.953725
17,27,0.8512094473267143,0.1487905526732856,0.1639451871605119,8.185625
17,28,0.850820707777982,0.1491792922220179,0.1677162140937419,8.2797
17,29,0.8470479746560908,0.1529520253439091,0.1704161888751202,7.9666
17,30,0.8428304498880047,0.1571695501119953,0.1732471943264396,7.609125
17,31,0.8349971021349433,0.1650028978650567,0.1762403901767492,6.893575
17,32,0.8338227375635355,0.1661772624364644,0.1801199898501355,6.858325
17,33,0.8338227375635355,0.1661772624364644,0.1830209214514689,6.860375
17,34,0.8338227375635355,0.1661772624364644,0.1850940381858832,7.004225
17,35,0.8338227375635355,0.1661772624364644,0.1866803394654929,7.1226
17,36,0.8249071431943994,0.1750928568056006,0.1879715401716641,6.12165
17,37,0.8249071431943994,0.1750928568056006,0.1911179039854658,6.2693
17,38,0.8249071431943994,0.1750928568056006,0.1932961774107879,6.30185
17,39,0.8244440011546271,0.1755559988453728,0.1948993872311466,6.3728
17,40,0.8219426515715879,0.1780573484284121,0.1962616402971954,6.1102
17,41,0.8217406351584547,0.1782593648415452,0.1979490535552431,6.261275
17,42,0.8217406351584547,0.1782593648415452,0.199281223587856,6.252425
17,43,0.8182305973479805,0.1817694026520194,0.200344064667057,5.85635
17,44,0.8182305973479805,0.1817694026520194,0.2020729975427356,6.00875
17,45,0.8140692554868353,0.1859307445131647,0.2033579659341335,5.501375
17,46,0.813738741041131,0.186261258958869,0.2053706844266943,5.54975
17,47,0.813738741041131,0.186261258958869,0.206895922094685,5.6269
17,48,0.813738741041131,0.186261258958869,0.2080377049274807,5.616325
17,49,0.8096910392421769,0.1903089607578231,0.2089378265924248,5.144175
17,50,0.8096910392421769,0.1903089607578231,0.2106799113394428,5.1751
17,51,0.8096267987745183,0.1903732012254817,0.2119384824125378,5.2377
17,52,0.8073968555064908,0.1926031444935092,0.2129084798148738,4.977525
17,53,0.8073968555064908,0.1926031444935092,0.2142355727636975,5.01385
17,54,0.8073968555064908,0.1926031444935092,0.2152220026128133,5.085625
17,55,0.8073968555064908,0.1926031444935092,0.2159902330508899,5.23995
17,56,0.8073968555064908,0.1926031444935092,0.2166160500205766,5.2915
17,57,0.8001741467847769,0.199825853215223,0.2171466081689997,4.196225
17,58,0.7994034418133511,0.2005965581866489,0.2194648834575186,4.118225
17,59,0.7954147918566256,0.2045852081433744,0.2212582105710975,3.51185
17,60,0.7936379444356043,0.2063620555643956,0.2235510075868482,3.379025
17,61,0.7936379444356043,0.2063620555643956,0.2255898311885455,3.284125
17,62,0.7935187465203972,0.2064812534796027,0.2270027141498615,3.4228
17,63,0.790506988876445,0.209493011123555,0.2280438407213553,2.949075
17,64,0.790506988876445,0.209493011123555,0.2296069226823161,2.933575
17,65,0.790506988876445,0.209493011123555,0.2307086744137396,2.946375
17,66,0.7875292349349202,0.2124707650650797,0.2315101241836166,2.5904
17,67,0.7867947578511898,0.2132052421488102,0.2329109788907475,2.5141
17,68,0.7867947578511898,0.2132052421488102,0.2340988991748712,2.4748
17,69,0.7862490672692292,0.2137509327307708,0.2349488208290976,2.44165
17,70,0.7797234082498159,0.2202765917501841,0.2357238724773772,0.0
17,71,0.7786840838606987,0.2213159161393013,0.238076582066068,0.0
17,72,0.7779244479379664,0.2220755520620335,0.2399683693527931,0.0
17,73,0.7779244479379664,0.2220755520620335,0.2414817197851106,0.0
17,74,0.7761518319319136,0.2238481680680863,0.2425365265790431,0.0
17,75,0.7738383932348936,0.2261616067651064,0.2437786259174656,0.0
17,76,0.7738383932348936,0.2261616067651064,0.2452953107719541,0.0
17,77,0.7738383932348936,0.2261616067651064,0.2463488817716395,0.0
17,78,0.7680516629180877,0.2319483370819123,0.2470939846728028,0.0
17,79,0.7680516629180877,0.2319483370819123,0.2492623491946124,0.0
17,80,0.7680516629180877,0.2319483370819123,0.2507473645449275,0.0
17,81,0.7680516629180877,0.2319483370819123,0.2517761631366148,0.0
17,82,0.7680516629180877,0.2319483370819123,0.2524989480652881,0.0
17,83,0.7680516629180877,0.2319483370819123,0.2530152734207721,0.0
17,84,0.7616707536569024,0.2383292463430976,0.2533912772909994,0.0
18,1,0.981354609371162,0.0186453906288378,0.0,13.623575
18,2,0.9589747031007412,0.0410252968992588,0.0312153814104069,12.222775
18,3,0.9465818040736158,0.0534181959263841,0.0438181795125749,11.639775
18,4,0.9465818040736158,0.0534181959263841,0.0547234699080095,11.995325
18,5,0.9345669943673324,0.0654330056326677,0.0632973609322061,11.3444
18,6,0.9209320124032369,0.0790679875967632,0.071756173250201,10.563975
18,7,0.9192335407808636,0.0807664592191365,0.0801268888461516,10.6987
18,8,0.9070356648493488,0.092964335150651,0.0866462913639135,9.88855
18,9,0.8998875832831126,0.1001124167168874,0.0937182171032312,9.586375
18,10,0.8984222003775716,0.1015777996224284,0.1001270451723309,9.6178
18,11,0.8982728375990258,0.1017271624009742,0.1052024799131938,9.958375
18,12,0.8917979628763401,0.1082020371236599,0.1093190799727769,9.59825
18,13,0.8876448894152915,0.1123551105847084,0.1139676452519619,9.382175
18,14,0.8784534679846917,0.1215465320153083,0.1183597678534658,8.7568
18,15,0.8732114079997593,0.1267885920002407,0.1234821315529418,8.475075
18,16,0.8696410672504608,0.1303589327495392,0.1281780915142299,8.3731
18,17,0.8622872699049432,0.1377127300950568,0.1323095240504366,7.822375
18,18,0.8622872699049432,0.1377127300950568,0.1368520891467271,7.940675
18,19,0.8622872699049432,0.1377127300950568,0.1401315827182442,8.1153
18,20,0.8543183955504468,0.1456816044495532,0.1427277259578694,7.4935
18,21,0.8543183955504468,0.1456816044495532,0.1465286572769229,7.646325
18,22,0.8543183955504468,0.1456816044495532,0.1493106923239417,7.771475
18,23,0.8529285055804413,0.1470714944195587,0.151526436687881,7.8133
18,24,0.8519688571329441,0.1480311428670558,0.1536950006592766,7.835125
18,25,0.8475655272109672,0.1524344727890327,0.1557159808107738,7.544175
18,26,0.8457007413872035,0.1542992586127964,0.1583557131101775,7.42725
18,27,0.8457007413872035,0.1542992586127964,0.1607715383010624,7.595925
18,28,0.8354106695199971,0.1645893304800029,0.162645214350301,6.5818
18,29,0.8337980278687116,0.1662019721312884,0.1664272218727008,6.4777
18,30,0.8336272215337525,0.1663727784662475,0.16937650371389,6.597075
18,31,0.8327814442739946,0.1672185557260054,0.1715351894182349,6.612225
18,32,0.8327814442739946,0.1672185557260054,0.1733841607756236,6.7243
18,33,0.8288279524070973,0.1711720475929027,0.1748541195797454,6.363725
18,34,0.8288279524070973,0.1711720475929027,0.1769790554766622,6.38275
18,35,0.823940043693345,0.176059956306655,0.1785778263386803,5.943725
18,36,0.823362994991934,0.176637005008066,0.1809720761814081,5.948825
18,37,0.8177488052027518,0.1822511947972481,0.1828372614583625,5.3446
18,38,0.8128432571304284,0.1871567428695716,0.1855454580972233,4.79085
18,39,0.8128432571304284,0.1871567428695716,0.1885841427886757,4.94155
18,40,0.8128432571304284,0.1871567428695716,0.1906760830288788,4.989
18,41,0.8126122419100557,0.1873877580899443,0.1922014180560566,5.030625
18,42,0.8115109493218964,0.1884890506781036,0.1934357144060839,4.955025
18,43,0.8115109493218964,0.1884890506781036,0.1946934951988799,5.004875
18,44,0.8115109493218964,0.1884890506781036,0.1956949612349354,5.071475
18,45,0.8115109493218964,0.1884890506781036,0.1965328415298798,5.138275
18,46,0.8108597003364219,0.1891402996635781,0.1972625195481431,5.1157
18,47,0.8108597003364219,0.1891402996635781,0.198075401744421,5.212
18,48,0.8060262413466092,0.1939737586533908,0.1987726609252386,4.54295
18,49,0.8060262413466092,0.1939737586533908,0.2005763000466922,4.62735
18,50,0.8060262413466092,0.1939737586533908,0.2018696585546535,4.694875
18,51,0.8050737944562235,0.1949262055437765,0.2028431822467324,4.578975
18,52,0.8050737944562235,0.1949262055437765,0.2038501091134697,4.71395
18,53,0.8020976043385288,0.1979023956614711,0.2046349248389831,4.266475
18,54,0.7969271212433656,0.2030728787566343,0.2060243825864759,3.5685
18,55,0.7905974674727029,0.2094025325272971,0.2083462460731915,2.669975
18,56,0.7902826579433554,0.2097173420566446,0.2115522964960401,2.69575
18,57,0.7902826579433554,0.2097173420566446,0.2137872820003243,2.7188
18,58,0.7902826579433554,0.2097173420566446,0.2153282323376361,2.7302
18,59,0.7895322920385853,0.2104677079614146,0.2164273581086319,2.691525
18,60,0.7882944429218061,0.2117055570781939,0.2174369084760908,2.5303
18,61,0.7867636416877636,0.2132363583122364,0.2185135933841189,2.2803
18,62,0.7863849997228406,0.2136150002771594,0.2197078920365737,2.280775
18,63,0.7863763694548146,0.2136236305451854,0.2206736464634055,2.330075
18,64,0.7863763694548146,0.2136236305451854,0.2213923361868201,2.365725
18,65,0.7863763694548146,0.2136236305451854,0.2219462538374326,2.387675
18,66,0.7843412455664366,0.2156587544335634,0.2223901750091508,2.117325
18,67,0.7843412455664366,0.2156587544335634,0.2233037711401994,2.1302
18,68,0.7843412455664366,0.2156587544335634,0.2239744373994879,2.15145
18,69,0.7824099132852765,0.2175900867147234,0.2244842571953287,1.92615
18,70,0.7764977789123356,0.2235022210876643,0.2254098606165066,0.0
18,71,0.7730712474994589,0.2269287525005411,0.2276909583974866,0.0
18,72,0.7729930625558153,0.2270069374441846,0.230185931270854,0.0
18,73,0.7729930625558153,0.2270069374441846,0.2319058555455314,0.0
18,74,0.7716526945349512,0.2283473054650487,0.23309435536774,0.0
18,75,0.7716526945349512,0.2283473054650487,0.2343027665996846,0.0
18,76,0.7712008095717864,0.2287991904282136,0.2351515293649965,0.0
18,77,0.7712008095717864,0.2287991904282136,0.2358868381246373,0.0
18,78,0.7712008095717864,0.2287991904282136,0.2364187339376673,0.0
18,79,0.7712008095717864,0.2287991904282136,0.2368133849590802,0.0
18,80,0.7712008095717864,0.2287991904282136,0.2371144293200008,0.0
18,81,0.7712008095717864,0.2287991904282136,0.2373507318699433,0.0
18,82,0.7712008095717864,0.2287991904282136,0.2375414487596229,0.0
18,83,0.763349298450783,0.2366507015492169,0.2376993415056667,0.0
18,84,0.763349298450783,0.2366507015492169,0.2400895335444333,0.0
19,1,0.998442362317714,0.001557637682286,0.0,14.938325
19,2,0.9821305535933648,0.0178694464066353,0.0312153814104069,13.990525
19,3,0.9762295849066612,0.0237704150933386,0.0434939438277158,13.92175
19,4,0.9604591223256592,0.0395408776743407,0.0537145524143365,13.1143
19,5,0.9457761216347784,0.0542238783652214,0.0634960984694471,12.2334
19,6,0.9323651948518068,0.0676348051481933,0.0727394901567085,11.50955
19,7,0.9294039068074148,0.0705960931925852,0.0814355629200421,11.507975
19,8,0.9136542723312292,0.0863457276687706,0.088311012070819,10.511775
19,9,0.9049564853782588,0.0950435146217413,0.0961113039126911,9.975925
19,10,0.8948681899522715,0.1051318100477285,0.1031322397491973,9.397275
19,11,0.8862661917249611,0.1137338082750388,0.1099532908302411,8.848825
19,12,0.8814397123168765,0.1185602876831235,0.1163681145350623,8.688175
19,13,0.8811467246048327,0.1188532753951673,0.1218769793860031,8.82335
19,14,0.878281523400189,0.121718476599811,0.1260768836671828,8.8074
19,15,0.8769447367856662,0.1230552632143338,0.1300353019922991,8.8319
19,16,0.863551454969295,0.136448545030705,0.1335095587918567,7.776175
19,17,0.858752679610414,0.1412473203895859,0.1389678485658649,7.45615
19,18,0.858752679610414,0.1412473203895859,0.1437245635299824,7.71135
19,19,0.858752679610414,0.1412473203895859,0.1471617663652498,7.766275
19,20,0.8530935185793332,0.1469064814206667,0.1498847036816161,7.39325
19,21,0.8515753412842675,0.1484246587157325,0.1533292853434989,7.412275
19,22,0.8465061589665304,0.1534938410334696,0.1562734490599048,6.98585
19,23,0.8438319426108493,0.1561680573891507,0.1596517861663756,6.8735
19,24,0.8389201868841069,0.1610798131158931,0.1627396798695067,6.47565
19,25,0.829372905964742,0.170627094035258,0.1661186389697706,5.587575
19,26,0.8291605943170586,0.1708394056829414,0.1706188903419136,5.747225
19,27,0.8291605943170586,0.1708394056829414,0.1737382361663177,5.8279
19,28,0.8272528874628019,0.1727471125371981,0.176041625619312,5.7172
19,29,0.8272528874628019,0.1727471125371981,0.1782871505868928,5.78215
19,30,0.8203375169273084,0.1796624830726916,0.1800650792389919,5.16175
19,31,0.8161005693801259,0.1838994306198741,0.1830806979874235,4.751125
19,32,0.8161005693801259,0.1838994306198741,0.1861940147169531,4.7895
19,33,0.8139590806502213,0.1860409193497787,0.1884127443113297,4.63015
19,34,0.8114861618118357,0.1885138381881642,0.1905893153383782,4.3771
19,35,0.8107801083726027,0.1892198916273972,0.1928058042115391,4.40725
19,36,0.8055623365907617,0.1944376634092383,0.1946342153004392,3.793825
19,37,0.800992449374303,0.1990075506256969,0.1972587744642257,3.389725
19,38,0.796327949992917,0.203672050007083,0.2001958151691862,2.837125
19,39,0.796327949992917,0.203672050007083,0.2033375903142256,2.8915
19,40,0.796327949992917,0.203672050007083,0.2055136867556286,2.90215
19,41,0.7928815688296574,0.2071184311703425,0.2071110589722614,2.56235
19,42,0.7928815688296574,0.2071184311703425,0.2091679095396156,2.57
19,43,0.7911287342348633,0.2088712657651367,0.2106779198266125,2.35905
19,44,0.783050709220746,0.2169492907792539,0.2122695135570538,1.51245
19,45,0.783050709220746,0.2169492907792539,0.2154221463880645,1.537625
19,46,0.783050709220746,0.2169492907792539,0.2175773802895214,1.579425
19,47,0.7792933107433261,0.2207066892566739,0.2191222604065907,0.0
19,48,0.7792933107433261,0.2207066892566739,0.221204914882908,0.0
19,49,0.7792933107433261,0.2207066892566739,0.2226951895625931,0.0
19,50,0.778346879393102,0.221653120606898,0.2238155635187665,0.0
19,51,0.7773653589126308,0.2226346410873692,0.224935540575716,0.0
19,52,0.7770381381386328,0.2229618618613672,0.2260586222565881,0.0
19,53,0.7742712728447726,0.2257287271552274,0.2270148769344435,0.0
19,54,0.7742712728447726,0.2257287271552274,0.2284752063260218,0.0
19,55,0.7725906934524939,0.2274093065475061,0.2295496776338657,0.0
19,56,0.7725906934524939,0.2274093065475061,0.2308040702968659,0.0
19,57,0.7677748316863419,0.2322251683136581,0.231739936977899,0.0
19,58,0.7677748316863419,0.2322251683136581,0.2337056404724599,0.0
19,59,0.7648260944531234,0.2351739055468765,0.2350846044894964,0.0
19,60,0.7648260944531234,0.2351739055468765,0.236851747611027,0.0
19,61,0.7625568090115026,0.2374431909884974,0.2380994108762076,0.0
19,62,0.7625568090115026,0.2374431909884974,0.2396056573957959,0.0
19,63,0.761876937120802,0.238123062879198,0.2406810995144556,0.0
19,64,0.7593727220918104,0.2406272779081896,0.2416561615860815,0.0
19,65,0.7579134520698071,0.2420865479301929,0.2430477404698542,0.0
19,66,0.7579134520698071,0.2420865479301929,0.2444300445817633,0.0
19,67,0.7579134520698071,0.2420865479301929,0.2454152297844183,0.0
19,68,0.7579134520698071,0.2420865479301929,0.2461400442628795,0.0
19,69,0.7505129826753408,0.2494870173246591,0.2466923588666377,0.0
19,70,0.7505129826753408,0.2494870173246591,0.2491355750810592,0.0
19,71,0.7461894579785432,0.2538105420214568,0.2508060864168924,0.0
19,72,0.7461894579785432,0.2538105420214568,0.2531524586434679,0.0
19,73,0.7461894579785432,0.2538105420214568,0.2547591866711162,0.0
19,74,0.7461894579785432,0.2538105420214568,0.2558786852772076,0.0
19,75,0.7461894579785432,0.2538105420214568,0.2566753927181326,0.0
19,76,0.7461894579785432,0.2538105420214568,0.2572567148097846,0.0
19,77,0.7405728030282709,0.2594271969717291,0.2576929968338958,0.0
19,78,0.7405728030282709,0.2594271969717291,0.2596061147897705,0.0
19,79,0.7405728030282709,0.2594271969717291,0.2609234329385876,0.0
19,80,0.7405728030282709,0.2594271969717291,0.261843200402879,0.0
19,81,0.7376943101094695,0.2623056898905305,0.2624962697357073,0.0
19,82,0.7335881531429331,0.2664118468570668,0.2637899606997197,0.0
19,83,0.7335881531429331,0.2664118468570668,0.265865753493095,0.0
19,84,0.7335881531429331,0.2664118468570668,0.2672901204369844,0.0
20,1,0.9906736710672004,0.0093263289327995,0.0,14.283675
20,2,0.9796735556642854,0.0203264443357146,0.0312153814104069,13.79645
20,3,0.9572892472735898,0.0427107527264102,0.0432101249687141,12.5059
20,4,0.9517633864327198,0.0482366135672801,0.0545602323863943,12.385175
20,5,0.945623841802052,0.0543761581979479,0.0638339756867167,12.249325
20,6,0.9233617208569812,0.0766382791430189,0.0719180427899926,10.727925
20,7,0.9158740354382706,0.0841259645617293,0.0812608522611216,10.435725
20,8,0.9057372924957066,0.0942627075042934,0.0890265830513188,9.79135
20,9,0.8953234942736903,0.1046765057263097,0.0963766385314294,9.223475
20,10,0.8851402171266174,0.1148597828733826,0.1034831792280323,8.5681
20,11,0.8836773031818019,0.116322696818198,0.1103642702256474,8.6668
20,12,0.8828742252581914,0.1171257747418086,0.1155975823478781,8.756775
20,13,0.8798905406297824,0.1201094593702175,0.1198531906290345,8.702825
20,14,0.8771955338385178,0.1228044661614822,0.1239305072408181,8.7192
20,15,0.8771955338385178,0.1228044661614822,0.1277751717221207,8.84985
20,16,0.8718147121461425,0.1281852878538575,0.1309214571757545,8.536875
20,17,0.8639192948598381,0.1360807051401619,0.1346697418770686,7.991275
20,18,0.8602989043671082,0.1397010956328918,0.1391475284849867,7.868025
20,19,0.8602989043671082,0.1397010956328918,0.1431222492393919,7.906175
20,20,0.8457118655911819,0.154288134408818,0.1460902211534632,6.70525
20,21,0.8457118655911819,0.154288134408818,0.1514338332772533,6.839975
20,22,0.8386068814283928,0.1613931185716072,0.1550420633091614,6.250375
20,23,0.8313871689676494,0.1686128310323505,0.15918031557542,5.606475
20,24,0.8313871689676494,0.1686128310323505,0.1636116213142283,5.718775
20,25,0.8247097198730927,0.1752902801269072,0.1666819202481117,5.13645
20,26,0.8191510559324756,0.1808489440675244,0.1704113390688287,4.691775
20,27,0.8191510559324756,0.1808489440675244,0.1742513155855147,4.709525
20,28,0.816017902718292,0.183982097281708,0.1769511421536106,4.458525
20,29,0.816017902718292,0.183982097281708,0.1796839275131278,4.559175
20,30,0.816017902718292,0.183982097281708,0.1817369746210804,4.6278
20,31,0.816017902718292,0.183982097281708,0.1833903549214976,4.712225
20,32,0.8065393791087634,0.1934606208912366,0.1847977159494882,3.792425
20,33,0.8064742878151185,0.1935257121848814,0.1881588669688879,3.744775
20,34,0.8064742878151185,0.1935257121848814,0.1905211756071122,3.8136
20,35,0.8043538363506352,0.1956461636493648,0.1922852564581196,3.617675
20,36,0.8031046864094793,0.1968953135905207,0.1941729003336816,3.5478
20,37,0.8031046864094793,0.1968953135905207,0.1959223603000616,3.54585
20,38,0.7972888782523322,0.2027111217476678,0.1972927064784382,2.9448
20,39,0.7968355141465854,0.2031644858534146,0.1997760075303248,2.950825
20,40,0.7956642709347473,0.2043357290652526,0.2016633730519493,2.85905
20,41,0.793128598342047,0.206871401657953,0.2033584217160018,2.564875
20,42,0.7896799196892933,0.2103200803107067,0.2052533548686654,2.202375
20,43,0.789009130279409,0.210990869720591,0.207479537223955,2.169275
20,44,0.782218976331869,0.217781023668131,0.2092397176151906,1.475575
20,45,0.7805583353228416,0.2194416646771584,0.2121815432296851,1.320275
20,46,0.7805583353228416,0.2194416646771584,0.2146059457044765,1.3312
20,47,0.7780507083455827,0.2219492916544173,0.2163116110843484,0.0
20,48,0.7772071143112379,0.2227928856887621,0.2181849021315043,0.0
20,49,0.7772071143112379,0.2227928856887621,0.2197506346539223,0.0
20,50,0.7772071143112379,0.2227928856887621,0.2209148255562388,0.0
20,51,0.7752469086808297,0.2247530913191703,0.2218248773487532,0.0
20,52,0.7735715310346606,0.2264284689653394,0.2230589243295231,0.0
20,53,0.7711302575534615,0.2288697424465384,0.2244194493510975,0.0
20,54,0.7711302575534615,0.2288697424465384,0.2260484953668958,0.0
20,55,0.7711302575534615,0.2288697424465384,0.2272270135985928,0.0
20,56,0.7711302575534615,0.2288697424465384,0.2281182108273883,0.0
20,57,0.7709466272425338,0.2290533727574661,0.228823345299723,0.0
20,58,0.7706617615612704,0.2293382384387295,0.2294526672252509,0.0
20,59,0.7670006682280178,0.2329993317719821,0.2300548775677104,0.0
20,60,0.7592966391845969,0.2407033608154031,0.2315096978327397,0.0
20,61,0.7592966391845969,0.2407033608154031,0.234560844405295,0.0
20,62,0.7592966391845969,0.2407033608154031,0.2366256895642455,0.0
20,63,0.7592966391845969,0.2407033608154031,0.2380581028453318,0.0
20,64,0.7549549394588878,0.2450450605411122,0.2390821576682898,0.0
20,65,0.7549549394588878,0.2450450605411122,0.24099153827275,0.0
20,66,0.7547636954108511,0.2452363045891489,0.2423190452699584,0.0
20,67,0.7536739261693507,0.2463260738306493,0.2433191224606176,0.0
20,68,0.7504321095202712,0.2495678904797288,0.2443457971660507,0.0
20,69,0.7485233686937468,0.2514766313062532,0.2459692858776343,0.0
20,70,0.7485233686937468,0.2514766313062532,0.247622197475851,0.0
20,71,0.7460202286124854,0.2539797713875146,0.2487753220167688,0.0
20,72,0.7460202286124854,0.2539797713875146,0.2502840264686998,0.0
20,73,0.7460202286124854,0.2539797713875146,0.2513396701640397,0.0
20,74,0.7428888004350943,0.2571111995649057,0.2520955050297201,0.0
20,75,0.7425353487448003,0.2574646512551997,0.2535189742991948,0.0
20,76,0.7419752080828843,0.2580247919171157,0.2546123444818416,0.0
20,77,0.7419752080828843,0.2580247919171157,0.2555438175141509,0.0
20,78,0.7419752080828843,0.2580247919171157,0.2562095779332039,0.0
20,79,0.7419752080828843,0.2580247919171157,0.2566966854194207,0.0
20,80,0.7415327656560057,0.2584672343439943,0.2570625363494854,0.0
20,81,0.7415327656560057,0.2584672343439943,0.2574707253557446,0.0
20,82,0.7415327656560057,0.2584672343439943,0.2577791818016405,0.0
20,83,0.733703751055585,0.2662962489444149,0.2580185354624737,0.0
20,84,0.7228353770989614,0.2771646229010386,0.2604593071664671,0.0
21,1,0.9574663500679498,0.0425336499320502,0.0,11.84385
21,2,0.9295266496911028,0.0704733503088972,0.0312153814104069,10.091375
21,3,0.9104348022106862,0.0895651977893138,0.0441152551011075,8.94555
21,4,0.8995432385185543,0.1004567614814456,0.0557064342289867,8.455225
21,5,0.8822052753551466,0.1177947246448534,0.0656920715736962,7.399675
21,6,0.8750589106270267,0.1249410893729733,0.0754506371250641,7.0407
21,7,0.8716645519272177,0.1283354480727823,0.0836658569858612,6.9447
21,8,0.8652327306293793,0.1347672693706206,0.0904882568436326,6.661275
21,9,0.8581824904638672,0.1418175095361328,0.0969351020969061,6.2688
21,10,0.8402655327293477,0.1597344672706523,0.1031408519830605,4.997925
21,11,0.8323257397707375,0.1676742602292624,0.1108945874516758,4.515175
21,12,0.8306487956077185,0.1693512043922814,0.1176279202785864,4.45185
21,13,0.8253927169987527,0.1746072830012472,0.1227481719700737,4.1342
21,14,0.8233977353344416,0.1766022646655584,0.1276719783518789,4.073825
21,15,0.8102500449993827,0.1897499550006173,0.1318297310539552,3.0824
21,16,0.7999755166101209,0.2000244833898791,0.1376302913189098,2.3137
21,17,0.7971118811139101,0.2028881188860899,0.1436624497367526,2.067225
21,18,0.7947551589074023,0.2052448410925976,0.1483659641380861,1.935175
21,19,0.7892639795533793,0.2107360204466206,0.152273430880496,1.53705
21,20,0.7836759713096383,0.2163240286903617,0.1563604271261493,1.1629
21,21,0.7818030162787162,0.2181969837212838,0.1605286409703631,1.03905
21,22,0.7818030162787162,0.2181969837212838,0.1639597397003838,1.0743
21,23,0.7818030162787162,0.2181969837212838,0.1665897384409321,1.094225
21,24,0.7796117337152463,0.2203882662847537,0.1687591421743919,0.0
21,25,0.7796117337152463,0.2203882662847537,0.1711036313548265,0.0
21,26,0.7653391338794604,0.2346608661205396,0.1730477799359993,0.0
21,27,0.7633705856529834,0.2366294143470165,0.177785963102157,0.0
21,28,0.7594396501863225,0.2405603498136774,0.1814130594043908,0.0
21,29,0.7576108993717071,0.2423891006282929,0.1848447604737148,0.0
21,30,0.7558604906866204,0.2441395093133795,0.1877010788708537,0.0
21,31,0.7523616776589419,0.2476383223410581,0.1902058778144334,0.0
21,32,0.7523616776589419,0.2476383223410581,0.1928860686874356,0.0
21,33,0.7523616776589419,0.2476383223410581,0.1948751573080472,0.0
21,34,0.7523616776589419,0.2476383223410581,0.1964543336715226,0.0
21,35,0.747325641164675,0.2526743588353249,0.1977809962592763,0.0
21,36,0.7404361982786954,0.2595638017213045,0.2000901435830499,0.0
21,37,0.7404361982786954,0.2595638017213045,0.2033872018625662,0.0
21,38,0.7386408614400705,0.2613591385599295,0.2056753347629741,0.0
21,39,0.7341674658388557,0.2658325341611443,0.2077799567590967,0.0
21,40,0.7259915358346586,0.2740084641653414,0.2103937791369833,0.0
21,41,0.7249080113605899,0.2750919886394101,0.2141760044490911,0.0
21,42,0.7249080113605899,0.2750919886394101,0.2169878930138201,0.0
21,43,0.724696108123399,0.275303891876601,0.2189605060073078,0.0
21,44,0.724696108123399,0.275303891876601,0.2204730762847657,0.0
21,45,0.7198294387061795,0.2801705612938204,0.2216492221696633,0.0
21,46,0.7198294387061795,0.2801705612938204,0.2237867177974255,0.0
21,47,0.7198294387061795,0.2801705612938204,0.2253274168181048,0.0
21,48,0.7107445171404803,0.2892554828595197,0.2264972814088432,0.0
21,49,0.7107445171404803,0.2892554828595197,0.2296601168390097,0.0
21,50,0.7107445171404803,0.2892554828595197,0.2318172993268241,0.0
21,51,0.7103447834238265,0.2896552165761735,0.2333507370668543,0.0
21,52,0.7103447834238265,0.2896552165761735,0.2345923357388219,0.0
21,53,0.7044711117370733,0.2955288882629266,0.235547073054145,0.0
21,54,0.7044711117370733,0.2955288882629266,0.2377944271745897,0.0
21,55,0.7044711117370733,0.2955288882629266,0.2393686396726458,0.0
21,56,0.7019839830305359,0.2980160169694641,0.2405166404892839,0.0
21,57,0.7001193376391663,0.2998806623608336,0.2420266465070851,0.0
21,58,0.7001193376391663,0.2998806623608336,0.2436043152562935,0.0
21,59,0.7001193376391663,0.2998806623608336,0.2447426955258759,0.0
21,60,0.7001193376391663,0.2998806623608336,0.2455979685187866,0.0
21,61,0.7001193376391663,0.2998806623608336,0.2462682860247906,0.0
21,62,0.6952155290023461,0.3047844709976539,0.2468155967931323,0.0
21,63,0.6952155290023461,0.3047844709976539,0.248567688981228,0.0
21,64,0.6952155290023461,0.3047844709976539,0.2498018868208587,0.0
21,65,0.6916388050348852,0.3083611949651148,0.2506998242046267,0.0
21,66,0.6916388050348852,0.3083611949651148,0.2523300380139776,0.0
21,67,0.6916388050348852,0.3083611949651148,0.2534787651543741,0.0
21,68,0.6906715235801855,0.3093284764198145,0.2543126024822832,0.0
21,69,0.6841929950746,0.3158070049254,0.2551997154514987,0.0
21,70,0.6817425934942896,0.3182574065057104,0.2576140548412555,0.0
21,71,0.6813798116684125,0.3186201883315874,0.2599355061354754,0.0
21,72,0.6805646270447974,0.3194353729552026,0.2616277275760963,0.0
21,73,0.6771079313166619,0.3228920686833381,0.2630307988607203,0.0
21,74,0.6771079313166619,0.3228920686833381,0.2649718446101204,0.0
21,75,0.6771079313166619,0.3228920686833381,0.2663126633962926,0.0
21,76,0.6716232699665677,0.3283767300334322,0.2672557739385867,0.0
21,77,0.6716232699665677,0.3283767300334322,0.2694660148680472,0.0
21,78,0.6671465752169116,0.3328534247830884,0.2709832154446337,0.0
21,79,0.6671465752169116,0.3328534247830884,0.2733002134199465,0.0
21,80,0.6659112240243117,0.3340887759756883,0.2748881383050205,0.0
21,81,0.6659112240243117,0.3340887759756883,0.2763400630674149,0.0
21,82,0.664024795818912,0.3359752041810879,0.277349247730103,0.0
21,83,0.6603427859409668,0.3396572140590331,0.278600667064643,0.0
21,84,0.6603427859409668,0.3396572140590331,0.280531349105277,0.0
22,1,1.0,0.0,0.0,14.946075
22,2,1.0,0.0,0.0312153814104069,15.449175
22,3,0.9968509929478334,0.0031490070521665,0.0426223575631783,15.6766
22,4,0.9873371120802562,0.0126628879197437,0.0521489122730784,15.2335
22,5,0.9805846729004876,0.0194153270995124,0.0609242707888843,15.066
22,6,0.9744063297382264,0.0255936702617735,0.0687134719608383,15.026425
22,7,0.9708600098386408,0.0291399901613592,0.0757196874586866,15.062275
22,8,0.9667008788368424,0.0332991211631575,0.081787313113095,15.061675
22,9,0.9574106448947904,0.0425893551052096,0.0873255792324773,14.571775
22,10,0.9480969595655344,0.0519030404344654,0.0932649646315286,14.007725
22,11,0.9458211244402408,0.0541788755597592,0.099286405070995,14.237975
22,12,0.9363567669164308,0.0636432330835693,0.1040826650745945,13.661175
22,13,0.9334682453595082,0.0665317546404917,0.1094850459461496,13.63595
22,14,0.9299235024386604,0.0700764975613394,0.1139397479196904,13.659325
22,15,0.925628886639048,0.0743711133609519,0.1180029853361915,13.48925
22,16,0.9242470117636418,0.0757529882363582,0.1219585153366372,13.593925
22,17,0.9242470117636418,0.0757529882363582,0.1252562936499802,13.892625
22,18,0.9227622901611562,0.0772377098388438,0.1279067871834547,13.97515
22,19,0.9189387964138094,0.0810612035861906,0.1304662133761735,13.85395
22,20,0.9141591927729228,0.0858408072270772,0.1333936440685957,13.643425
22,21,0.9123973601985944,0.0876026398014057,0.1366656951894088,13.748225
22,22,0.9123524046015972,0.0876475953984029,0.1394775700778971,13.99015
22,23,0.9082432861680412,0.0917567138319587,0.1416681533444347,13.771575
22,24,0.9006650529047325,0.0993349470952674,0.1443419578310493,13.186175
22,25,0.9006650529047325,0.0993349470952674,0.147979473475259,13.27005
22,26,0.9006650529047325,0.0993349470952674,0.1505279202289969,13.6036
22,27,0.9002879680666931,0.0997120319333069,0.1524676066877307,13.721225
22,28,0.8970300997987674,0.1029699002012326,0.1541331426197104,13.6036
22,29,0.8852410922799768,0.1147589077200231,0.1562493641897988,12.451025
22,30,0.8852410922799768,0.1147589077200231,0.1604639044320518,12.77235
22,31,0.8852410922799768,0.1147589077200231,0.1632690031166948,12.889075
22,32,0.8838450740743848,0.1161549259256151,0.1652737578678346,12.90155
22,33,0.8836728140586284,0.1163271859413715,0.1671238682075898,13.1473
22,34,0.878259627667274,0.121740372332726,0.1685992628739196,12.500125
22,35,0.878259627667274,0.121740372332726,0.1710305199529545,12.778075
22,36,0.878259627667274,0.121740372332726,0.1727787934881252,12.91605
22,37,0.8763324325426304,0.1236675674573696,0.1741208871232845,12.8873
22,38,0.8723962496538729,0.1276037503461271,0.1756584351715839,12.581675
22,39,0.8723962496538729,0.1276037503461271,0.1777680849050074,12.552825
22,40,0.8723962496538729,0.1276037503461271,0.1792943586841043,12.863725
22,41,0.8703198203367707,0.1296801796632293,0.1804670815911032,12.7403
22,42,0.8683091311237496,0.1316908688762503,0.1819100506861546,12.623025
22,43,0.8683091311237496,0.1316908688762503,0.1834932781306114,12.8601
22,44,0.8683091311237496,0.1316908688762503,0.1846764384240637,12.97855
22,45,0.866746707358311,0.1332532926416889,0.1856109791555886,12.9405
22,46,0.8568586052050889,0.143141394794911,0.1867640043318253,11.630625
22,47,0.8564177788029651,0.1435822211970349,0.1900645334455069,11.834725
22,48,0.8564177788029651,0.1435822211970349,0.1923824337525929,11.883725
22,49,0.8545734713538119,0.1454265286461881,0.193989505591637,11.6742
22,50,0.8543121175288899,0.1456878824711101,0.1956104178267492,11.72345
22,51,0.8543121175288899,0.1456878824711101,0.1968458523078816,12.007775
22,52,0.8536717032073041,0.1463282967926958,0.1977731695077597,12.12155
22,53,0.8536717032073041,0.1463282967926958,0.1986640363076156,12.14545
22,54,0.8536717032073041,0.1463282967926958,0.1993665172237948,12.310325
22,55,0.8536717032073041,0.1463282967926958,0.1999457391411858,12.509475
22,56,0.8536717032073041,0.1463282967926958,0.2004421159314445,12.39285
22,57,0.8536717032073041,0.1463282967926958,0.2008808969019804,12.627475
22,58,0.8412120316416066,0.1587879683583933,0.2012779879286012,10.930575
22,59,0.8412120316416066,0.1587879683583933,0.2048562687454944,10.99255
22,60,0.8396146961792441,0.1603853038207559,0.2072425214385989,10.761075
22,61,0.8378215171367206,0.1621784828632794,0.2092859649310878,10.625425
22,62,0.8378215171367206,0.1621784828632794,0.2111629423541177,10.6958
22,63,0.8376643142092354,0.1623356857907646,0.2124632360363884,10.790925
22,64,0.8373848989246611,0.1626151010753389,0.2134327628051167,10.974675
22,65,0.8373848989246611,0.1626151010753389,0.2142192653600551,10.976725
22,66,0.8373848989246611,0.1626151010753389,0.2148105488041336,11.049225
22,67,0.8373848989246611,0.1626151010753389,0.2152722965701294,11.236525
22,68,0.8373848989246611,0.1626151010753389,0.215646670497328,11.244425
22,69,0.8373848989246611,0.1626151010753389,0.2159608483264687,11.443825
22,70,0.8371378462782874,0.1628621537217126,0.216232434614173,11.607275
22,71,0.835673045624281,0.1643269543757189,0.2165401843689256,11.35115
22,72,0.835673045624281,0.1643269543757189,0.217201851629336,11.504075
22,73,0.8313991104245959,0.1686008895754041,0.2176924776868339,10.8738
22,74,0.8313991104245959,0.1686008895754041,0.2192472590650341,10.936675
22,75,0.8313991104245959,0.1686008895754041,0.2203228472058491,10.934325
22,76,0.8313991104245959,0.1686008895754041,0.2210808213238147,10.984125
22,77,0.8304193147267066,0.1695806852732934,0.2216269388833856,10.994325
22,78,0.8288906453387455,0.1711093546612545,0.2223054681130276,10.63525
22,79,0.8262894765503569,0.1737105234496431,0.2232258154813909,10.516275
22,80,0.8252675449820547,0.1747324550179453,0.2246107065930463,10.255975
22,81,0.8241633591641148,0.1758366408358852,0.2258589816582467,10.179475
22,82,0.8241633591641148,0.1758366408358852,0.2270398411237656,10.200075
22,83,0.8228682844617993,0.1771317155382007,0.2278598958816344,10.112125
22,84,0.8097344478825109,0.190265552117489,0.2288090849281732,7.387875
23,1,1.0,0.0,0.0,15.02865
23,2,0.9985035889221986,0.0014964110778014,0.0312153814104069,15.3198
23,3,0.9923337236410162,0.0076662763589837,0.042702315056768,15.2679
23,4,0.9903942118165426,0.0096057881834573,0.0525084612767432,15.6306
23,5,0.988102474481436,0.011897525518564,0.0606749190079164,15.747875
23,6,0.9831836677259626,0.0168163322740374,0.067700939407267,15.767725
23,7,0.9711581199785408,0.0288418800214592,0.0741975941761116,15.12005
23,8,0.967544235838288,0.0324557641617121,0.0811938622733127,15.183025
23,9,0.959892249173762,0.0401077508262378,0.087018267473099,14.80725
23,10,0.959892249173762,0.0401077508262378,0.0928135263322373,15.129525
23,11,0.9454544502210848,0.0545455497789152,0.097231591566083,14.146625
23,12,0.9419917428193292,0.0580082571806707,0.1033493787875372,14.19705
23,13,0.9392678323162502,0.0607321676837497,0.1082884466049515,14.16345
23,14,0.937101811292194,0.062898188707806,0.1124835267247078,14.247175
23,15,0.9267752824433724,0.0732247175566275,0.1161543795948067,13.576475
23,16,0.9267752824433724,0.0732247175566275,0.1210331699921549,13.837225
23,17,0.9226993258813142,0.0773006741186858,0.1245078941699468,13.803825
23,18,0.9140138583553346,0.0859861416446654,0.1280284200766167,13.108375
23,19,0.9140138583553346,0.0859861416446654,0.1324370050860952,13.34745
23,20,0.9077736475350678,0.0922263524649321,0.1355531433581612,12.96815
23,21,0.9077736475350678,0.0922263524649321,0.1392288935398102,13.245675
23,22,0.9077736475350678,0.0922263524649321,0.14190556901946,13.424075
23,23,0.9076982922130948,0.0923017077869051,0.1440284947369932,13.676
23,24,0.9040614412568656,0.0959385587431342,0.145839968269156,13.451525
23,25,0.902937730453099,0.097062269546901,0.1481976127319001,13.537475
23,26,0.9023683982044308,0.097631601795569,0.1502952316172453,13.7914
23,27,0.9023683982044308,0.097631601795569,0.1521105718048298,14.036425
23,28,0.8945304675865836,0.1054695324134163,0.1536257106464623,13.28345
23,29,0.8940586755276576,0.1059413244723423,0.1566497377173158,13.5214
23,30,0.8899239449388511,0.1100760550611489,0.1588993906336726,13.1035
23,31,0.8899239449388511,0.1100760550611489,0.1615090134214082,13.3976
23,32,0.8899239449388511,0.1100760550611489,0.1633989727146866,13.69115
23,33,0.8787578898397189,0.121242110160281,0.1648679888661484,12.427275
23,34,0.8787578898397189,0.121242110160281,0.1685893742320547,12.630625
23,35,0.8739281099437363,0.1260718900562637,0.1710877458713511,12.234175
23,36,0.8739281099437363,0.1260718900562637,0.1739737883630451,12.2838
23,37,0.873763633901719,0.126236366098281,0.1759795462009005,12.50445
23,38,0.8726249474763911,0.1273750525236089,0.1775021803786683,12.53525
23,39,0.8726249474763911,0.1273750525236089,0.1789576995683043,12.648175
23,40,0.8692667768912964,0.1307332231087036,0.1800995839214098,12.4751
23,41,0.8692667768912964,0.1307332231087036,0.1818331465446336,12.634875
23,42,0.8677016814677859,0.132298318532214,0.1831224940058953,12.5395
23,43,0.8677016814677859,0.132298318532214,0.1845095902143228,12.77705
23,44,0.8667897634117848,0.1332102365882151,0.1855760421642385,12.821075
23,45,0.8667897634117848,0.1332102365882151,0.1866599793667309,12.8893
23,46,0.8667897634117848,0.1332102365882151,0.1875278112359176,13.054075
23,47,0.8667897634117848,0.1332102365882151,0.1882564597502659,13.27245
23,48,0.8625823194157617,0.1374176805842383,0.1888922864212511,12.7614
23,49,0.8619543224769647,0.1380456775230353,0.1904952420130324,12.839925
23,50,0.8557500004639268,0.1442499995360732,0.191810611851477,12.02635
23,51,0.8557500004639268,0.1442499995360732,0.1943264883981271,12.1542
23,52,0.8557500004639268,0.1442499995360732,0.1960462662528319,12.4239
23,53,0.8523475851454853,0.1476524148545147,0.1972688751738467,12.050625
23,54,0.8523475851454853,0.1476524148545147,0.1990336508409975,12.15365
23,55,0.850333846737731,0.1496661532622689,0.2002784039979166,12.010525
23,56,0.850333846737731,0.1496661532622689,0.2017051609548106,12.1397
23,57,0.850333846737731,0.1496661532622689,0.2027314736193758,12.14135
23,58,0.8468501109501091,0.1531498890498909,0.203501305695356,11.78175
23,59,0.8468501109501091,0.1531498890498909,0.2050028443140899,11.82495
23,60,0.8468501109501091,0.1531498890498909,0.2060678965487828,12.0606
23,61,0.8451101673680967,0.1548898326319032,0.2068519940465801,11.860625
23,62,0.8451101673680967,0.1548898326319032,0.2079081947003455,11.8984
23,63,0.8451101673680967,0.1548898326319032,0.2086804934860157,12.07985
23,64,0.8451101673680967,0.1548898326319032,0.2092673036544121,12.217575
23,65,0.8451101673680967,0.1548898326319032,0.2097312272474493,12.338925
23,66,0.8451101673680967,0.1548898326319032,0.2101122482884997,12.476075
23,67,0.8451101673680967,0.1548898326319032,0.2104360217768002,12.701675
23,68,0.8449926365037673,0.1550073634962326,0.2107190971020206,12.707275
23,69,0.8449926365037673,0.1550073634962326,0.2110039498173323,12.970925
23,70,0.8430477828988566,0.1569522171011433,0.2112548702734218,12.363875
23,71,0.8430477828988566,0.1569522171011433,0.2120100514177449,12.92645
23,72,0.8424300529687564,0.1575699470312436,0.2125631329008879,12.886925
23,73,0.8394841607634952,0.1605158392365048,0.2131509192009612,12.2253
23,74,0.8394841607634952,0.1605158392365048,0.2144021916604763,12.412975
23,75,0.8394841607634952,0.1605158392365048,0.2152764283912258,12.58825
23,76,0.8394841607634952,0.1605158392365048,0.2159002059693707,12.75275
23,77,0.8394841607634952,0.1605158392365048,0.2163563894539718,12.89285
23,78,0.8394841607634952,0.1605158392365048,0.2166993740304053,12.853025
23,79,0.8369124823039041,0.1630875176960958,0.216964969179436,12.5655
23,80,0.8369124823039041,0.1630875176960958,0.2179041981340599,12.6984
23,81,0.8369124823039041,0.1630875176960958,0.2185637168854461,12.707975
23,82,0.8323763036185902,0.1676236963814098,0.2190349286665975,12.027375
23,83,0.827018127891206,0.172981872108794,0.2206770127443442,10.93425
23,84,0.8227701584867972,0.1772298415132027,0.2233449611447436,10.0638
24,1,0.9415694787198104,0.0584305212801895,0.0,10.67745
24,2,0.9393524167708188,0.0606475832291811,0.0312153814104069,10.785925
24,3,0.9141431432599226,0.0858568567400773,0.0427408214794137,9.277325
24,4,0.9113696633316049,0.0886303366683952,0.0540531211451108,9.3112
24,5,0.8930669631111621,0.1069330368888379,0.0630009791240424,8.1482
24,6,0.8776413938033122,0.1223586061966878,0.0723102884525351,7.255475
24,7,0.8577693353089414,0.1422306646910586,0.081272530556483,5.934725
24,8,0.8577693353089414,0.1422306646910586,0.0906224273569037,6.1112
24,9,0.8471835931067915,0.1528164068932085,0.0971584552301993,5.439475
24,10,0.8456361138156591,0.1543638861843409,0.1039650122855684,5.4384
24,11,0.8456361138156591,0.1543638861843409,0.1093054338686388,5.571925
24,12,0.8403373750460695,0.1596626249539304,0.1135859827674997,5.267025
24,13,0.8393735694690524,0.1606264305309476,0.1181669793172055,5.294675
24,14,0.8253509700973803,0.1746490299026196,0.1220095752555146,4.287525
24,15,0.8127271989592942,0.1872728010407057,0.1278030558639998,3.281475
24,16,0.8127271989592942,0.1872728010407057,0.1342472307270562,3.3329
24,17,0.8127271989592942,0.1872728010407057,0.1386032606015403,3.40165
24,18,0.8127271989592942,0.1872728010407057,0.1418847021810759,3.4571
24,19,0.8070777104144197,0.1929222895855803,0.144571090580165,3.0674
24,20,0.8044865547993706,0.1955134452006294,0.1480201264897918,2.8275
24,21,0.7938527837205379,0.2061472162794621,0.1512078389853542,1.962725
24,22,0.7919006929657623,0.2080993070342377,0.1558620839671883,1.808975
24,23,0.7919006929657623,0.2080993070342377,0.1594924872293458,1.83385
24,24,0.7879220417956271,0.2120779582043729,0.1621576084774427,1.545275
24,25,0.7819913113431772,0.2180086886568227,0.1651128412126667,1.125
24,26,0.7780592157859617,0.2219407842140383,0.1686161418150073,0.0
24,27,0.7713999513711661,0.2286000486288338,0.1719797909353095,0.0
24,28,0.771283859334161,0.228716140665839,0.1758426730640858,0.0
24,29,0.771283859334161,0.228716140665839,0.1785601553041847,0.0
24,30,0.7696531971304409,0.2303468028695591,0.1806013567476676,0.0
24,31,0.7670222114952914,0.2329777885047086,0.1826036034778489,0.0
24,32,0.7661205748682692,0.2338794251317307,0.184788461090414,0.0
24,33,0.747897753172759,0.252102246827241,0.1866778496432351,0.0
24,34,0.7474164462082783,0.2525835537917217,0.1922736390695998,0.0
24,35,0.7474164462082783,0.2525835537917217,0.1960085782477005,0.0
24,36,0.7474164462082783,0.2525835537917217,0.1985605405656025,0.0
24,37,0.7474164462082783,0.2525835537917217,0.2004184494607235,0.0
24,38,0.7420816360937046,0.2579183639062954,0.2018601635232134,0.0
24,39,0.741591441380746,0.258408558619254,0.2042815432030722,0.0
24,40,0.7409293035733603,0.2590706964266397,0.2061480422254842,0.0
24,41,0.7409293035733603,0.2590706964266397,0.2077179668648733,0.0
24,42,0.7396378153770008,0.2603621846229992,0.2089461712051215,0.0
24,43,0.7389588346554307,0.2610411653445693,0.2102660598916978,0.0
24,44,0.7289897432042429,0.2710102567957571,0.2114865014782501,0.0
24,45,0.7289897432042429,0.2710102567957571,0.2148677753709445,0.0
24,46,0.7267892215551705,0.2732107784448295,0.2171610934372614,0.0
24,47,0.7267892215551705,0.2732107784448295,0.2193235133683299,0.0
24,48,0.7243469113209405,0.2756530886790594,0.2208674963367184,0.0
24,49,0.723848559590297,0.2761514404097029,0.2226256924080816,0.0
24,50,0.723848559590297,0.2761514404097029,0.2240339219214386,0.0
24,51,0.723848559590297,0.2761514404097029,0.2250975562204046,0.0
24,52,0.723848559590297,0.2761514404097029,0.2259413387697133,0.0
24,53,0.7174004793164136,0.2825995206835864,0.2266416866121989,0.0
24,54,0.7151776130123514,0.2848223869876486,0.2288681089915503,0.0
24,55,0.7151776130123514,0.2848223869876486,0.2309850764552079,0.0
24,56,0.7069197052274143,0.2930802947725857,0.2324687659541301,0.0
24,57,0.7069197052274143,0.2930802947725857,0.2356591161165075,0.0
24,58,0.7069197052274143,0.2930802947725857,0.237817392617808,0.0
24,59,0.7069197052274143,0.2930802947725857,0.2393208466451577,0.0
24,60,0.7069197052274143,0.2930802947725857,0.2404054871359661,0.0
24,61,0.7069197052274143,0.2930802947725857,0.2412195087491816,0.0
24,62,0.7052024951736189,0.2947975048263811,0.2418563273842054,0.0
24,63,0.7032380328831119,0.296761967116888,0.2428262812173498,0.0
24,64,0.6991614413114311,0.3008385586885689,0.2440735158381989,0.0
24,65,0.6991614413114311,0.3008385586885689,0.2460585451029111,0.0
24,66,0.6983525763441198,0.3016474236558801,0.2474369139913346,0.0
24,67,0.6962277971328934,0.3037722028671066,0.2486370898051599,0.0
24,68,0.6959006487156886,0.3040993512843114,0.2500737778317702,0.0
24,69,0.6958431518774336,0.3041568481225664,0.2511792162264186,0.0
24,70,0.6936120053595766,0.3063879946404234,0.2519936460506947,0.0
24,71,0.6936120053595766,0.3063879946404234,0.2532072317132015,0.0
24,72,0.6936120053595766,0.3063879946404234,0.2540721003040902,0.0
24,73,0.6915559120657274,0.3084440879342726,0.2547057203379351,0.0
24,74,0.6863468070685016,0.3136531929314984,0.2557517430154409,0.0
24,75,0.6863468070685016,0.3136531929314984,0.2579431248077432,0.0
24,76,0.6863468070685016,0.3136531929314984,0.2594468053712221,0.0
24,77,0.6863468070685016,0.3136531929314984,0.2604945755694721,0.0
24,78,0.6863468070685016,0.3136531929314984,0.2612384540090586,0.0
24,79,0.6863468070685016,0.3136531929314984,0.2617783878130003,0.0
24,80,0.6863468070685016,0.3136531929314984,0.2621802578743539,0.0
24,81,0.6801255164550462,0.3198744835449538,0.2624876086909398,0.0
24,82,0.6799865012615132,0.3200134987384868,0.2645031906900543,0.0
24,83,0.671063132312374,0.328936867687626,0.2659271334576236,0.0
24,84,0.6690583183185744,0.3309416816814255,0.2694785640200444,0.0
25,1,1.0,0.0,0.0,15.1021
25,2,0.99634897677761,0.0036510232223898,0.0312153814104069,15.2255
25,3,0.9696960415346436,0.0303039584653564,0.0428174421026011,13.40145
25,4,0.960150033062582,0.0398499669374179,0.0542844848607392,13.066425
25,5,0.9525101360164951,0.0474898639835047,0.0639758379560525,12.83525
25,6,0.9505036720736562,0.0494963279263438,0.0724020864495274,13.00495
25,7,0.9330356984804424,0.0669643015195576,0.0792899928022824,11.8326
25,8,0.9304553598205064,0.0695446401794935,0.08739215717541,11.877325
25,9,0.9188733994497688,0.0811266005502312,0.093702293138688,11.20005
25,10,0.9178858914543528,0.0821141085456472,0.1004859913888327,11.388725
25,11,0.8976229323007243,0.1023770676992756,0.1056533154996072,9.819725
25,12,0.8976229323007243,0.1023770676992756,0.1132428445475775,10.078075
25,13,0.8939142997219879,0.1060857002780121,0.1183917803834372,9.95825
25,14,0.8890517101057807,0.1109482898942193,0.1229935136765017,9.762575
25,15,0.8836488603402776,0.1163511396597224,0.1274725853135553,9.4372
25,16,0.8744394096376379,0.1255605903623621,0.1319315519237508,8.7312
25,17,0.8744394096376379,0.1255605903623621,0.1370567109950138,9.011
25,18,0.8707723639369177,0.1292276360630823,0.1407047294690974,8.8134
25,19,0.8670605900996743,0.1329394099003257,0.1442854313905662,8.584475
25,20,0.8670605900996743,0.1329394099003257,0.1477998464144715,8.721775
25,21,0.8615936369379126,0.1384063630620874,0.1504982691007431,8.3426
25,22,0.8568525319610304,0.1431474680389696,0.1538437953963281,8.09365
25,23,0.8505410913819546,0.1494589086180454,0.1573523941032635,7.5982
25,24,0.8490980994043844,0.1509019005956156,0.1612536618450102,7.59725
25,25,0.8471983559787377,0.1528016440212622,0.1643333316180714,7.511625
25,26,0.8389225954085973,0.1610774045914027,0.1670481769161585,6.740275
25,27,0.8364604272446053,0.1635395727553946,0.1709040379653918,6.586
25,28,0.829582141882779,0.170417858117221,0.1741304569578346,5.896975
25,29,0.828229051540908,0.171770948459092,0.1779564466704467,5.854425
25,30,0.8250991156297601,0.1749008843702398,0.1809077379788379,5.650725
25,31,0.8227954599569792,0.1772045400430207,0.1837503241762402,5.42475
25,32,0.8227954599569792,0.1772045400430207,0.1863395484646008,5.538875
25,33,0.8227954599569792,0.1772045400430207,0.1882611269827845,5.603425
25,34,0.8156071852884531,0.1843928147115469,0.1897867059260956,4.942025
25,35,0.8156071852884531,0.1843928147115469,0.1926932654242194,4.968075
25,36,0.8127464812846239,0.1872535187153761,0.1947597207483519,4.701625
25,37,0.8127464812846239,0.1872535187153761,0.1969832186476468,4.77085
25,38,0.8127464812846239,0.1872535187153761,0.1986325120108994,4.84355
25,39,0.8120782796088789,0.1879217203911211,0.199933855711154,4.808425
25,40,0.8074336103106973,0.1925663896893027,0.2011736182425711,4.2741
25,41,0.8039948400203576,0.1960051599796424,0.2032984257957849,3.905
25,42,0.801258707272582,0.198741292727418,0.2056625688147426,3.639075
25,43,0.7955572397410874,0.2044427602589126,0.2080012295497552,2.910675
25,44,0.7955159352612764,0.2044840647387236,0.2110302439035042,2.97915
25,45,0.791677330958482,0.2083226690415179,0.2131212264668409,2.551875
25,46,0.791677330958482,0.2083226690415179,0.2155560469275131,2.57725
25,47,0.7883953806924899,0.21160461930751,0.2172690715549473,2.21145
25,48,0.7883953806924899,0.21160461930751,0.2193367032727597,2.238125
25,49,0.7835504324662829,0.2164495675337171,0.2208159671029572,1.67405
25,50,0.7782309822188228,0.2217690177811772,0.2231221829727209,0.0
25,51,0.7780663977473236,0.2219336022526764,0.2260584225760117,0.0
25,52,0.776582842063328,0.223417157936672,0.2281059399116118,0.0
25,53,0.7752336619210193,0.2247663380789807,0.2299288372808676,0.0
25,54,0.7729231651111977,0.2270768348888022,0.2315759911239137,0.0
25,55,0.7729231651111977,0.2270768348888022,0.2333539649053094,0.0
25,56,0.769798495701613,0.230201504298387,0.2346260940409093,0.0
25,57,0.7695554681010974,0.2304445318989025,0.2363734953336289,0.0
25,58,0.7695554681010974,0.2304445318989025,0.2376818323662003,0.0
25,59,0.7691555578979915,0.2308444421020085,0.2386460045091311,0.0
25,60,0.7691555578979915,0.2308444421020085,0.2394907890178827,0.0
25,61,0.7691555578979915,0.2308444421020085,0.2401513153044343,0.0
25,62,0.7682230142574805,0.2317769857425194,0.2406894194667782,0.0
25,63,0.7672259007688179,0.232774099231182,0.2413893429457694,0.0
25,64,0.7672259007688179,0.232774099231182,0.2422069332468143,0.0
25,65,0.7665953958617772,0.2334046041382228,0.2428331315740803,0.0
25,66,0.7665953958617772,0.2334046041382228,0.2434998134133244,0.0
25,67,0.7658394048924394,0.2341605951075606,0.2440209162351074,0.0
25,68,0.7652019895405672,0.2347980104594328,0.2446469834196279,0.0
25,69,0.7640788563887838,0.2359211436112162,0.2453066005570934,0.0
25,70,0.7609948689918081,0.2390051310081918,0.246117227273472,0.0
25,71,0.7609948689918081,0.2390051310081918,0.2475588888786989,0.0
25,72,0.7565546866831818,0.2434453133168181,0.2485717310192123,0.0
25,73,0.753647835172334,0.2463521648276659,0.2505209042637194,0.0
25,74,0.753647835172334,0.2463521648276659,0.252666789031695,0.0
25,75,0.753647835172334,0.2463521648276659,0.2541399655045386,0.0
25,76,0.753647835172334,0.2463521648276659,0.2551679959467096,0.0
25,77,0.7489063403580144,0.2510936596419856,0.2558998020747637,0.0
25,78,0.7489063403580144,0.2510936596419856,0.2577632448804213,0.0
25,79,0.745218728680916,0.254781271319084,0.259047205162831,0.0
25,80,0.745218728680916,0.254781271319084,0.2609874478492932,0.0
25,81,0.743084512024964,0.256915487975036,0.2623216992055437,0.0
25,82,0.73861351827238,0.26138648172762,0.2638587774290283,0.0
25,83,0.736181764202826,0.263818235797174,0.2662021144561228,0.0
25,84,0.7331693022204512,0.2668306977795488,0.2685050272448461,0.0
26,1,0.9991109599642148,0.0008890400357852,0.0,14.89145
26,2,0.993595703961656,0.0064042960383439,0.0312153814104069,14.891175
26,3,0.960360193086648,0.039639806913352,0.0429170533543361,12.73715
26,4,0.9505622894537088,0.0494377105462913,0.0549522932545082,12.324125
26,5,0.9505622894537088,0.0494377105462913,0.064939123072461,12.58395
26,6,0.9418592586775816,0.0581407413224184,0.0726569822518246,12.22575
26,7,0.9418592586775816,0.0581407413224184,0.0801407426823679,12.536725
26,8,0.9390467117605278,0.0609532882394722,0.0860636972742008,12.668075
26,9,0.92985907139347,0.0701409286065298,0.0914657290149663,12.106325
26,10,0.9121598060819616,0.0878401939180384,0.0974315286895422,10.810475
26,11,0.9099258864727114,0.0900741135272885,0.1049284111386684,10.951675
26,12,0.8976304151145018,0.1023695848854981,0.110472122673723,10.0736
26,13,0.8915878989039623,0.1084121010960377,0.1168062513766375,9.79545
26,14,0.8895165244515844,0.1104834755484156,0.1223550411220488,9.795175
26,15,0.8889147022342389,0.1110852977657611,0.126759758399871,9.88255
26,16,0.8823916622106744,0.1176083377893255,0.1302764669906048,9.54255
26,17,0.8823916622106744,0.1176083377893255,0.1344165927777259,9.777425
26,18,0.8798640360308561,0.1201359639691439,0.1375573373341561,9.6958
26,19,0.8798640360308561,0.1201359639691439,0.1406376588441888,9.948825
26,20,0.8737994118804385,0.1262005881195614,0.1431363862383465,9.4234
26,21,0.8737994118804385,0.1262005881195614,0.1465067087120223,9.65965
26,22,0.8661993235107852,0.1338006764892148,0.1490656074911668,9.01165
26,23,0.8661993235107852,0.1338006764892148,0.1527260198152566,9.140625
26,24,0.8561784217435063,0.1438215782564936,0.1553753674473769,8.335
26,25,0.8561784217435063,0.1438215782564936,0.1595593374485567,8.4625
26,26,0.8551856698723879,0.1448143301276121,0.1624482118026725,8.540425
26,27,0.852919731866578,0.147080268133422,0.1648285096945356,8.377825
26,28,0.8479351754311476,0.1520648245688524,0.167183787699193,7.893375
26,29,0.8454774759540374,0.1545225240459625,0.17009645237041,7.83485
26,30,0.8434948001746269,0.1565051998253731,0.1727576738333396,7.7056
26,31,0.843368451003688,0.156631548996312,0.1751628857918178,7.88145
26,32,0.8378908085895919,0.1621091914104081,0.1770009176918973,7.3333
26,33,0.8378908085895919,0.1621091914104081,0.1796952337726078,7.425425
26,34,0.8369274639282681,0.1630725360717319,0.1816427641179858,7.368075
26,35,0.8335035285180212,0.1664964714819787,0.1833672928899168,7.106125
26,36,0.8335035285180212,0.1664964714819787,0.1855107613479401,7.208
26,37,0.8335035285180212,0.1664964714819787,0.1871065975016804,7.2906
26,38,0.8335035285180212,0.1664964714819787,0.1883715032707623,7.3535
26,39,0.8335035285180212,0.1664964714819787,0.1894298384804743,7.460875
26,40,0.8335035285180212,0.1664964714819787,0.1903537091439461,7.687725
26,41,0.8335035285180212,0.1664964714819787,0.191185445797311,7.737075
26,42,0.8296652268662993,0.1703347731337007,0.1919502904577797,7.35925
26,43,0.8279184981002045,0.1720815018997955,0.1935744108181253,7.183475
26,44,0.8279184981002045,0.1720815018997955,0.195211684997181,7.32665
26,45,0.8199788074296562,0.1800211925703437,0.1964331139454247,6.206425
26,46,0.8199788074296562,0.1800211925703437,0.1993111904701365,6.336825
26,47,0.8194980802039922,0.1805019197960078,0.2012768809496926,6.36665
26,48,0.8194980802039922,0.1805019197960078,0.2027995835185064,6.49275
26,49,0.8111628116304415,0.1888371883695585,0.2039285108631716,5.3213
26,50,0.809841701603038,0.1901582983969619,0.2068639488099949,5.21085
26,51,0.809841701603038,0.1901582983969619,0.2091844894391236,5.382275
26,52,0.8090781171125531,0.1909218828874469,0.2107951925518314,5.262025
26,53,0.8073782188292901,0.1926217811707099,0.2121524713932161,5.094625
26,54,0.8073782188292901,0.1926217811707099,0.213583939345803,5.17605
26,55,0.8073782188292901,0.1926217811707099,0.2146299430967324,5.2136
26,56,0.8069071876668632,0.1930928123331368,0.2154294978646228,5.1717
26,57,0.8069071876668632,0.1930928123331368,0.2161891664144961,5.230725
26,58,0.8069071876668632,0.1930928123331368,0.2167983428610063,5.27915
26,59,0.8069071876668632,0.1930928123331368,0.2173071769333789,5.35845
26,60,0.8025919923986696,0.1974080076013303,0.2177472302122911,4.678425
26,61,0.8025919923986696,0.1974080076013303,0.2192618001276758,4.754375
26,62,0.8025919923986696,0.1974080076013303,0.2203362409307562,4.808675
26,63,0.8009556665444652,0.1990443334555348,0.2211259052985784,4.583025
26,64,0.7991480778200248,0.2008519221799751,0.2221611974910622,4.38635
26,65,0.7991480778200248,0.2008519221799751,0.2233989141062516,4.44575
26,66,0.7986806070581861,0.2013193929418139,0.2242854289433817,4.372675
26,67,0.7986806070581861,0.2013193929418139,0.2250670490095035,4.41405
26,68,0.7939533393070158,0.2060466606929841,0.2256525947545121,3.64235
26,69,0.7939533393070158,0.2060466606929841,0.2273837862276056,3.696175
26,70,0.7907526454228256,0.2092473545771743,0.2285836781775811,3.2014
26,71,0.7907526454228256,0.2092473545771743,0.2303066538496051,3.234225
26,72,0.7907526454228256,0.2092473545771743,0.2314991956596108,3.24825
26,73,0.7897273230963345,0.2102726769036654,0.2323422855844556,3.120975
26,74,0.7861833452871291,0.2138166547128709,0.2332364453845471,2.552
26,75,0.7814789608178262,0.2185210391821738,0.2348611963975894,1.942575
26,76,0.7814789608178262,0.2185210391821738,0.2372941731394584,1.926475
26,77,0.7814789608178262,0.2185210391821738,0.2389531864684432,1.930275
26,78,0.7814789608178262,0.2185210391821738,0.2400988134091561,1.885575
26,79,0.7797597885874533,0.2202402114125466,0.2409022962607527,0.0
26,80,0.7797597885874533,0.2202402114125466,0.2419626872887445,0.0
26,81,0.7797597885874533,0.2202402114125466,0.2427066816475708,0.0
26,82,0.778445080388669,0.221554919611331,0.2432377193564055,0.0
26,83,0.7753729502069261,0.2246270497930739,0.2440007449768698,0.0
26,84,0.7744920935767573,0.2255079064232427,0.2454242646785506,0.0
27,1,0.9980217385512492,0.0019782614487507,0.0,14.9306
27,2,0.9899015711909834,0.0100984288090165,0.0312153814104069,14.620225
27,3,0.9848705123655492,0.0151294876344506,0.0430562411659444,14.680525
27,4,0.977379897884692,0.022620102115308,0.0529682433333109,14.3821
27,5,0.9702726882044552,0.0297273117955446,0.0617578757981634,14.208875
27,6,0.9590302183035478,0.0409697816964521,0.0696430826188494,13.6241
27,7,0.9470411716867432,0.0529588283132569,0.0773826184344637,12.9611
27,8,0.9441064837602704,0.0558935162397294,0.0849914543625527,13.071325
27,9,0.9311087950625234,0.0688912049374765,0.091079616535673,12.211875
27,10,0.9276375422881004,0.0723624577118995,0.0979285034903066,12.223925
27,11,0.9201778114083364,0.0798221885916635,0.1034803452047811,11.8305
27,12,0.9201778114083364,0.0798221885916635,0.1090233625806586,12.072325
27,13,0.909044260943038,0.090955739056962,0.1131798493439102,11.3158
27,14,0.9064468242791284,0.0935531757208715,0.1185889267120442,11.303425
27,15,0.9059559984826698,0.0940440015173301,0.1229810814610927,11.50675
27,16,0.8968664086707264,0.1031335913292735,0.1264323593854255,10.9413
27,17,0.8968664086707264,0.1031335913292735,0.130994766381116,11.14185
27,18,0.8968664086707264,0.1031335913292735,0.1343157329529732,11.370875
27,19,0.8935497732316966,0.1064502267683034,0.1369660445803859,11.255775
27,20,0.8933059829557134,0.1066940170442866,0.1398821192980814,11.375975
27,21,0.8933059829557134,0.1066940170442866,0.1422750340488576,11.6911
27,22,0.8850609355975608,0.1149390644024391,0.1443042347366619,11.077425
27,23,0.8850609355975608,0.1149390644024391,0.1477957862540463,11.249
27,24,0.8823119471066022,0.1176880528933977,0.1503328058530556,11.113975
27,25,0.8823119471066022,0.1176880528933977,0.1529109793683064,11.328825
27,26,0.8715834338432124,0.1284165661567876,0.1549085288073221,10.341525
27,27,0.8715834338432124,0.1284165661567876,0.1588530129213629,10.48585
27,28,0.8715834338432124,0.1284165661567876,0.1615573456681204,10.645375
27,29,0.87029504469784,0.1297049553021599,0.1635646741057324,10.63765
27,30,0.8588507287673804,0.1411492712326195,0.1654477392687533,9.484625
27,31,0.8588507287673804,0.1411492712326195,0.1694778447268439,9.63575
27,32,0.8568795925381156,0.1431204074618843,0.1721895141286397,9.478275
27,33,0.8568116232536704,0.1431883767463295,0.1745859572015634,9.7016
27,34,0.8568116232536704,0.1431883767463295,0.1763669806367963,9.81735
27,35,0.8543470169055448,0.1456529830944551,0.1777667952378053,9.685125
27,36,0.8538942874093026,0.1461057125906973,0.1794930660816281,9.754075
27,37,0.8524319313074042,0.1475680686925957,0.1809386868774926,9.702425
27,38,0.8524319313074042,0.1475680686925957,0.1824417546196939,9.83955
27,39,0.8524319313074042,0.1475680686925957,0.1836300973794371,9.97835
27,40,0.8505632382704521,0.1494367617295479,0.1846215860370249,9.835525
27,41,0.8464957454672541,0.1535042545327458,0.1859232514707461,9.478475
27,42,0.8464957454672541,0.1535042545327458,0.1879205406831583,9.593325
27,43,0.8457686327218094,0.1542313672781906,0.1893666262350128,9.640675
27,44,0.8457686327218094,0.1542313672781906,0.190648189219305,9.6213
27,45,0.8424578015508728,0.1575421984491272,0.1916492853501806,9.409675
27,46,0.8395925323664896,0.1604074676335104,0.1932713744599116,9.127325
27,47,0.8383963710588861,0.1616036289411139,0.1951607307652529,9.0801
27,48,0.8380474605039007,0.1619525394960993,0.1968050820789243,9.09045
27,49,0.8322711843185289,0.1677288156814711,0.1980885000644871,8.367575
27,50,0.8322711843185289,0.1677288156814711,0.2004829997839432,8.5346
27,51,0.8322711843185289,0.1677288156814711,0.202136201737519,8.604975
27,52,0.832220752174505,0.167779247825495,0.203327064404798,8.7038
27,53,0.8295929241839887,0.1704070758160113,0.2042386230665118,8.3053
27,54,0.8295929241839887,0.1704070758160113,0.2056193139045682,8.52535
27,55,0.8295929241839887,0.1704070758160113,0.2066279430536351,8.50825
27,56,0.8269619351007433,0.1730380648992566,0.2073987087897769,8.389125
27,57,0.8254667177341632,0.1745332822658367,0.2086867754265327,8.11585
27,58,0.8250136833110554,0.1749863166889446,0.2100094168276742,8.23765
27,59,0.8250136833110554,0.1749863166889446,0.2110838602537072,8.185575
27,60,0.8193544428276432,0.1806455571723567,0.2118804381318645,7.347025
27,61,0.8193544428276432,0.1806455571723567,0.2139693704423169,7.4146
27,62,0.818666394653553,0.181333605346447,0.2154087211181081,7.430025
27,63,0.8179378312952393,0.1820621687047606,0.2166110098052621,7.3907
27,64,0.8175204609141917,0.1824795390858082,0.2176701158345998,7.372525
27,65,0.8161153891398346,0.1838846108601654,0.2185526952613829,7.342925
27,66,0.8145349838773152,0.1854650161226848,0.2195820518559499,6.95085
27,67,0.8145349838773152,0.1854650161226848,0.2207523220678078,7.14805
27,68,0.8114633951074334,0.1885366048925666,0.2215888387495661,6.68565
27,69,0.8098100973761665,0.1901899026238335,0.2230351230614473,6.508025
27,70,0.8093834249234398,0.1906165750765601,0.2244960518533647,6.4265
27,71,0.8093834249234398,0.1906165750765601,0.2256330839388377,6.567925
27,72,0.8061531338676714,0.1938468661323286,0.2264402217610336,6.069825
27,73,0.8061531338676714,0.1938468661323286,0.2279161845710885,6.02885
27,74,0.8052641527558563,0.1947358472441437,0.2289430939482426,5.973825
27,75,0.8052641527558563,0.1947358472441437,0.2299188907713519,5.99415
27,76,0.8039744310959523,0.1960255689040476,0.2306129283481339,5.779925
27,77,0.8039744310959523,0.1960255689040476,0.2314789031775896,5.776125
27,78,0.8039744310959523,0.1960255689040476,0.2320967177502279,5.942975
27,79,0.8009550786626463,0.1990449213373537,0.2325477663174718,5.392625
27,80,0.7994691724001507,0.2005308275998493,0.2337397025419427,5.132
27,81,0.795695746435432,0.204304253564568,0.2349922759638197,4.472625
27,82,0.7940265694702088,0.2059734305297912,0.2369383507219061,4.1967
27,83,0.7937469475352715,0.2062530524647284,0.2387502657803624,4.170875
27,84,0.7910743617020509,0.208925638297949,0.2400747068860264,3.648425
28,1,0.9991437546881357,0.0008562453118644,0.0,14.9777
28,2,0.9976933448242584,0.0023066551757414,0.0312153814104069,15.20685
28,3,0.9885484968315004,0.0114515031684997,0.0426998570812678,14.985825
28,4,0.9752114075796408,0.0247885924203591,0.0527366841901481,14.253775
28,5,0.9719071356694672,0.0280928643305328,0.062130038619902,14.4001
28,6,0.963953423128384,0.036046576871616,0.0698322589873573,14.108525
28,7,0.9610769386790672,0.0389230613209328,0.0770842112893465,14.1711
28,8,0.9479821469439156,0.0520178530560845,0.0832065415622323,13.378575
28,9,0.9479821469439156,0.0520178530560845,0.0901471930706254,13.69265
28,10,0.9323913688535164,0.0676086311464835,0.0952864251881202,12.693075
28,11,0.9309232902697606,0.0690767097302393,0.1020330915574976,12.852725
28,12,0.9181864939509866,0.0818135060490133,0.1070622773792953,11.92055
28,13,0.9181864939509866,0.0818135060490133,0.1131889143305024,12.18355
28,14,0.9181864939509866,0.0818135060490133,0.1175079603013944,12.404625
28,15,0.9155581595545668,0.0844418404454333,0.1208971288451624,12.4733
28,16,0.9155581595545668,0.0844418404454333,0.1242474606735297,12.622725
28,17,0.90728773781453,0.0927122621854699,0.12700860320366,12.13315
28,18,0.906869117491,0.093130882509,0.1310095910895776,12.302025
28,19,0.9058982032631364,0.0941017967368637,0.1340575195504731,12.571
28,20,0.8996971390147159,0.100302860985284,0.1366889446126693,12.064925
28,21,0.8996971390147159,0.100302860985284,0.140115484432117,12.35015
28,22,0.8996971390147159,0.100302860985284,0.142668014930365,12.551175
28,23,0.8989190899197225,0.1010809100802775,0.1447298397539099,12.797175
28,24,0.8979072113108777,0.1020927886891223,0.1466582013549199,12.810975
28,25,0.8928890171128995,0.1071109828871005,0.1485315956298431,12.495725
28,26,0.8921417115370976,0.1078582884629023,0.1511932437485483,12.56525
28,27,0.8816370084647764,0.1183629915352235,0.1533562441005444,11.506425
28,28,0.8816370084647764,0.1183629915352235,0.1573245228732115,11.830475
28,29,0.8767163582781431,0.1232836417218569,0.1600160428302491,11.3844
28,30,0.8722528561240397,0.1277471438759603,0.1630621066602911,11.06065
28,31,0.8706188006005681,0.1293811993994319,0.1662016408672778,11.104625
28,32,0.8706188006005681,0.1293811993994319,0.1687645552210337,11.184275
28,33,0.8706188006005681,0.1293811993994319,0.1706285871527731,11.3485
28,34,0.8684142535089282,0.1315857464910718,0.1720812166988113,11.20375
28,35,0.861714753753144,0.138285246246856,0.1737814990318344,10.603725
28,36,0.861714753753144,0.138285246246856,0.1766369830527779,10.88915
28,37,0.8614227612091953,0.1385772387908047,0.1786299981336238,10.8648
28,38,0.8578832937486399,0.14211670625136,0.1801792682082309,10.472225
28,39,0.8578832937486399,0.14211670625136,0.1822114110516401,10.6999
28,40,0.8578832937486399,0.14211670625136,0.1836989282629305,10.945075
28,41,0.8559731055849088,0.1440268944150912,0.1848552138999405,10.813425
28,42,0.8559731055849088,0.1440268944150912,0.186255333946794,10.899025
28,43,0.8559731055849088,0.1440268944150912,0.1873415509637817,11.104275
28,44,0.8559731055849088,0.1440268944150912,0.1882305646731914,11.227875
28,45,0.8559731055849088,0.1440268944150912,0.1889916254782584,11.3835
28,46,0.8545402763396185,0.1454597236603815,0.18966620571867,11.313
28,47,0.8540014971299011,0.1459985028700988,0.1906270452164682,11.40745
28,48,0.8508479583848917,0.1491520416151083,0.1915386727218319,11.0177
28,49,0.8498773618477031,0.1501226381522968,0.1930550220353111,10.952575
28,50,0.8498773618477031,0.1501226381522968,0.1944038113863287,11.0851
28,51,0.8498773618477031,0.1501226381522968,0.195405182172633,11.422525
28,52,0.8498773618477031,0.1501226381522968,0.1961860858979413,11.40205
28,53,0.8498773618477031,0.1501226381522968,0.1968242387632356,11.566875
28,54,0.8498773618477031,0.1501226381522968,0.1973674987985539,11.819825
28,55,0.8488101648621719,0.1511898351378281,0.1978455401730998,11.6591
28,56,0.8461142135548737,0.1538857864451263,0.1985481150827208,11.2404
28,57,0.8461142135548737,0.1538857864451263,0.1998042147827588,11.501175
28,58,0.8443706510468143,0.1556293489531857,0.200717655334292,11.208675
28,59,0.8403940963822186,0.1596059036177813,0.2018600209147049,10.80855
28,60,0.8403940963822186,0.1596059036177813,0.2037251416900815,10.98825
28,61,0.8378120410029322,0.1621879589970678,0.205018503941221,10.597075
28,62,0.8343520309839563,0.1656479690160437,0.2066198742780276,10.229125
28,63,0.8343520309839563,0.1656479690160437,0.208650436465919,10.3137
28,64,0.8343520309839563,0.1656479690160437,0.2100465018553864,10.345475
28,65,0.8343520309839563,0.1656479690160437,0.2110325633909621,10.454775
28,66,0.833058930040908,0.1669410699590919,0.2117516161772913,10.32985
28,67,0.8285184462702081,0.1714815537297919,0.2126410583095534,9.661275
28,68,0.8285184462702081,0.1714815537297919,0.2145127519979058,9.67435
28,69,0.8285184462702081,0.1714815537297919,0.2158014987898544,9.783375
28,70,0.8285184462702081,0.1714815537297919,0.2167090691119617,9.92545
28,71,0.8271309690057094,0.1728690309942906,0.2173656769947509,9.58005
28,72,0.8271309690057094,0.1728690309942906,0.2182351196683763,9.87765
28,73,0.8271309690057094,0.1728690309942906,0.218862519712825,9.97395
28,74,0.8271309690057094,0.1728690309942906,0.2193285413044847,10.19405
28,75,0.8271309690057094,0.1728690309942906,0.2196857964671407,10.13045
28,76,0.8271309690057094,0.1728690309942906,0.219968709297862,10.34345
28,77,0.8271309690057094,0.1728690309942906,0.2201998826657493,10.2606
28,78,0.8271309690057094,0.1728690309942906,0.2203942174243922,10.3589
28,79,0.8271309690057094,0.1728690309942906,0.2205615838505696,10.445825
28,80,0.8271309690057094,0.1728690309942906,0.2207085582121205,10.5573
28,81,0.8271309690057094,0.1728690309942906,0.2208395542315141,10.69905
28,82,0.8271309690057094,0.1728690309942906,0.2209575619786185,10.82915
28,83,0.8271309690057094,0.1728690309942906,0.2210646314949256,10.93895
28,84,0.8133366201066723,0.1866633798933277,0.2211621900566806,8.190375
29,1,0.9915258617162552,0.0084741382837448,0.0,14.38825
29,2,0.9578649338155284,0.0421350661844717,0.0312153814104069,12.183125
29,3,0.9524390855111788,0.0475609144888212,0.0444209565355942,12.125225
29,4,0.9402373403550222,0.0597626596449778,0.0551144109696514,11.491675
29,5,0.9345414415945128,0.0654585584054873,0.064838461277641,11.327125
29,6,0.9174498132991072,0.0825501867008927,0.0731048624090297,10.308175
29,7,0.9123280396375902,0.0876719603624097,0.081907044672511,10.0825
29,8,0.9043005728572178,0.0956994271427822,0.0891455753954252,9.720675
29,9,0.9043005728572178,0.0956994271427822,0.0959645894923617,9.983
29,10,0.9016622706252668,0.0983377293747332,0.1011933365488549,9.93325
29,11,0.8965278779720491,0.1034721220279508,0.1059698799704328,9.75885
29,12,0.8965278779720491,0.1034721220279508,0.1108155825888383,10.02715
29,13,0.8879939200660129,0.1120060799339871,0.1146825067550783,9.418525
29,14,0.8834023507481477,0.1165976492518523,0.1195099963312335,9.21165
29,15,0.876310667487548,0.1236893325124519,0.1240053742592314,8.76105
29,16,0.8719222651748869,0.1280777348251131,0.1287530761683544,8.580925
29,17,0.8569583510483944,0.1430416489516056,0.1330708043137242,7.2815
29,18,0.8569583510483944,0.1430416489516056,0.1391844028604386,7.459125
29,19,0.8569583510483944,0.1430416489516056,0.1432661977162491,7.59605
29,20,0.8562009037060571,0.1437990962939429,0.1462893200503951,7.6564
29,21,0.8562009037060571,0.1437990962939429,0.148879377296557,7.79695
29,22,0.8545547468759827,0.1454452531240173,0.1510473457747361,7.868375
29,23,0.8511245041267141,0.1488754958732858,0.1532889898097772,7.6249
29,24,0.8482583764675115,0.1517416235324885,0.1559031607283636,7.450975
29,25,0.8450621070399539,0.1549378929600461,0.1585710713120398,7.32775
29,26,0.8440841297758309,0.155915870224169,0.1613153588216268,7.230875
29,27,0.8335406839135745,0.1664593160864255,0.1636097838358078,6.2748
29,28,0.8311379258874178,0.1688620741125822,0.1676934848277323,6.056225
29,29,0.8311025998475401,0.1688974001524599,0.1710023880376796,6.274925
29,30,0.8311025998475401,0.1688974001524599,0.1733577688263884,6.30135
29,31,0.8302509617896128,0.1697490382103872,0.1751572730485903,6.262325
29,32,0.8302509617896128,0.1697490382103872,0.176814365032333,6.351125
29,33,0.828337016285342,0.171662983714658,0.178183719196679,6.280325
29,34,0.8266720293934791,0.1733279706065209,0.1798007436354758,6.218125
29,35,0.8234293104246833,0.1765706895753167,0.1814900048674156,5.893325
29,36,0.8234293104246833,0.1765706895753167,0.1835680932965811,6.00825
29,37,0.8191514902196486,0.1808485097803513,0.1851222595609051,5.4965
29,38,0.8183043247368138,0.1816956752631862,0.1873448461006954,5.52425
29,39,0.8183043247368138,0.1816956752631862,0.1891605053014404,5.608675
29,40,0.8171023686131034,0.1828976313868966,0.1905311537242467,5.547225
29,41,0.8133078880465453,0.1866921119534547,0.1919102122329835,5.14885
29,42,0.8097003176783114,0.1902996823216886,0.193897651021337,4.683925
29,43,0.8081351507752755,0.1918648492247244,0.1962018410263828,4.529725
29,44,0.8060767885862538,0.1939232114137462,0.1982081998586224,4.4193
29,45,0.8057458244827456,0.1942541755172544,0.2001501275660167,4.3629
29,46,0.7966462090382648,0.2033537909617352,0.2016335278118343,3.21395
29,47,0.7963539029892672,0.2036460970107327,0.2049598582948204,3.197675
29,48,0.7959066765060799,0.20409332349392,0.2072723625886907,3.1344
29,49,0.7959066765060799,0.20409332349392,0.2090000518084204,3.2411
29,50,0.7959066765060799,0.20409332349392,0.2102542650882923,3.276575
29,51,0.7944962944503237,0.2055037055496763,0.211210802616324,3.06495
29,52,0.7944962944503237,0.2055037055496763,0.2123280812179332,3.109825
29,53,0.7944962944503237,0.2055037055496763,0.2131881705568639,3.18765
29,54,0.7922983949756329,0.207701605024367,0.2138820959939996,2.833725
29,55,0.7922983949756329,0.207701605024367,0.2150218553978629,2.9068
29,56,0.7922983949756329,0.207701605024367,0.2158806139185241,2.967625
29,57,0.7919709997877646,0.2080290002122353,0.2165576140659754,2.949175
29,58,0.7919551542137645,0.2080448457862355,0.217198732692686,2.95105
29,59,0.7919551542137645,0.2080448457862355,0.2177321428399472,3.063
29,60,0.7919551542137645,0.2080448457862355,0.2181880595491327,3.04965
29,61,0.7895608104140789,0.2104391895859211,0.2185896720429066,2.715375
29,62,0.7813642836251793,0.2186357163748207,0.2195779688642147,1.6695
29,63,0.7813642836251793,0.2186357163748207,0.2224657078929665,1.65775
29,64,0.7813642836251793,0.2186357163748207,0.2244190421751177,1.754175
29,65,0.7766322816255192,0.2233677183744807,0.2257703136378759,0.0
29,66,0.772993902933031,0.2270060970669689,0.2279916840871052,0.0
29,67,0.772993902933031,0.2270060970669689,0.2304881715285376,0.0
29,68,0.771566452493054,0.228433547506946,0.2321895498527312,0.0
29,69,0.7702087108677533,0.2297912891322466,0.2337585493484165,0.0
29,70,0.7702087108677533,0.2297912891322466,0.2352227256474097,0.0
29,71,0.7700345100484692,0.2299654899515307,0.2362487941474106,0.0
29,72,0.7683014509914138,0.2316985490085862,0.2370337417779166,0.0
29,73,0.7683014509914138,0.2316985490085862,0.2380865519960971,0.0
29,74,0.7683014509914138,0.2316985490085862,0.2388373156310126,0.0
29,75,0.7657138618192395,0.2342861381807605,0.2393868681438676,0.0
29,76,0.7657138618192395,0.2342861381807605,0.2405210147146582,0.0
29,77,0.7657138618192395,0.2342861381807605,0.241320208699318,0.0
29,78,0.7620325476098059,0.2379674523901941,0.2418955206997716,0.0
29,79,0.7620325476098059,0.2379674523901941,0.2433569834705638,0.0
29,80,0.7620325476098059,0.2379674523901941,0.2443699833483693,0.0
29,81,0.7572290005998786,0.2427709994001213,0.2450826960266595,0.0
29,82,0.7560529924578536,0.2439470075421463,0.2469627778731301,0.0
29,83,0.7560529924578536,0.2439470075421463,0.248590561219077,0.0
29,84,0.7459128062723979,0.2540871937276021,0.2497121725288144,0.0
30,1,0.9732482220205446,0.0267517779794553,0.0,12.96025
30,2,0.9516213137640926,0.0483786862359073,0.0312153814104069,11.720225
30,3,0.9480548783904668,0.0519451216095331,0.0437779446902268,11.720675
30,4,0.9400286209305604,0.0599713790694397,0.0539726865264086,11.51945
30,5,0.9125746491853344,0.0874253508146655,0.0630038672511622,9.622675
30,6,0.9116457018297748,0.0883542981702252,0.0733991569497883,9.8718
30,7,0.9012186266362342,0.0987813733637658,0.0809699936481409,9.24895
30,8,0.8906895512783306,0.1093104487216694,0.0884211344968715,8.6357
30,9,0.8717813610391371,0.1282186389608629,0.0956816943259373,7.358325
30,10,0.8685683334966781,0.1314316665033219,0.1040726919800742,7.23185
30,11,0.8598155875609569,0.1401844124390431,0.1103786781445565,6.6935
30,12,0.8598155875609569,0.1401844124390431,0.1165974906309894,6.78025
30,13,0.8598155875609569,0.1401844124390431,0.1211746984591775,7.002975
30,14,0.8527484473227247,0.1472515526772753,0.1248817274695308,6.5312
30,15,0.8507851788470155,0.1492148211529844,0.1293664181212258,6.516675
30,16,0.8504242763527595,0.1495757236472404,0.1332030911168941,6.5559
30,17,0.833650080175515,0.166349919824485,0.1363510415453261,5.2113
30,18,0.8248941149233899,0.17510588507661,0.142265083201324,4.55365
30,19,0.8248941149233899,0.17510588507661,0.1479886364292238,4.6169
30,20,0.819425631693888,0.1805743683061119,0.1518741843005737,4.21265
30,21,0.819425631693888,0.1805743683061119,0.1558879021122485,4.2674
30,22,0.8138964236329715,0.1861035763670284,0.1588321020239695,3.85365
30,23,0.8138964236329715,0.1861035763670284,0.1623180637118973,3.9571
30,24,0.8106061681050513,0.1893938318949487,0.1649200322401487,3.61375
30,25,0.8061294571257845,0.1938705428742154,0.1677091837739112,3.2414
30,26,0.8053041809486444,0.1946958190513555,0.1708259185000563,3.2628
30,27,0.8029808496535412,0.1970191503464587,0.1733251867065656,3.07615
30,28,0.7958408558187063,0.2041591441812936,0.1757870592692843,2.398
30,29,0.7958408558187063,0.2041591441812936,0.1792530193949712,2.405725
30,30,0.7916032876657385,0.2083967123342615,0.181712517033508,2.051525
30,31,0.7916032876657385,0.2083967123342615,0.184525491459821,2.071725
30,32,0.7916032876657385,0.2083967123342615,0.1865897381152753,2.106025
30,33,0.7916032876657385,0.2083967123342615,0.1882139168177658,2.1725
30,34,0.7905609136663981,0.2094390863336018,0.1895695010580692,2.08715
30,35,0.7905609136663981,0.2094390863336018,0.190988606101288,2.064275
30,36,0.7839593115647915,0.2160406884352085,0.1921917917848979,1.4515
30,37,0.7764372661379467,0.2235627338620532,0.1947651321481316,0.0
30,38,0.7716059883156831,0.2283940116843169,0.1983479516313933,0.0
30,39,0.7714187741033998,0.2285812258966002,0.2019047115039147,0.0
30,40,0.7714187741033998,0.2285812258966002,0.2043672537720533,0.0
30,41,0.7701116497123704,0.2298883502876295,0.2061328918826531,0.0
30,42,0.7701116497123704,0.2298883502876295,0.2077839505320183,0.0
30,43,0.7676491381068865,0.2323508618931135,0.2090490852020503,0.0
30,44,0.7654678421838522,0.2345321578161477,0.2106606776712534,0.0
30,45,0.7654678421838522,0.2345321578161477,0.2124084242800364,0.0
30,46,0.7654678421838522,0.2345321578161477,0.2137079680489515,0.0
30,47,0.7654678421838522,0.2345321578161477,0.2147275059346048,0.0
30,48,0.7620573528108978,0.2379426471891021,0.2155679650615484,0.0
30,49,0.7588506990395311,0.2411493009604689,0.2171266524241759,0.0
30,50,0.7588506990395311,0.2411493009604689,0.2190745950541509,0.0
30,51,0.7588506990395311,0.2411493009604689,0.2204676821788723,0.0
30,52,0.7551448290167352,0.2448551709832648,0.2215121107493662,0.0
30,53,0.751124829995654,0.248875170004346,0.2232617002695918,0.0
30,54,0.751124829995654,0.248875170004346,0.2255301656798458,0.0
30,55,0.751124829995654,0.248875170004346,0.2271090606855311,0.0
30,56,0.7447194500372832,0.2552805499627167,0.2282518985674398,0.0
30,57,0.7391800950413819,0.260819904958618,0.2307515642667623,0.0
30,58,0.7391800950413819,0.260819904958618,0.233891510469836,0.0
30,59,0.7370727119353134,0.2629272880646865,0.2360155241818593,0.0
30,60,0.7359783613710681,0.2640216386289319,0.2380392037701256,0.0
30,61,0.7359783613710681,0.2640216386289319,0.2397360170238538,0.0
30,62,0.7338384195246994,0.2661615804753006,0.2409368994095127,0.0
30,63,0.7338384195246994,0.2661615804753006,0.2423793443567299,0.0
30,64,0.7338384195246994,0.2661615804753006,0.2434117168395267,0.0
30,65,0.7338384195246994,0.2661615804753006,0.2441769022816679,0.0
30,66,0.7315538541083795,0.2684461458916205,0.2447659932667875,0.0
30,67,0.7315538541083795,0.2684461458916205,0.2458485956431002,0.0
30,68,0.7315538541083795,0.2684461458916205,0.2466368410377142,0.0
30,69,0.7315538541083795,0.2684461458916205,0.2472306191823001,0.0
30,70,0.7315538541083795,0.2684461458916205,0.2476943162818628,0.0
30,71,0.7311094977194367,0.2688905022805633,0.2480695831844476,0.0
30,72,0.7311094977194367,0.2688905022805633,0.2485050169646262,0.0
30,73,0.7277509760310003,0.2722490239689997,0.2488550661659906,0.0
30,74,0.726473011642263,0.273526988357737,0.2500722838839388,0.0
30,75,0.7246798624907104,0.2753201375092896,0.251286207297296,0.0
30,76,0.7246798624907104,0.2753201375092896,0.2526411074751319,0.0
30,77,0.7192061159615886,0.2807938840384114,0.2535889587656246,0.0
30,78,0.7192061159615886,0.2807938840384114,0.2558008073753423,0.0
30,79,0.715278850944991,0.284721149055009,0.2573161546049298,0.0
30,80,0.7109769990228912,0.2890230009771087,0.2594780948277708,0.0
30,81,0.7067939882388171,0.2932060117611829,0.2621818080182645,0.0
30,82,0.7067939882388171,0.2932060117611829,0.2652190447832268,0.0
30,83,0.7067265192656284,0.2932734807343716,0.2672878909051306,0.0
30,84,0.6930796695935099,0.3069203304064901,0.268727150860626,0.0
31,1,0.9482491900204096,0.0517508099795902,0.0,11.141475
31,2,0.9359485911158126,0.0640514088841873,0.0312153814104069,10.54445
31,3,0.9247147670995212,0.0752852329004788,0.0432796134954912,9.99825
31,4,0.8972921690446185,0.1027078309553815,0.0537982643000993,8.296125
31,5,0.8972921690446185,0.1027078309553815,0.0648457941764761,8.47245
31,6,0.8877711777441198,0.1122288222558801,0.0729669687941518,8.032975
31,7,0.8831859619664195,0.1168140380335804,0.0807293770289899,7.8512
31,8,0.8755072054305274,0.1244927945694726,0.0874296226344165,7.4251
31,9,0.8745510081243818,0.1254489918756182,0.093922818049085,7.550975
31,10,0.8683654095042502,0.1316345904957497,0.0991142499649,7.219975
31,11,0.867703203997458,0.1322967960025419,0.1044153558130017,7.372425
31,12,0.8515811151062698,0.1484188848937302,0.1087059174453865,6.13735
31,13,0.8515811151062698,0.1484188848937302,0.1151154831645771,6.29215
31,14,0.8502036308139677,0.1497963691860323,0.1195906866906295,6.33115
31,15,0.8411431663118463,0.1588568336881537,0.1233305251712448,5.656675
31,16,0.8379028323058112,0.1620971676941888,0.1280785138535999,5.493625
31,17,0.8379028323058112,0.1620971676941888,0.1321714341614059,5.6203
31,18,0.8352837466123214,0.1647162533876786,0.1352705400712125,5.4694
31,19,0.8326838492790073,0.1673161507209927,0.1383311390621444,5.341725
31,20,0.8326838492790073,0.1673161507209927,0.1413214544561505,5.4722
31,21,0.8203644363000269,0.1796355636999731,0.1437120816754687,4.43635
31,22,0.815613078492814,0.184386921507186,0.148254900586429,4.043275
31,23,0.8101477441718953,0.1898522558281047,0.1523638591455119,3.575125
31,24,0.8101477441718953,0.1898522558281047,0.1563835138767487,3.59305
31,25,0.8096454968679038,0.1903545031320962,0.1592029469531178,3.66075
31,26,0.8096454968679038,0.1903545031320962,0.1614616949924764,3.7156
31,27,0.8092977827549194,0.1907022172450806,0.1632843460313512,3.709875
31,28,0.8082689946427514,0.1917310053572486,0.164916510380604,3.677525
31,29,0.8077447440618223,0.1922552559381777,0.1665656466710875,3.718875
31,30,0.8065648379794136,0.1934351620205864,0.1680915861915962,3.587025
31,31,0.798981319030477,0.201018680969523,0.1696714397204873,2.855975
31,32,0.798981319030477,0.201018680969523,0.1726816415690339,2.892525
31,33,0.7908040380493571,0.2091959619506429,0.1748090758927005,2.04125
31,34,0.7908040380493571,0.2091959619506429,0.1782580000812128,2.068475
31,35,0.7892221545695365,0.2107778454304635,0.1806204109272639,1.944025
31,36,0.7892221545695365,0.2107778454304635,0.1827080153113214,1.981125
31,37,0.7883725014716702,0.2116274985283298,0.1842660916997346,1.938075
31,38,0.7883725014716702,0.2116274985283298,0.1856996348567879,1.925375
31,39,0.7883725014716702,0.2116274985283298,0.1868525801715106,1.967525
31,40,0.7832434494943813,0.2167565505056187,0.1878282515661559,1.4663
31,41,0.7785763999298073,0.2214236000701926,0.1898900959078928,0.0
31,42,0.7785763999298073,0.2214236000701926,0.1924876363217331,0.0
31,43,0.7785763999298073,0.2214236000701926,0.1942992949103451,0.0
31,44,0.7774695566869766,0.2225304433130234,0.1956334605975859,0.0
31,45,0.776422079877452,0.2235779201225479,0.1969378805089317,0.0
31,46,0.7744602449424963,0.2255397550575036,0.1982038013376783,0.0
31,47,0.7744602449424963,0.2255397550575036,0.1996622866116533,0.0
31,48,0.7713261231543997,0.2286738768456002,0.2007559395808893,0.0
31,49,0.7713261231543997,0.2286738768456002,0.2023880895062416,0.0
31,50,0.769372107083918,0.230627892916082,0.2035774364998361,0.0
31,51,0.767662880568709,0.2323371194312909,0.2049723130004909,0.0
31,52,0.7644200731282006,0.2355799268717994,0.2064309225061701,0.0
31,53,0.763682589175391,0.236317410824609,0.2083107849122304,0.0
31,54,0.7628797102468307,0.2371202897531693,0.2098237325522054,0.0
31,55,0.7614376483823518,0.2385623516176481,0.2111212040801622,0.0
31,56,0.7604943893501289,0.239505610649871,0.2124429989892514,0.0
31,57,0.7604943893501289,0.239505610649871,0.2136507355481834,0.0
31,58,0.7602606501537759,0.2397393498462241,0.2145418242300632,0.0
31,59,0.7590681882699147,0.2409318117300852,0.2152885011935873,0.0
31,60,0.7590681882699147,0.2409318117300852,0.2161877451107028,0.0
31,61,0.757511281749938,0.242488718250062,0.2168711907245921,0.0
31,62,0.757511281749938,0.242488718250062,0.2178199468613489,0.0
31,63,0.757511281749938,0.242488718250062,0.2185278401465761,0.0
31,64,0.7511384282676946,0.2488615717323054,0.2190774786160573,0.0
31,65,0.7511384282676946,0.2488615717323054,0.221211391250158,0.0
31,66,0.7480613186870219,0.2519386813129781,0.2226763926712533,0.0
31,67,0.7446500635431192,0.2553499364568807,0.2245306009981412,0.0
31,68,0.7446500635431192,0.2553499364568807,0.2267295892015003,0.0
31,69,0.7446500635431192,0.2553499364568807,0.228235434077144,0.0
31,70,0.7446500635431192,0.2553499364568807,0.2292885204522035,0.0
31,71,0.7446500635431192,0.2553499364568807,0.2300439664660983,0.0
31,72,0.7446500635431192,0.2553499364568807,0.2306021559894439,0.0
31,73,0.7446500635431192,0.2553499364568807,0.2310282468994766,0.0
31,74,0.7446500635431192,0.2553499364568807,0.2313646682067617,0.0
31,75,0.7421322854060657,0.2578677145939343,0.2316391463141474,0.0
31,76,0.7421322854060657,0.2578677145939343,0.232570357483871,0.0
31,77,0.7388189901240284,0.2611810098759716,0.2332335277369344,0.0
31,78,0.7380746790674352,0.2619253209325648,0.2346465411658017,0.0
31,79,0.7380746790674352,0.2619253209325648,0.2358365858970791,0.0
31,80,0.7380746790674352,0.2619253209325648,0.2366675091939064,0.0
31,81,0.7380746790674352,0.2619253209325648,0.2372575132417862,0.0
31,82,0.7380746790674352,0.2619253209325648,0.2376848004284606,0.0
31,83,0.7334638716001244,0.2665361283998756,0.2380012365908134,0.0
31,84,0.7320941374702364,0.2679058625297635,0.2395664912908378,0.0
32,1,1.0,0.0,0.0,15.073025
32,2,0.9935494581170844,0.0064505418829154,0.0312153814104069,15.015975
32,3,0.9935494581170844,0.0064505418829154,0.0429670283350701,15.38845
32,4,0.9934115317243676,0.0065884682756323,0.0524375630992995,15.787525
32,5,0.982638304653666,0.0173616953463341,0.0602930963182779,15.36475
32,6,0.9661233220806204,0.0338766779193795,0.0681530888383469,14.230775
32,7,0.9661233220806204,0.0338766779193795,0.076494507135825,14.53975
32,8,0.9595259082391536,0.0404740917608462,0.0826324520764769,14.3843
32,9,0.9595259082391536,0.0404740917608462,0.0885897931046324,14.72345
32,10,0.9595259082391536,0.0404740917608462,0.0932731722785923,15.126425
32,11,0.9594409504349474,0.0405590495650526,0.0972167708181302,15.513925
32,12,0.9505626923846516,0.0494373076153483,0.1006797955559086,14.9866
32,13,0.94701694819485,0.05298305180515,0.1053230384708926,15.018575
32,14,0.940696068235753,0.0593039317642469,0.1094901142023561,14.631725
32,15,0.9319710199711536,0.0680289800288463,0.1138767210803856,14.07165
32,16,0.9290665655354614,0.0709334344645385,0.1187748090524757,14.084775
32,17,0.923127565824045,0.076872434175955,0.1227918500286297,13.87485
32,18,0.9154022961298436,0.0845977038701564,0.1269263299209975,13.155025
32,19,0.9115428807123016,0.0884571192876984,0.1314451163708269,13.155725
32,20,0.9109336896441048,0.089066310355895,0.1353778321137563,13.252875
32,21,0.9109336896441048,0.089066310355895,0.1383375501738516,13.4919
32,22,0.9109336896441048,0.089066310355895,0.1406384404815843,13.83085
32,23,0.9084605383952408,0.0915394616047593,0.1425582275358695,13.8638
32,24,0.9084605383952408,0.0915394616047593,0.144753323538867,14.004975
32,25,0.9084605383952408,0.0915394616047593,0.1465487960882898,14.183325
32,26,0.9042902978220534,0.0957097021779466,0.1480994613382909,14.07755
32,27,0.9042902978220534,0.0957097021779466,0.1503774909822933,14.21945
32,28,0.8997730378737788,0.1002269621262211,0.1521401039253354,13.955475
32,29,0.8982143728745986,0.1017856271254014,0.1545764552265256,13.967025
32,30,0.8928595568994,0.1071404431006,0.156730439377904,13.601125
32,31,0.8928595568994,0.1071404431006,0.1595488145385834,13.7462
32,32,0.8928595568994,0.1071404431006,0.1615514218649395,14.01265
32,33,0.8868277915174247,0.1131722084825752,0.1630799037903834,13.371175
32,34,0.8868277915174247,0.1131722084825752,0.1656782156819139,13.627325
32,35,0.8868277915174247,0.1131722084825752,0.167524933482279,13.71425
32,36,0.884745929784723,0.115254070215277,0.1689282753993955,13.693275
32,37,0.8810907117573058,0.1189092882426942,0.170539258879822,13.54535
32,38,0.8801582355253469,0.1198417644746531,0.1726257238282364,13.48745
32,39,0.8801582355253469,0.1198417644746531,0.1743565555319314,13.7085
32,40,0.8796355096732498,0.1203644903267502,0.1756537524081398,13.817775
32,41,0.8796355096732498,0.1203644903267502,0.1768077381461059,14.127875
32,42,0.8770043244060503,0.1229956755939497,0.1777444772680325,13.93875
32,43,0.875831326147661,0.1241686738523389,0.1791662166693449,13.9042
32,44,0.8705366922549334,0.1294633077450666,0.1805267124186855,13.397975
32,45,0.8698499379432579,0.130150062056742,0.1828340207233687,13.265675
32,46,0.8698499379432579,0.130150062056742,0.1846054318237245,13.559075
32,47,0.8658993856117879,0.134100614388212,0.1858813477098369,13.134325
32,48,0.8658602274056174,0.1341397725943826,0.1878130494494261,13.351975
32,49,0.8658602274056174,0.1341397725943826,0.1891882842297822,13.597425
32,50,0.8658602274056174,0.1341397725943826,0.1902073578609725,13.66
32,51,0.8658602274056174,0.1341397725943826,0.1910012416083824,13.95405
32,52,0.8611914117630253,0.1388085882369747,0.1916498032029489,13.151125
32,53,0.8599546680729802,0.1400453319270198,0.1933708572849861,13.104725
32,54,0.855306598343354,0.144693401656646,0.1948992404021455,12.577275
32,55,0.855306598343354,0.144693401656646,0.1971683146136266,12.81775
32,56,0.855306598343354,0.144693401656646,0.1987252724093695,12.84205
32,57,0.855306598343354,0.144693401656646,0.199831826169833,13.036425
32,58,0.855306598343354,0.144693401656646,0.2006506887308271,13.290025
32,59,0.855306598343354,0.144693401656646,0.2012834342092242,13.309825
32,60,0.855306598343354,0.144693401656646,0.2017937461041945,13.49825
32,61,0.855306598343354,0.144693401656646,0.20222174317874,13.56615
32,62,0.855306598343354,0.144693401656646,0.2025928378844996,13.658975
32,63,0.855306598343354,0.144693401656646,0.2029232325419881,13.84945
32,64,0.855306598343354,0.144693401656646,0.2032233407624952,14.0786
32,65,0.855306598343354,0.144693401656646,0.2034999242791804,14.237225
32,66,0.855306598343354,0.144693401656646,0.2037574318053369,14.369125
32,67,0.855306598343354,0.144693401656646,0.2039988406061367,14.541375
32,68,0.855306598343354,0.144693401656646,0.2042261871905881,14.55255
32,69,0.8480585989621002,0.1519414010378997,0.2044409030546654,13.2729
32,70,0.8451253339728058,0.1548746660271942,0.2066094286603814,13.276975
32,71,0.8451253339728058,0.1548746660271942,0.20888678067962,13.089425
32,72,0.8451253339728058,0.1548746660271942,0.2104368924095078,13.36705
32,73,0.8418231543741163,0.1581768456258837,0.2115094831528317,12.854775
32,74,0.8415864508481374,0.1584135491518625,0.2131778489594504,12.8108
32,75,0.8415864508481374,0.1584135491518625,0.2143925799719725,13.072225
32,76,0.8409207026646349,0.159079297335365,0.2152412873938737,12.972725
32,77,0.8409207026646349,0.159079297335365,0.2160323483147803,13.007725
32,78,0.8409207026646349,0.159079297335365,0.2165975668279875,13.488975
32,79,0.8406337679226631,0.1593662320773369,0.217010953194249,13.225825
32,80,0.8359307714688334,0.1640692285311665,0.2174024569386534,12.476525
32,81,0.8336999866980176,0.1663000133019824,0.2190318107163963,12.001225
32,82,0.8324437589532265,0.1675562410467734,0.2207878543466424,11.8794
32,83,0.8324437589532265,0.1675562410467734,0.2223521684394121,12.100425
32,84,0.8230042712545081,0.1769957287454918,0.223428124533267,10.10795
33,1,0.9952483038939214,0.0047516961060786,0.0,14.62925
33,2,0.9952483038939214,0.0047516961060786,0.0312153814104069,15.13655
33,3,0.9785200563083968,0.0214799436916033,0.0426223575631783,14.137025
33,4,0.9562008254713557,0.0437991745286444,0.0532080211221886,12.7323
33,5,0.938888938808616,0.0611110611913838,0.0637318586162135,11.7558
33,6,0.9350260931377418,0.0649739068622582,0.0735781227238627,11.705125
33,7,0.9280366887784745,0.0719633112215255,0.0813189896061852,11.415975
33,8,0.9173192421625984,0.0826807578374017,0.0883691648778136,10.802975
33,9,0.9151554167575128,0.0848445832424871,0.0954900915716283,10.86625
33,10,0.9151554167575128,0.0848445832424871,0.1011768613356572,11.1096
33,11,0.9030945915858242,0.0969054084141758,0.1057185746723336,10.29415
33,12,0.8963779335643941,0.1036220664356059,0.1116346267147637,9.972675
33,13,0.8900980142441198,0.1099019857558801,0.1171772350107129,9.62485
33,14,0.8837948542657963,0.1162051457342037,0.1224074087193515,9.223325
33,15,0.8837948542657963,0.1162051457342037,0.1274403220850373,9.491025
33,16,0.8801861165723973,0.1198138834276026,0.1311519252678371,9.297375
33,17,0.8801861165723973,0.1198138834276026,0.1348393547330669,9.473325
33,18,0.8761218125099858,0.1238781874900142,0.1377603509493321,9.359075
33,19,0.871785675778712,0.1282143242212879,0.1410339979177964,9.090025
33,20,0.871785675778712,0.1282143242212879,0.1444954422790187,9.3312
33,21,0.8672698790491964,0.1327301209508036,0.147146647260305,8.919375
33,22,0.866209766807474,0.133790233192526,0.1502555646178,9.025425
33,23,0.8605079182837067,0.1394920817162933,0.1528651888535848,8.557625
33,24,0.8605079182837067,0.1394920817162933,0.156143616916143,8.806825
33,25,0.8586079249418259,0.141392075058174,0.1585663953555512,8.62245
33,26,0.8586079249418259,0.141392075058174,0.1609045382901889,8.77805
33,27,0.857304328745823,0.142695671254177,0.162768263083848,8.793075
33,28,0.857304328745823,0.142695671254177,0.1646266661407137,8.918575
33,29,0.8502914406802313,0.1497085593197686,0.1661768340471729,8.41555
33,30,0.8461887748517946,0.1538112251482054,0.1690632644651756,7.9789
33,31,0.8437219790993783,0.1562780209006217,0.1720506509716128,7.9304
33,32,0.8437219790993783,0.1562780209006217,0.1747273718390884,8.010675
33,33,0.8379547077520347,0.1620452922479652,0.1766704638596622,7.393425
33,34,0.8379547077520347,0.1620452922479652,0.1794771121695449,7.4767
33,35,0.8320970846388159,0.167902915361184,0.1814730002175144,6.926625
33,36,0.8296417691937563,0.1703582308062436,0.1843232415935126,6.714025
33,37,0.8296417691937563,0.1703582308062436,0.1868898752058663,6.87455
33,38,0.8296417691937563,0.1703582308062436,0.1887218040464761,7.015
33,39,0.8285098175001385,0.1714901824998614,0.1901138711175795,6.949775
33,40,0.825521228984953,0.174478771015047,0.1914998529228858,6.61645
33,41,0.825521228984953,0.174478771015047,0.1933085466097246,6.73975
33,42,0.825521228984953,0.174478771015047,0.1946588307821902,6.80375
33,43,0.8233908055217868,0.1766091944782132,0.1957263743522448,6.5399
33,44,0.822643732053891,0.177356267946109,0.1971231000234677,6.555125
33,45,0.822643732053891,0.177356267946109,0.1983807530513814,6.662175
33,46,0.8165862958559398,0.1834137041440602,0.1993671739894177,5.923
33,47,0.8165862958559398,0.1834137041440602,0.2016502973725671,5.953375
33,48,0.8165727511561949,0.1834272488438051,0.2032502304833643,6.0185
33,49,0.8130944696304813,0.1869055303695187,0.2044303178268073,5.69065
33,50,0.8116314331116299,0.1883685668883701,0.2062004318955465,5.4554
33,51,0.8068370329474387,0.1931629670525613,0.2078350116580178,4.895825
33,52,0.8068370329474387,0.1931629670525613,0.2102131296180485,4.912975
33,53,0.8068370329474387,0.1931629670525613,0.2118566081495646,4.965775
33,54,0.8068370329474387,0.1931629670525613,0.2130389346733954,5.01985
33,55,0.8063405546246493,0.1936594453753507,0.2139284161881445,5.067
33,56,0.8063405546246493,0.1936594453753507,0.2147552675213322,5.180875
33,57,0.8063405546246493,0.1936594453753507,0.2154114396044867,5.18215
33,58,0.8022378656339214,0.1977621343660786,0.2159546871385371,4.6152
33,59,0.8022378656339214,0.1977621343660786,0.2174791072239949,4.531175
33,60,0.7966528978571868,0.2033471021428131,0.2185653955106339,3.78555
33,61,0.7955101108563677,0.2044898891436323,0.2208232251758732,3.65195
33,62,0.7955084671259504,0.2044915328740496,0.2226728076371769,3.6422
33,63,0.7947340114006716,0.2052659885993284,0.2239612062982771,3.62635
33,64,0.7947064303385404,0.2052935696614596,0.2250909826332491,3.670925
33,65,0.7919225975185054,0.2080774024814946,0.2259188006383502,3.18255
33,66,0.7919225975185054,0.2080774024814946,0.2272828874611853,3.262775
33,67,0.7907436182167994,0.2092563817832006,0.228249994725733,3.109525
33,68,0.7907436182167994,0.2092563817832006,0.2292740207037503,3.0458
33,69,0.7907436182167994,0.2092563817832006,0.2300156515671741,3.1568
33,70,0.7907436182167994,0.2092563817832006,0.2305705373413924,3.1672
33,71,0.7907436182167994,0.2092563817832006,0.2310004771718322,3.28265
33,72,0.7894645199111628,0.2105354800888371,0.2313455373365981,2.987775
33,73,0.7894645199111628,0.2105354800888371,0.2319831718067015,3.0066
33,74,0.7894645199111628,0.2105354800888371,0.2324591054091449,2.995525
33,75,0.787155255198763,0.212844744801237,0.2328258805515063,2.711025
33,76,0.7842490797642668,0.2157509202357331,0.2337603546024934,2.2738
33,77,0.7835771853616126,0.2164228146383874,0.2352378423073907,2.162025
33,78,0.7818700832980193,0.2181299167019806,0.2364507715494523,1.9545
33,79,0.7818700832980193,0.2181299167019806,0.2377792596877786,2.03695
33,80,0.7818700832980193,0.2181299167019806,0.2387027513433975,2.026175
33,81,0.7818700832980193,0.2181299167019806,0.2393548607840982,2.033825
33,82,0.7783060727276722,0.2216939272723278,0.2398239774908933,0.0
33,83,0.77703287424194,0.22296712575806,0.2411889877609794,0.0
33,84,0.7705354822407582,0.2294645177592418,0.2424992664741154,0.0
34,1,0.9903843463252348,0.0096156536747651,0.0,14.2884
34,2,0.961974832447103,0.0380251675528969,0.0312153814104069,12.4705
34,3,0.9544602326050856,0.0455397673949143,0.0441403585707186,12.212075
34,4,0.9319812680996766,0.0680187319003233,0.0548423818399084,10.8501
34,5,0.9277849367798078,0.0722150632201922,0.0655580848456921,10.768525
34,6,0.9205965010324808,0.0794034989675193,0.0740769475849095,10.519325
34,7,0.9129210180701264,0.0870789819298737,0.0817460723161592,10.163025
34,8,0.90831598864165,0.0916840113583501,0.0888789390345193,10.0157
34,9,0.8973211551794301,0.1026788448205698,0.0951338116502289,9.417525
34,10,0.8950916308091094,0.1049083691908906,0.1018361911472194,9.3801
34,11,0.8938829118771316,0.1061170881228683,0.107199934320029,9.5668
34,12,0.8927641148969259,0.1072358851030741,0.1116599323166544,9.601825
34,13,0.8822763163323545,0.1177236836676455,0.1155606169052844,8.8867
34,14,0.8698550907163254,0.1301449092836746,0.1207664986108023,8.041175
34,15,0.8656926355903516,0.1343073644096484,0.1268932640366641,7.846075
34,16,0.8656926355903516,0.1343073644096484,0.1319025922263105,7.922025
34,17,0.8610502609400129,0.1389497390599871,0.1355398586552869,7.71185
34,18,0.8610502609400129,0.1389497390599871,0.1393403911503187,7.845525
34,19,0.8580318020312814,0.1419681979687186,0.1422674198535874,7.78
34,20,0.8503817982767351,0.1496182017232649,0.1452996719959069,7.1684
34,21,0.8503817982767351,0.1496182017232649,0.1492754177159625,7.258
34,22,0.844394325221446,0.155605674778554,0.1521632397631513,6.8112
34,23,0.844394325221446,0.155605674778554,0.1556799933335362,6.904475
34,24,0.8442382203606024,0.1557617796393976,0.1582672024819973,7.023125
34,25,0.8442382203606024,0.1557617796393976,0.1603629213942513,7.1962
34,26,0.8380684977297316,0.1619315022702684,0.1621303105352,6.6781
34,27,0.8332281309719666,0.1667718690280334,0.1650042280649491,6.17245
34,28,0.8332281309719666,0.1667718690280334,0.16818394780023,6.361475
34,29,0.8332281309719666,0.1667718690280334,0.1704747875907244,6.4304
34,30,0.8290353544087141,0.1709646455912858,0.1722547292999777,6.04985
34,31,0.8240868538843507,0.1759131461156493,0.1746510321528234,5.547475
34,32,0.820472146433652,0.179527853566348,0.1775508753089001,5.283375
34,33,0.820472146433652,0.179527853566348,0.1804337367188268,5.31615
34,34,0.8142591455907641,0.1857408544092359,0.1824906506767902,4.712375
34,35,0.8142591455907641,0.1857408544092359,0.1854665475559309,4.79905
34,36,0.8142591455907641,0.1857408544092359,0.187558598502837,4.8821
34,37,0.8142591455907641,0.1857408544092359,0.1891284057795174,4.9723
34,38,0.8117851593938415,0.1882148406061584,0.1903816876913435,4.70045
34,39,0.8083721447516132,0.1916278552483867,0.1920100206183926,4.330675
34,40,0.8005488947646054,0.1994511052353945,0.1940704354705453,3.476925
34,41,0.8000274665452674,0.1999725334547326,0.1974172338386945,3.40565
34,42,0.8000274665452674,0.1999725334547326,0.1998133272268358,3.436575
34,43,0.7997929855029343,0.2002070144970656,0.2015140768345222,3.425125
34,44,0.798527319888588,0.2014726801114119,0.2028465519491585,3.35405
34,45,0.7975457528611126,0.2024542471388873,0.2041966459131881,3.30525
34,46,0.7975457528611126,0.2024542471388873,0.2054825476806594,3.309475
34,47,0.7952042366181074,0.2047957633818926,0.2064850018510484,3.03165
34,48,0.7952042366181074,0.2047957633818926,0.2078778265457105,3.11315
34,49,0.7883530371721866,0.2116469628278133,0.2089318938595821,2.2474
34,50,0.7883530371721866,0.2116469628278133,0.2114599134345385,2.25215
34,51,0.7883530371721866,0.2116469628278133,0.2132051255811488,2.2692
34,52,0.7883530371721866,0.2116469628278133,0.2144621187174585,2.3108
34,53,0.7883530371721866,0.2116469628278133,0.2154108502912972,2.35635
34,54,0.7839216605334148,0.2160783394665851,0.2161617831281496,1.8564
34,55,0.7839216605334148,0.2160783394665851,0.217903637592444,1.826375
34,56,0.7839216605334148,0.2160783394665851,0.2191428415706091,1.876375
34,57,0.7766496262813171,0.2233503737186829,0.2200618141366642,0.0
34,58,0.7758042553793629,0.224195744620637,0.2226401711865619,0.0
34,59,0.7758042553793629,0.224195744620637,0.2246195403671603,0.0
34,60,0.7758042553793629,0.224195744620637,0.2259991015395269,0.0
34,61,0.7702223398449567,0.2297776601550433,0.2269939748897597,0.0
34,62,0.7702223398449567,0.2297776601550433,0.229199527187799,0.0
34,63,0.7672109156598254,0.2327890843401746,0.2307188162255976,0.0
34,64,0.7672109156598254,0.2327890843401746,0.2325905013704188,0.0
34,65,0.7672109156598254,0.2327890843401746,0.2338924644508592,0.0
34,66,0.7672109156598254,0.2327890843401746,0.2348245693961602,0.0
34,67,0.7639020795506096,0.2360979204493903,0.2355144998669324,0.0
34,68,0.760512782985907,0.239487217014093,0.2369334555269531,0.0
34,69,0.7576620092718445,0.2423379907281555,0.2388497630327825,0.0
34,70,0.7576620092718445,0.2423379907281555,0.2409470292409213,0.0
34,71,0.7566582904087699,0.2433417095912301,0.2423888719379207,0.0
34,72,0.7566582904087699,0.2433417095912301,0.2436749657744193,0.0
34,73,0.7566582904087699,0.2433417095912301,0.2445826534666108,0.0
34,74,0.7566582904087699,0.2433417095912301,0.2452394389906619,0.0
34,75,0.7566582904087699,0.2433417095912301,0.2457284388485001,0.0
34,76,0.7566582904087699,0.2433417095912301,0.2461039923407604,0.0
34,77,0.7566582904087699,0.2433417095912301,0.2464017368536213,0.0
34,78,0.7566582904087699,0.2433417095912301,0.2466451264091337,0.0
34,79,0.7540783160010257,0.2459216839989743,0.2468496590619883,0.0
34,80,0.7496133845827759,0.250386615417224,0.2477553460019778,0.0
34,81,0.7496133845827759,0.250386615417224,0.2496649016825346,0.0
34,82,0.7496133845827759,0.250386615417224,0.2509765150763668,0.0
34,83,0.7458511082513596,0.2541488917486404,0.2518872202653743,0.0
34,84,0.7458511082513596,0.2541488917486404,0.253609146648541,0.0
35,1,0.9913292558631448,0.0086707441368553,0.0,14.376725
35,2,0.964827603100311,0.0351723968996889,0.0312153814104069,12.670725
35,3,0.9546522514416488,0.0453477485583512,0.0440384161331361,12.285575
35,4,0.9395431324981808,0.0604568675018191,0.0548918905835633,11.4466
35,5,0.9274414074334824,0.0725585925665175,0.064944894668952,10.76945
35,6,0.915561603751716,0.084438396248284,0.074082014731557,10.14695
35,7,0.9024786391482524,0.0975213608517474,0.0826000726325445,9.312025
35,8,0.902030632642536,0.0979693673574638,0.0908657876147256,9.550325
35,9,0.8975320232779177,0.1024679767220823,0.0970263314350043,9.38765
35,10,0.8959227611199316,0.1040772388800683,0.1027102427397719,9.4892
35,11,0.8837029947737335,0.1162970052262665,0.107546646632795,8.652325
35,12,0.8727823448191083,0.1272176551808916,0.1136526934192972,7.9153
35,13,0.8653211331401747,0.1346788668598253,0.1200489141369428,7.485825
35,14,0.8566627211237446,0.1433372788762553,0.1259240141882593,6.8897
35,15,0.8483977840097165,0.1516022159902834,0.1317339379962576,6.3474
35,16,0.8435964847419063,0.1564035152580937,0.1374096174562041,5.96805
35,17,0.8355816033294824,0.1644183966705176,0.1423359870250933,5.422475
35,18,0.8285029548693356,0.1714970451306644,0.1474804655126176,4.8503
35,19,0.8285029548693356,0.1714970451306644,0.1525286603778701,4.97095
35,20,0.8285029548693356,0.1714970451306644,0.1561027595271313,5.0938
35,21,0.8278975172368052,0.1721024827631948,0.1588822273314698,5.09595
35,22,0.8240584465240263,0.1759415534759737,0.1613270253149144,4.8315
35,23,0.8240584465240263,0.1759415534759737,0.164216762488785,4.8941
35,24,0.8232972609712202,0.1767027390287797,0.1665123914729397,4.929175
35,25,0.8194293121402296,0.1805706878597703,0.1686148366498737,4.59365
35,26,0.8176791605128292,0.1823208394871708,0.1712366081403482,4.54705
35,27,0.8057458158000469,0.1942541841999531,0.1736657491756769,3.331375
35,28,0.8012241918203694,0.1987758081796306,0.1781564910696545,2.9654
35,29,0.8012241918203694,0.1987758081796306,0.1821825293628537,2.995775
35,30,0.8012241918203694,0.1987758081796306,0.1849621896847127,3.0269
35,31,0.8012241918203694,0.1987758081796306,0.187031480671102,3.0928
35,32,0.7859763797159708,0.2140236202840292,0.1886828217724115,1.55515
35,33,0.7859763797159708,0.2140236202840292,0.1934787393448863,1.5796
35,34,0.7859763797159708,0.2140236202840292,0.1966581217026341,1.61375
35,35,0.7844303960063023,0.2155696039936977,0.1989048762306418,1.4979
35,36,0.7809317463609909,0.219068253639009,0.2009541072701271,1.231475
35,37,0.777939156429929,0.222060843570071,0.2033253372762016,0.0
35,38,0.777939156429929,0.222060843570071,0.2057616929157782,0.0
35,39,0.777939156429929,0.222060843570071,0.2075373907196426,0.0
35,40,0.777939156429929,0.222060843570071,0.2089134404407275,0.0
35,41,0.777939156429929,0.222060843570071,0.2100411384869759,0.0
35,42,0.774448890047358,0.225551109952642,0.2110089598623301,0.0
35,43,0.7729145676293236,0.2270854323706763,0.2126974016239741,0.0
35,44,0.7729145676293236,0.2270854323706763,0.2143467280962059,0.0
35,45,0.7729145676293236,0.2270854323706763,0.2155982059446248,0.0
35,46,0.769546357178227,0.230453642821773,0.2166002735301478,0.0
35,47,0.7660089287706366,0.2339910712293633,0.2182588698729854,0.0
35,48,0.7660089287706366,0.2339910712293633,0.220356534868289,0.0
35,49,0.7628017296665163,0.2371982703334837,0.2218552110029986,0.0
35,50,0.757878734235926,0.242121265764074,0.2237706077619396,0.0
35,51,0.7578646609134477,0.2421353390865522,0.226367509517937,0.0
35,52,0.7578646609134477,0.2421353390865522,0.2281672308652568,0.0
35,53,0.7578646609134477,0.2421353390865522,0.2294644918374233,0.0
35,54,0.7578646609134477,0.2421353390865522,0.2304434746605089,0.0
35,55,0.7521047235787978,0.2478952764212022,0.2312176475083253,0.0
35,56,0.7521047235787978,0.2478952764212022,0.2333210038683435,0.0
35,57,0.751132530660763,0.2488674693392369,0.2347938439793413,0.0
35,58,0.7479935201436355,0.2520064798563645,0.2361146832495751,0.0
35,59,0.7416747107969991,0.2583252892030009,0.2378953033929382,0.0
35,60,0.7416747107969991,0.2583252892030009,0.2407926310642403,0.0
35,61,0.7354269433428758,0.2645730566571241,0.2427633662076262,0.0
35,62,0.7354269433428758,0.2645730566571241,0.2457749690982593,0.0
35,63,0.7354269433428758,0.2645730566571241,0.2478188782815079,0.0
35,64,0.7354269433428758,0.2645730566571241,0.2492404386596384,0.0
35,65,0.7354269433428758,0.2645730566571241,0.2502589606133923,0.0
35,66,0.7333472483700341,0.2666527516299659,0.2510141698092242,0.0
35,67,0.7276122884526975,0.2723877115473024,0.2521518864047575,0.0
35,68,0.7276122884526975,0.2723877115473024,0.2545195714378586,0.0
35,69,0.7241715719043716,0.2758284280956283,0.2561443328558184,0.0
35,70,0.7196513480220319,0.2803486519779681,0.2582166278985075,0.0
35,71,0.7196513480220319,0.2803486519779681,0.2608782341685802,0.0
35,72,0.7162776513484702,0.2837223486515298,0.2626944760513958,0.0
35,73,0.7162776513484702,0.2837223486515298,0.2648821452231502,0.0
35,74,0.7159429500542148,0.2840570499457852,0.2663865868652721,0.0
35,75,0.7159429500542148,0.2840570499457852,0.2675323892227605,0.0
35,76,0.7159429500542148,0.2840570499457852,0.2683468240196595,0.0
35,77,0.7147544091368362,0.2852455908631638,0.2689397462801877,0.0
35,78,0.7108597711283426,0.2891402288716573,0.2697166888540317,0.0
35,79,0.7108597711283426,0.2891402288716573,0.2713771593773232,0.0
35,80,0.7108597711283426,0.2891402288716573,0.2725272772675313,0.0
35,81,0.7108597711283426,0.2891402288716573,0.2733357288022498,0.0
35,82,0.7108597711283426,0.2891402288716573,0.2739140950332026,0.0
35,83,0.7096537083010018,0.2903462916989981,0.274336358777146,0.0
35,84,0.6940880475694192,0.3059119524305808,0.2749983276630517,0.0
36,1,1.0,0.0,0.0,15.059975
36,2,0.9984206366986434,0.0015793633013565,0.0312153814104069,15.356525
36,3,0.992605604182018,0.0073943958179819,0.042706747429651,15.320125
36,4,0.9723773866902212,0.0276226133097786,0.0524876565968479,14.069375
36,5,0.9682288296307688,0.0317711703692312,0.0624406907519892,14.02295
36,6,0.9625048403715608,0.037495159628439,0.0704743708109917,13.876925
36,7,0.9497385342144564,0.0502614657855436,0.0775988179439784,13.1456
36,8,0.9497385342144564,0.0502614657855436,0.0850758140383736,13.5043
36,9,0.9394358337888128,0.0605641662111873,0.0906723093633198,12.9833
36,10,0.9394358337888128,0.0605641662111873,0.0968773416114927,13.2663
36,11,0.9394358337888128,0.0605641662111873,0.1015567500709006,13.682125
36,12,0.920332194696656,0.079667805303344,0.105408231476801,12.058875
36,13,0.920332194696656,0.079667805303344,0.112091568452322,12.4335
36,14,0.9122660910663378,0.0877339089336621,0.1166537521647052,11.9066
36,15,0.9122660910663378,0.0877339089336621,0.1216297239526097,12.149975
36,16,0.9122660910663378,0.0877339089336621,0.1252546783251932,12.4658
36,17,0.9095080928445244,0.0904919071554757,0.1281584801283718,12.493975
36,18,0.907011009566011,0.092988990433989,0.1311722729132415,12.37645
36,19,0.9010155906454486,0.0989844093545514,0.1341360606634576,12.0334
36,20,0.8934912287698443,0.1065087712301556,0.1377245380161932,11.444425
36,21,0.8902585085482024,0.1097414914517975,0.1419138075177562,11.31465
36,22,0.8887372294618365,0.1112627705381634,0.1455291559456445,11.31945
36,23,0.8878114364626434,0.1121885635373566,0.1484746344188129,11.49155
36,24,0.8878114364626434,0.1121885635373566,0.1509183630675077,11.680275
36,25,0.8753403740475431,0.1246596259524569,0.1528731107321825,10.52315
36,26,0.8738664872767904,0.1261335127232096,0.1571718064755285,10.497675
36,27,0.8720022910435464,0.1279977089564535,0.1604010909375978,10.5025
36,28,0.8657393115892543,0.1342606884107456,0.1631198135155359,9.928875
36,29,0.8657393115892543,0.1342606884107456,0.1664971652087696,10.213925
36,30,0.8657393115892543,0.1342606884107456,0.1688695268297892,10.23915
36,31,0.8641181638026553,0.1358818361973447,0.1706661081501828,10.293525
36,32,0.8641181638026553,0.1358818361973447,0.1724803755971178,10.427575
36,33,0.8641181638026553,0.1358818361973447,0.1739284432567607,10.631425
36,34,0.8641181638026553,0.1358818361973447,0.1751509564710948,10.8037
36,35,0.8622148488238494,0.1377851511761506,0.1762271945643629,10.632475
36,36,0.8594990757027506,0.1405009242972493,0.1776356260303772,10.4272
36,37,0.8573158652870067,0.1426841347129933,0.1794111277776439,10.481875
36,38,0.8522219437422126,0.1477780562577874,0.1812703673126765,9.8575
36,39,0.8457687749955142,0.1542312250044858,0.1838467721443005,9.161775
36,40,0.8457687749955142,0.1542312250044858,0.1871630843755327,9.20845
36,41,0.8457687749955142,0.1542312250044858,0.1894097143302091,9.393375
36,42,0.8428784879128512,0.1571215120871487,0.1910156068825974,9.2297
36,43,0.8412841281833078,0.1587158718166922,0.1929172430908801,9.05405
36,44,0.8398447269167254,0.1601552730832746,0.1946842744911223,8.9978
36,45,0.8398447269167254,0.1601552730832746,0.1963288858330201,9.09625
36,46,0.8391753205475014,0.1608246794524985,0.1975477497998944,9.03735
36,47,0.8391753205475014,0.1608246794524985,0.1986633125317393,9.213275
36,48,0.8391753205475014,0.1608246794524985,0.1995462567829911,9.39335
36,49,0.8391753205475014,0.1608246794524985,0.2002793608667906,9.418275
36,50,0.8391753205475014,0.1608246794524985,0.2009128803344844,9.626275
36,51,0.8326299301832716,0.1673700698167284,0.201477579962472,8.668375
36,52,0.8326299301832716,0.1673700698167284,0.2036227684924115,8.678925
36,53,0.8311513405972436,0.1688486594027564,0.2051161156939122,8.699425
36,54,0.8311513405972436,0.1688486594027564,0.2065717316870727,8.7607
36,55,0.8311513405972436,0.1688486594027564,0.2076279819136988,8.81085
36,56,0.8308695094494568,0.1691304905505432,0.2084293485243821,9.022425
36,57,0.8232261213794994,0.1767738786205006,0.2091374520000894,7.737875
36,58,0.8232261213794994,0.1767738786205006,0.2116712187815923,7.895325
36,59,0.8195750295630844,0.1804249704369156,0.2133981275404971,7.384275
36,60,0.8185558327497439,0.1814441672502561,0.2155570037992689,7.281675
36,61,0.8185558327497439,0.1814441672502561,0.2173091008334519,7.359525
36,62,0.8185558327497439,0.1814441672502561,0.2185345633464327,7.520875
36,63,0.8159138014486808,0.1840861985513192,0.2194202837855804,7.16475
36,64,0.8159138014486808,0.1840861985513192,0.2207820947146092,7.202675
36,65,0.8153780126542282,0.1846219873457718,0.2217504567522758,7.197925
36,66,0.8153780126542282,0.1846219873457718,0.2226049395488348,7.157125
36,67,0.8153780126542282,0.1846219873457718,0.2232400987210897,7.2789
36,68,0.8153540694230843,0.1846459305769157,0.2237298734933067,7.313825
36,69,0.8148544546919304,0.1851455453080696,0.2241282949306275,7.357025
36,70,0.8132936816924059,0.1867063183075941,0.2245928556180123,7.080575
36,71,0.8111689839459153,0.1888310160540847,0.2253870519018022,6.854
36,72,0.8111689839459153,0.1888310160540847,0.2265505399544377,6.879525
36,73,0.810819409045788,0.189180590954212,0.2273732677402162,6.88415
36,74,0.810819409045788,0.189180590954212,0.2280663935546745,6.960675
36,75,0.8062049922198941,0.1937950077801059,0.2285754726873969,6.06125
36,76,0.8058434759029279,0.194156524097072,0.2302444560319633,6.234175
36,77,0.8047003312115472,0.1952996687884528,0.2314969293050309,5.909625
36,78,0.8047003312115472,0.1952996687884528,0.2326920001565481,5.978325
36,79,0.8047003312115472,0.1952996687884528,0.233527087498891,6.1107
36,80,0.7994629986094702,0.2005370013905297,0.2341211025065473,5.0922
36,81,0.7976431362358456,0.2023568637641544,0.2360398955343163,4.79625
36,82,0.794045977719855,0.205954022280145,0.2378747122218253,4.194025
36,83,0.7928630921904043,0.2071369078095957,0.2401641175078586,4.007425
36,84,0.7902085936933642,0.2097914063066358,0.2420688666932135,3.3658
37,1,0.9609885914782924,0.0390114085217074,0.0,12.043975
37,2,0.9215583553538326,0.0784416446461674,0.0312153814104069,9.500175
37,3,0.915016777144576,0.0849832228554241,0.04472922705842,9.29035
37,4,0.9006441916643756,0.0993558083356244,0.0556792665117061,8.472475
37,5,0.8874333761268453,0.1125666238731547,0.065760195476135,7.75625
37,6,0.8798900697035567,0.1201099302964433,0.0750843463760906,7.4105
37,7,0.8751000753859953,0.1248999246140046,0.0831627443020349,7.250225
37,8,0.8644392156994537,0.1355607843005463,0.0901074527314428,6.580375
37,9,0.8543136353988516,0.1456863646011483,0.0972271398230411,5.957375
37,10,0.8480210403358983,0.1519789596641017,0.1042109437115367,5.613575
37,11,0.8420452998010369,0.157954700198963,0.1104137531847133,5.275325
37,12,0.8376969093524841,0.1623030906475159,0.1161145203833562,5.061875
37,13,0.8276668028511524,0.1723331971488476,0.1212116275209772,4.316175
37,14,0.8220722587401544,0.1779277412598455,0.1269628299027709,3.956525
37,15,0.8220722587401544,0.1779277412598455,0.1321634039993406,4.018375
37,16,0.8220722587401544,0.1779277412598455,0.1360035340206886,4.1262
37,17,0.8134852235252593,0.1865147764747406,0.1391099159379271,3.504175
37,18,0.8128475575855753,0.1871524424144247,0.1434413872000969,3.489575
37,19,0.8123065284569745,0.1876934715430255,0.1467891640219077,3.5208
37,20,0.8100564755204779,0.1899435244795221,0.1495719365593737,3.3444
37,21,0.8022982661872736,0.1977017338127263,0.1523592255379127,2.722375
37,22,0.7968028465503743,0.2031971534496257,0.156227345889838,2.255275
37,23,0.7958112411969055,0.2041887588030945,0.1601767050768589,2.201525
37,24,0.7930597993638635,0.2069402006361365,0.163219557883687,1.992825
37,25,0.7916664277155127,0.2083335722844873,0.1661237680264615,1.8957
37,26,0.7786446791187912,0.2213553208812088,0.1686441709631907,0.0
37,27,0.7786446791187912,0.2213553208812088,0.1734123946824775,0.0
37,28,0.7786446791187912,0.2213553208812088,0.1766177373284409,0.0
37,29,0.7773364056161288,0.2226635943838711,0.1789495835944467,0.0
37,30,0.7773364056161288,0.2226635943838711,0.181063122002931,0.0
37,31,0.7759804071895614,0.2240195928104386,0.1827485166736749,0.0
37,32,0.7721647346555253,0.2278352653444747,0.1844726387584092,0.0
37,33,0.7721524714502009,0.227847528549799,0.1867497035432128,0.0
37,34,0.7679674439447207,0.2320325560552792,0.1884776699555561,0.0
37,35,0.7660028860176856,0.2339971139823143,0.1908188613474234,0.0
37,36,0.7630050674314343,0.2369949325685657,0.1930017075479696,0.0
37,37,0.7582581278396385,0.2417418721603614,0.1953209452958648,0.0
37,38,0.7561034749459536,0.2438965250540463,0.198116883404863,0.0
37,39,0.7561034749459536,0.2438965250540463,0.2005905013804514,0.0
37,40,0.7559373218078268,0.2440626781921732,0.2023677135147347,0.0
37,41,0.7512735625570008,0.2487264374429991,0.2037626817281231,0.0
37,42,0.7454961268561751,0.2545038731438249,0.205981377324786,0.0
37,43,0.7423841285157667,0.2576158714842332,0.2089550353667098,0.0
37,44,0.7423841285157667,0.2576158714842332,0.2117492958336789,0.0
37,45,0.7423132272725309,0.2576867727274691,0.2136893953718069,0.0
37,46,0.7423132272725309,0.2576867727274691,0.2151241840710827,0.0
37,47,0.7366279965866805,0.2633720034133194,0.2162276125229767,0.0
37,48,0.7366279965866805,0.2633720034133194,0.2185076279218431,0.0
37,49,0.7366279965866805,0.2633720034133194,0.22011646664072,0.0
37,50,0.7348529260277791,0.2651470739722209,0.2213075479460242,0.0
37,51,0.7323627615743785,0.2676372384256215,0.2226744194748643,0.0
37,52,0.7323627615743785,0.2676372384256215,0.2243246166053465,0.0
37,53,0.7299687662683855,0.2700312337316145,0.225525804333446,0.0
37,54,0.7246740596044366,0.2753259403955633,0.2270442303052816,0.0
37,55,0.7246740596044366,0.2753259403955633,0.2294929845298793,0.0
37,56,0.7232073095215036,0.2767926904784964,0.2311842831648703,0.0
37,57,0.7232073095215036,0.2767926904784964,0.2327704869865894,0.0
37,58,0.7219887289217165,0.2780112710782835,0.2339123509682838,0.0
37,59,0.7210861152361417,0.2789138847638582,0.2350829980332563,0.0
37,60,0.7210861152361417,0.2789138847638582,0.2361874832279921,0.0
37,61,0.7210861152361417,0.2789138847638582,0.237012025344065,0.0
37,62,0.7160774616917491,0.2839225383082508,0.2376535506123141,0.0
37,63,0.7160774616917491,0.2839225383082508,0.2394894517890521,0.0
37,64,0.7160774616917491,0.2839225383082508,0.2407736329867447,0.0
37,65,0.7154194275865793,0.2845805724134207,0.2417001099789745,0.0
37,66,0.7154194275865793,0.2845805724134207,0.2425677976399117,0.0
37,67,0.7154194275865793,0.2845805724134207,0.2432188165872952,0.0
37,68,0.7154194275865793,0.2845805724134207,0.2437258010934018,0.0
37,69,0.7087835799036873,0.2912164200963126,0.2441354932944309,0.0
37,70,0.7071053401506524,0.2928946598493476,0.246277503629871,0.0
37,71,0.7071053401506524,0.2928946598493476,0.2482072302004111,0.0
37,72,0.7029923895558995,0.2970076104441005,0.2495402089709728,0.0
37,73,0.7029923895558995,0.2970076104441005,0.2516100676400835,0.0
37,74,0.7024321886003148,0.2975678113996852,0.2530337320274761,0.0
37,75,0.7024321886003148,0.2975678113996852,0.2541856825120244,0.0
37,76,0.6988920538308895,0.3011079461691105,0.2550013441233155,0.0
37,77,0.6981131770719763,0.3018868229280237,0.2565814579818489,0.0
37,78,0.694942018639523,0.305057981360477,0.2578964859929652,0.0
37,79,0.694942018639523,0.305057981360477,0.2597089987829786,0.0
37,80,0.694942018639523,0.305057981360477,0.260958559793186,0.0
37,81,0.694942018639523,0.305057981360477,0.2618316805433682,0.0
37,82,0.694942018639523,0.305057981360477,0.2624517196342076,0.0
37,83,0.6855904567353202,0.3144095432646798,0.2629004561225944,0.0
37,84,0.6828141200576644,0.3171858799423356,0.2659199451727568,0.0
38,1,0.99934903996163,0.0006509600383699,0.0,14.97615
38,2,0.9852828030076796,0.0147171969923203,0.0312153814104069,14.266525
38,3,0.9712467826572188,0.0287532173427811,0.0433739565507566,13.630175
38,4,0.948969647577428,0.0510303524225719,0.0541630571642208,12.226475
38,5,0.9380928465629736,0.0619071534370263,0.0648373952251168,11.6997
38,6,0.9339014665827692,0.0660985334172309,0.0740665820905376,11.56195
38,7,0.9339014665827692,0.0660985334172309,0.0816288285071788,11.8047
38,8,0.9274741802989922,0.0725258197010078,0.0876373096953562,11.645525
38,9,0.9182285191417914,0.0817714808582086,0.0936622574869932,11.1691
38,10,0.9126698114839596,0.0873301885160403,0.099955356739985,10.88945
38,11,0.904324142590852,0.0956758574091479,0.1056499804106304,10.4676
38,12,0.900822131074952,0.0991778689250481,0.1114451466691633,10.37745
38,13,0.8948593411949997,0.1051406588050003,0.1163664687863079,10.0645
38,14,0.8948593411949997,0.1051406588050003,0.1212415834417003,10.278025
38,15,0.8941319295992232,0.1058680704007768,0.1249356413937848,10.469675
38,16,0.8941319295992232,0.1058680704007768,0.1281170829535634,10.66235
38,17,0.8939970410671676,0.1060029589328324,0.1308314179115234,10.786325
38,18,0.8868087423407317,0.1131912576592683,0.133265947033293,10.40535
38,19,0.8752013804633134,0.1247986195366865,0.1368765668445985,9.386575
38,20,0.8752013804633134,0.1247986195366865,0.1419266294124848,9.611725
38,21,0.8719433532243187,0.1280566467756813,0.1453758017498052,9.404875
38,22,0.8719433532243187,0.1280566467756813,0.1486322205688045,9.620675
38,23,0.8698520734829843,0.1301479265170156,0.1510928140834197,9.557975
38,24,0.8697282406552976,0.1302717593447023,0.1535344409537057,9.786125
38,25,0.8697282406552976,0.1302717593447023,0.1555252957002826,9.881925
38,26,0.8661785962487607,0.1338214037512393,0.1572169403956727,9.662025
38,27,0.8572697613973741,0.1427302386026259,0.1594728439840094,8.87955
38,28,0.8566647442910175,0.1433352557089825,0.1631698461842121,8.8886
38,29,0.853643269656264,0.1463567303437359,0.1658613441937488,8.830025
38,30,0.8475106845640364,0.1524893154359635,0.1685100923423089,8.1613
38,31,0.843723233320172,0.156276766679828,0.1718092802747712,7.874625
38,32,0.8389516344145775,0.1610483655854224,0.1749537546312064,7.407525
38,33,0.8389516344145775,0.1610483655854224,0.1782272321411945,7.54255
38,34,0.8389516344145775,0.1610483655854224,0.1805022675168621,7.5909
38,35,0.8358726252792837,0.1641273747207162,0.1821948182990493,7.462275
38,36,0.835541349633203,0.1644586503667969,0.1842389743624173,7.446925
38,37,0.8335924534184631,0.1664075465815369,0.1858505294104543,7.304775
38,38,0.8326543178123722,0.1673456821876278,0.1875713949654076,7.328375
38,39,0.8326543178123722,0.1673456821876278,0.189113741315926,7.418375
38,40,0.8309861124632189,0.1690138875367811,0.1903229236428514,7.287625
38,41,0.8309861124632189,0.1690138875367811,0.1917152289476317,7.30465
38,42,0.8309861124632189,0.1690138875367811,0.1928150247034147,7.54565
38,43,0.8234068889982838,0.1765931110017161,0.1937300949929584,6.56965
38,44,0.8229101566142406,0.1770898433857594,0.1963328818346945,6.5769
38,45,0.8229101566142406,0.1770898433857594,0.1982581618006814,6.759425
38,46,0.8229101566142406,0.1770898433857594,0.1996494707064131,6.7807
38,47,0.8229101566142406,0.1770898433857594,0.2007099078564757,6.874825
38,48,0.8229101566142406,0.1770898433857594,0.2015612108006825,6.938425
38,49,0.8192771473392154,0.1807228526607845,0.2022768221513674,6.509175
38,50,0.8125871975136496,0.1874128024863504,0.2037969537874648,5.6964
38,51,0.8125871975136496,0.1874128024863504,0.2065700971953912,5.744275
38,52,0.8125871975136496,0.1874128024863504,0.2084595068689766,5.762325
38,53,0.8125871975136496,0.1874128024863504,0.2097973463618284,5.766475
38,54,0.8125871975136496,0.1874128024863504,0.210787228707916,5.86905
38,55,0.811588004850706,0.1884119951492939,0.211554531788708,5.868825
38,56,0.811588004850706,0.1884119951492939,0.2124307506309199,5.91135
38,57,0.8100684646046415,0.1899315353953584,0.213116597831707,5.64275
38,58,0.8100684646046415,0.1899315353953584,0.21406718655622,5.767775
38,59,0.8052626673025066,0.1947373326974933,0.214791072515932,5.0925
38,60,0.8052626673025066,0.1947373326974933,0.2166117115189893,5.18495
38,61,0.8052626673025066,0.1947373326974933,0.2178832338668955,5.131975
38,62,0.8014802489675869,0.1985197510324131,0.2188015186883427,4.54235
38,63,0.8014802489675869,0.1985197510324131,0.2204841626837975,4.6234
38,64,0.8014802489675869,0.1985197510324131,0.2216615691662306,4.745625
38,65,0.8000813786554458,0.1999186213445541,0.2225113840504027,4.507475
38,66,0.8000618874997624,0.1999381125002376,0.2235194397435593,4.694275
38,67,0.8000618874997624,0.1999381125002376,0.2242596682924592,4.577225
38,68,0.8000618874997624,0.1999381125002376,0.224818047437606,4.761175
38,69,0.797807532578493,0.2021924674215069,0.2252550299807875,4.3374
38,70,0.7962221301169726,0.2037778698830273,0.2262209274159947,4.1026
38,71,0.7962221301169726,0.2037778698830273,0.2273502344996323,4.1433
38,72,0.7962221301169726,0.2037778698830273,0.2281527779093748,4.192825
38,73,0.7946660233077995,0.2053339766922005,0.2287387782827809,3.9413
38,74,0.7945085268357507,0.2054914731642493,0.2296092305444529,3.863225
38,75,0.7945085268357507,0.2054914731642493,0.2302792922068716,4.047075
38,76,0.7891491445077375,0.2108508554922624,0.2307712696268859,3.09445
38,77,0.7880536097544718,0.2119463902455282,0.2326403836713011,2.8879
38,78,0.7871506709835989,0.212849329016401,0.2342316411982061,2.7531
38,79,0.7819915547051876,0.2180084452948124,0.2355848489510716,2.021025
38,80,0.7819915547051876,0.2180084452948124,0.2379836675228374,1.994125
38,81,0.7819915547051876,0.2180084452948124,0.2396206562556313,2.016875
38,82,0.7817987892178998,0.2182012107821002,0.2407485735524993,2.06845
38,83,0.7810591013613357,0.2189408986386642,0.2415900718015564,1.94065
38,84,0.7810591013613357,0.2189408986386642,0.2423956286505107,2.013825
39,1,0.9895946203181474,0.0104053796818526,0.0,14.224875
39,2,0.9602583012255907,0.0397416987744092,0.0312153814104069,12.340675
39,3,0.9544520567179072,0.0455479432820928,0.0441898804053873,12.27095
39,4,0.9435840096838288,0.0564159903161711,0.0547859004576514,11.765075
39,5,0.9349108536859964,0.0650891463140036,0.0643151680187647,11.3614
39,6,0.9227249239077328,0.0772750760922672,0.0728181197630665,10.7073
39,7,0.9200530401672644,0.0799469598327355,0.0810678904278051,10.73595
39,8,0.9121421470503216,0.0878578529496784,0.0877089814364194,10.387575
39,9,0.8967855640523127,0.1032144359476873,0.094220594463706,9.373275
39,10,0.8920664470972014,0.1079335529027986,0.1016977050839588,9.1897
39,11,0.8859645760694607,0.1140354239305393,0.1078051183901006,8.92365
39,12,0.8859645760694607,0.1140354239305393,0.1134394585492014,9.044675
39,13,0.8765156346225765,0.1234843653774234,0.117703843898442,8.372225
39,14,0.872831875708111,0.1271681242918889,0.122919328534648,8.32225
39,15,0.8593408485577775,0.1406591514422225,0.1274699057312321,7.24515
39,16,0.8442282199965883,0.1557717800034117,0.1334782392642086,6.09005
39,17,0.8442282199965883,0.1557717800034117,0.1404955672857628,6.151025
39,18,0.8419070487999818,0.1580929512000182,0.1451046644745739,6.097025
39,19,0.8419070487999818,0.1580929512000182,0.1489339138935309,6.1775
39,20,0.840318819665615,0.159681180334385,0.1518671022065575,6.203675
39,21,0.8387171072786129,0.161282892721387,0.1546121953065229,6.117775
39,22,0.8346117144520662,0.1653882855479338,0.1572182113029062,5.8589
39,23,0.827934912539423,0.172065087460577,0.160226190651301,5.299625
39,24,0.8230355227810087,0.1769644772189913,0.1639520898007382,4.904375
39,25,0.8180310419388345,0.1819689580611655,0.1676742100969893,4.454325
39,26,0.8180310419388345,0.1819689580611655,0.1714048810270222,4.5753
39,27,0.8147911061295318,0.1852088938704682,0.1740637961400877,4.327325
39,28,0.8113431844244127,0.1886568155755873,0.1768127005589378,4.012175
39,29,0.8043793414739108,0.1956206585260892,0.1796403410920652,3.32915
39,30,0.8040772778074169,0.1959227221925831,0.1832664448800949,3.39065
39,31,0.8040772778074169,0.1959227221925831,0.1858715665736178,3.4068
39,32,0.8038309661436416,0.1961690338563584,0.187822082073822,3.437425
39,33,0.7977424875224101,0.2022575124775899,0.1894396288201856,2.806875
39,34,0.7977424875224101,0.2022575124775899,0.1921614661327791,2.867575
39,35,0.7977424875224101,0.2022575124775899,0.1941356715339592,2.8649
39,36,0.7953701901022922,0.2046298098977078,0.1956660524140012,2.664425
39,37,0.7953701901022922,0.2046298098977078,0.1974678005287747,2.68985
39,38,0.7906759509758335,0.2093240490241664,0.1988714515573915,2.19205
39,39,0.7854910733386706,0.2145089266613293,0.2011169847609228,1.6777
39,40,0.7850767138244689,0.2149232861755311,0.2039694133386848,1.66355
39,41,0.7842362890583242,0.2157637109416758,0.2060630097425336,1.620075
39,42,0.7822825572124819,0.2177174427875181,0.2077993830416506,1.43595
39,43,0.7807644354106958,0.2192355645893041,0.2095792442249284,1.306975
39,44,0.7785535389322037,0.2214464610677963,0.2112757785856309,0.0
39,45,0.7772499824783016,0.2227500175216984,0.2130826780560522,0.0
39,46,0.7772499824783016,0.2227500175216984,0.2147334117912524,0.0
39,47,0.7772499824783016,0.2227500175216984,0.215967959011994,0.0
39,48,0.7738986839826039,0.2261013160173961,0.2169411512219621,0.0
39,49,0.7738986839826039,0.2261013160173961,0.2185681155286322,0.0
39,50,0.7611008831367078,0.2388991168632922,0.219768958387193,0.0
39,51,0.7611008831367078,0.2388991168632922,0.2238719235379226,0.0
39,52,0.7604225989675167,0.2395774010324832,0.2266006183066933,0.0
39,53,0.7604225989675167,0.2395774010324832,0.2286448708083853,0.0
39,54,0.7604225989675167,0.2395774010324832,0.2300898934051729,0.0
39,55,0.7599749619727123,0.2400250380272877,0.2311558970755673,0.0
39,56,0.75867885393715,0.24132114606285,0.2320927089077612,0.0
39,57,0.75867885393715,0.24132114606285,0.233160092372844,0.0
39,58,0.7574126429996824,0.2425873570003176,0.2339740113803682,0.0
39,59,0.7563881610977768,0.2436118389022231,0.2349489250950762,0.0
39,60,0.7563881610977768,0.2436118389022231,0.2359603819791496,0.0
39,61,0.7563881610977768,0.2436118389022231,0.2367254556161455,0.0
39,62,0.7534333983742428,0.2465666016257571,0.2373287973018096,0.0
39,63,0.7534333983742428,0.2465666016257571,0.2386003860182168,0.0
39,64,0.7527381947121699,0.2472618052878301,0.2395212385926828,0.0
39,65,0.7524004649816224,0.2475995350183776,0.2403972776391614,0.0
39,66,0.7518667946380183,0.2481332053619817,0.2411465323396557,0.0
39,67,0.7509384283171988,0.2490615716828011,0.2418630863015314,0.0
39,68,0.7481319616057248,0.2518680383942752,0.2426617018091446,0.0
39,69,0.7415102985724772,0.2584897014275228,0.2440186121238806,0.0
39,70,0.7395496699833745,0.2604503300166255,0.246774923214649,0.0
39,71,0.7372627854813434,0.2627372145186566,0.2491835237749406,0.0
39,72,0.7363336388055558,0.2636663611944442,0.2514562359623869,0.0
39,73,0.7337165703539386,0.2662834296460614,0.2532693763005876,0.0
39,74,0.7337165703539386,0.2662834296460614,0.2552464156330764,0.0
39,75,0.7337165703539386,0.2662834296460614,0.2566087752708519,0.0
39,76,0.7337165703539386,0.2662834296460614,0.2575640641292537,0.0
39,77,0.7337165703539386,0.2662834296460614,0.2582481562586358,0.0
39,78,0.7307726341983568,0.2692273658016432,0.2587502054837311,0.0
39,79,0.7262091550865519,0.2737908449134481,0.2599581437685855,0.0
39,80,0.7253116384344862,0.2746883615655138,0.2620956039208068,0.0
39,81,0.7229634623450365,0.2770365376549635,0.2638165740680887,0.0
39,82,0.7227852175179889,0.2772147824820111,0.2656735321445765,0.0
39,83,0.7227852175179889,0.2772147824820111,0.2670025599364238,0.0
39,84,0.7164862057796847,0.2835137942203153,0.2679257557784209,0.0
40,1,1.0,0.0,0.0,15.0089
40,2,0.9956195108091702,0.0043804891908297,0.0312153814104069,15.17945
40,3,0.98659061705533,0.01340938294467,0.0428564195409271,14.8046
40,4,0.9751864115489076,0.0248135884510922,0.0529703199096595,14.3171
40,5,0.96311140801129,0.0368885919887098,0.0622219131827318,13.669125
40,6,0.9618062848894232,0.0381937151105767,0.0708848341383829,13.92095
40,7,0.9533529493673768,0.046647050632623,0.0777063162906384,13.4874
40,8,0.9533529493673768,0.046647050632623,0.0844595504783781,13.854125
40,9,0.9465733964444342,0.0534266035555658,0.0897377625560154,13.535625
40,10,0.9465733964444342,0.0534266035555658,0.0952292704032125,13.896075
40,11,0.9354760013292184,0.0645239986707816,0.0995645048182217,13.27635
40,12,0.9351403553622508,0.064859644637749,0.1051174338854326,13.50825
40,13,0.9246959243803574,0.0753040756196425,0.1092784932743627,12.84655
40,14,0.9231841877346326,0.0768158122653673,0.1145146198161577,12.98545
40,15,0.921444158937916,0.0785558410620841,0.1185788388631332,13.01815
40,16,0.914403476809691,0.0855965231903089,0.1220621707403306,12.676075
40,17,0.9108361879147948,0.089163812085205,0.1262098362847815,12.5332
40,18,0.902847404229096,0.0971525957709039,0.1299776291903543,11.96485
40,19,0.902847404229096,0.0971525957709039,0.1343874029697531,12.189625
40,20,0.9011885814052416,0.0988114185947584,0.13751717660659,12.354075
40,21,0.9001163574882409,0.099883642511759,0.1402899110163925,12.286725
40,22,0.9001163574882409,0.099883642511759,0.142722983172914,12.518925
40,23,0.9001163574882409,0.099883642511759,0.1447225610641003,12.860675
40,24,0.8989263743246113,0.1010736256753886,0.1464564199768362,12.94105
40,25,0.8885154815467787,0.1114845184532212,0.148262459840896,11.965075
40,26,0.8837277354903076,0.1162722645096924,0.1520270700692762,11.72045
40,27,0.8816453892859313,0.1183546107140687,0.1556539409214305,11.650625
40,28,0.880209130718705,0.119790869281295,0.158621061146167,11.627275
40,29,0.880209130718705,0.119790869281295,0.1610753085697054,11.882275
40,30,0.8771406237967,0.1228593762033,0.1629182259360683,11.674725
40,31,0.8771406237967,0.1228593762033,0.1650766649201717,11.83085
40,32,0.8768187015120127,0.1231812984879873,0.1667214215055003,11.9775
40,33,0.8748062011685757,0.1251937988314243,0.1681311078259458,11.8782
40,34,0.8748062011685757,0.1251937988314243,0.1697704554081064,12.016125
40,35,0.8739593302400733,0.1260406697599266,0.1710747750197253,12.230175
40,36,0.8739593302400733,0.1260406697599266,0.1723643662700823,12.371175
40,37,0.8739593302400733,0.1260406697599266,0.1734390360339998,12.51595
40,38,0.8739593302400733,0.1260406697599266,0.1743750679819402,12.773125
40,39,0.8739593302400733,0.1260406697599266,0.1752167613372376,12.882475
40,40,0.8727091993674897,0.1272908006325103,0.1759902759576026,12.8402
40,41,0.8727091993674897,0.1272908006325103,0.177004645037675,13.00885
40,42,0.8646583194047048,0.1353416805952951,0.1778584230398729,12.157275
40,43,0.8623223875140731,0.1376776124859269,0.1805166904912959,11.9625
40,44,0.8585819988861249,0.1414180011138751,0.1829002615643951,11.680925
40,45,0.8527581970589648,0.1472418029410351,0.1854555087547579,10.911575
40,46,0.8527581970589648,0.1472418029410351,0.1886198437051585,11.035
40,47,0.8527581970589648,0.1472418029410351,0.1907484942323823,11.238475
40,48,0.8522348500690162,0.1477651499309837,0.1922429488165217,11.278675
40,49,0.8513476664854958,0.1486523335145042,0.1934727602946951,11.1085
40,50,0.8504537479378698,0.1495462520621302,0.1946248273551787,11.1752
40,51,0.8504537479378698,0.1495462520621302,0.1957262574580645,11.372625
40,52,0.8493422652810088,0.1506577347189912,0.1965695104196972,11.438075
40,53,0.8465039591143871,0.1534960408856128,0.1975250342035458,11.038825
40,54,0.8464402023009509,0.1535597976990491,0.1989812157248552,11.192825
40,55,0.8441335157076986,0.1558664842923014,0.2000486518173416,11.005625
40,56,0.8441335157076986,0.1558664842923014,0.2014382217678006,10.963225
40,57,0.8424934628024686,0.1575065371975313,0.2024409151835833,10.87975
40,58,0.8424934628024686,0.1575065371975313,0.2036164954308291,10.962975
40,59,0.8424934628024686,0.1575065371975313,0.2044772182138708,11.196925
40,60,0.836066189653898,0.163933810346102,0.2051342849236726,10.100525
40,61,0.836066189653898,0.163933810346102,0.2073307126749008,10.2942
40,62,0.836066189653898,0.163933810346102,0.20883564144808,10.396025
40,63,0.836066189653898,0.163933810346102,0.2098962127913237,10.5794
40,64,0.836066189653898,0.163933810346102,0.2106689540198084,10.590525
40,65,0.836066189653898,0.163933810346102,0.211253341579466,10.8274
40,66,0.836066189653898,0.163933810346102,0.2117128235351296,10.987175
40,67,0.8343541915012129,0.165645808498787,0.2120880272750274,10.680775
40,68,0.8295807550614299,0.17041924493857,0.2128652379825699,9.83495
40,69,0.8282097613730061,0.1717902386269939,0.2147295159194177,9.8835
40,70,0.8282097613730061,0.1717902386269939,0.216384129890908,9.760575
40,71,0.8268604269518663,0.1731395730481336,0.2175292930358136,9.715125
40,72,0.8268604269518663,0.1731395730481336,0.2187086279064991,9.892725
40,73,0.8268604269518663,0.1731395730481336,0.2195397483537071,9.78395
40,74,0.8268604269518663,0.1731395730481336,0.2201400642663523,10.0192
40,75,0.8268604269518663,0.1731395730481336,0.2205861094925346,9.96845
40,76,0.8268604269518663,0.1731395730481336,0.2209279173119012,10.210825
40,77,0.8256670495567556,0.1743329504432443,0.2211982987435529,10.0427
40,78,0.8230059768255199,0.1769940231744801,0.2217536299392507,9.85745
40,79,0.8230059768255199,0.1769940231744801,0.2229109286588309,9.672725
40,80,0.8201203844903217,0.1798796155096783,0.2237179534456183,9.237925
40,81,0.8201203844903217,0.1798796155096783,0.225109545775259,9.25045
40,82,0.8160604510105749,0.1839395489894251,0.2260713261144672,8.5045
40,83,0.8153556214846955,0.1846443785153044,0.2279066953362789,8.4548
40,84,0.8121257720340513,0.1878742279659486,0.2293678292887772,7.8393
41,1,0.9691823366470996,0.0308176633529003,0.0,12.671925
41,2,0.9540337565942928,0.0459662434057072,0.0312153814104069,11.82375
41,3,0.9413865594731642,0.0586134405268358,0.0434317892163072,11.249125
41,4,0.9413865594731642,0.0586134405268358,0.0541443797918469,11.544175
41,5,0.9353964631531378,0.0646035368468621,0.0625980359532013,11.4209
41,6,0.9206465592773364,0.0793534407226635,0.0702751510967988,10.554075
41,7,0.903765839936361,0.096234160063639,0.078413788547824,9.478825
41,8,0.8959373298809622,0.1040626701190378,0.0869076158899564,9.048375
41,9,0.8891695806657709,0.1108304193342291,0.0941518870239679,8.72325
41,10,0.8823610114564707,0.1176389885435292,0.1005845441426935,8.350775
41,11,0.8790098789184676,0.1209901210815324,0.1065582658253401,8.201875
41,12,0.8790098789184676,0.1209901210815324,0.1116431154721457,8.49755
41,13,0.8742647310521807,0.1257352689478192,0.1156310455304382,8.247825
41,14,0.8667382133007849,0.133261786699215,0.1198458161329942,7.710125
41,15,0.862238473735403,0.137761526264597,0.1245958866970902,7.512425
41,16,0.8543844178802368,0.1456155821197632,0.1289859778450552,6.952925
41,17,0.8543844178802368,0.1456155821197632,0.1337924969863069,7.1053
41,18,0.8543844178802368,0.1456155821197632,0.1372567084721833,7.280675
41,19,0.8504670714795993,0.1495329285204006,0.1400002970328606,7.026
41,20,0.8430886684035835,0.1569113315964164,0.143103304231672,6.480775
41,21,0.8392884441882634,0.1607115558117365,0.1470472770380367,6.23415
41,22,0.8376640592930791,0.1623359407069209,0.1506795646467851,6.13495
41,23,0.8344279062390499,0.16557209376095,0.1536813110510201,5.9073
41,24,0.8332552096684213,0.1667447903315787,0.1566588724134167,5.9425
41,25,0.8284757319569279,0.171524268043072,0.1591690714091238,5.53555
41,26,0.8284757319569279,0.171524268043072,0.1621655769142077,5.647125
41,27,0.8284757319569279,0.171524268043072,0.1643915916652427,5.67945
41,28,0.824673115545684,0.175326884454316,0.1661737078221108,5.418525
41,29,0.824673115545684,0.175326884454316,0.1685106703863681,5.5253
41,30,0.8171425550011703,0.1828574449988297,0.1703104321357463,4.76395
41,31,0.8171425550011703,0.1828574449988297,0.1734465607637758,4.854475
41,32,0.8149720179463366,0.1850279820536634,0.1756643557929435,4.6869
41,33,0.8131935797616818,0.1868064202383181,0.1778333500605173,4.565825
41,34,0.8119269149394642,0.1880730850605357,0.1798759364116484,4.476
41,35,0.8119269149394642,0.1880730850605357,0.1817198919856443,4.530975
41,36,0.8119269149394642,0.1880730850605357,0.1831500914702137,4.666975
41,37,0.8119269149394642,0.1880730850605357,0.1843268369864855,4.64725
41,38,0.8073500262662426,0.1926499737337573,0.1853418593111243,4.15075
41,39,0.8026283784177126,0.1973716215822873,0.1873092221011721,3.67285
41,40,0.8016068734365764,0.1983931265634235,0.1898675800097474,3.562475
41,41,0.7994612297987757,0.2005387702012243,0.1919080936885358,3.373475
41,42,0.7994612297987757,0.2005387702012243,0.1939008577532698,3.3377
41,43,0.795090553404956,0.2049094465950439,0.1953521851045923,2.81305
41,44,0.7911758907477896,0.2088241092522104,0.1975139234700813,2.41795
41,45,0.78705373748934,0.2129462625106599,0.1999943591982729,1.97585
41,46,0.7866062752692713,0.2133937247307287,0.2027190814493047,2.016825
41,47,0.7866062752692713,0.2133937247307287,0.2047035566333453,1.96145
41,48,0.7851144316079594,0.2148855683920406,0.206123950273411,1.819725
41,49,0.7821254266299369,0.2178745733700631,0.2075590891263413,1.54955
41,50,0.7821254266299369,0.2178745733700631,0.2093685723165329,1.53795
41,51,0.7818507482201275,0.2181492517798725,0.210667689098036,1.53465
41,52,0.7818507482201275,0.2181492517798725,0.2117142220863584,1.549875
41,53,0.7818507482201275,0.2181492517798725,0.2125297881718177,1.56535
41,54,0.7811278839470029,0.218872116052997,0.2131954164288451,1.531125
41,55,0.7811278839470029,0.218872116052997,0.2139439713012376,1.552425
41,56,0.7811278839470029,0.218872116052997,0.2145560650314188,1.527525
41,57,0.7701131657512946,0.2298868342487053,0.2150766763986382,0.0
41,58,0.7701131657512946,0.2298868342487053,0.2183605125928384,0.0
41,59,0.7701131657512946,0.2298868342487053,0.2205670444243607,0.0
41,60,0.7701131657512946,0.2298868342487053,0.222088963343338,0.0
41,61,0.7701131657512946,0.2298868342487053,0.2231726782911625,0.0
41,62,0.7701131657512946,0.2298868342487053,0.223973355365497,0.0
41,63,0.7641896954464663,0.2358103045535337,0.2245890638158945,0.0
41,64,0.7598745483805809,0.2401254516194191,0.2266456440610297,0.0
41,65,0.7594913367658401,0.2405086632341598,0.2292086871983659,0.0
41,66,0.7587527016045955,0.2412472983954044,0.2310562687609327,0.0
41,67,0.7587527016045955,0.2412472983954044,0.2325357219976821,0.0
41,68,0.7587527016045955,0.2412472983954044,0.2335771544172525,0.0
41,69,0.7587527016045955,0.2412472983954044,0.2343315241015708,0.0
41,70,0.7587527016045955,0.2412472983954044,0.234896053471443,0.0
41,71,0.7587527016045955,0.2412472983954044,0.2353335578874041,0.0
41,72,0.7565571741476086,0.2434428258523914,0.2356847627520774,0.0
41,73,0.7565571741476086,0.2434428258523914,0.2365793011227633,0.0
41,74,0.7554738872801554,0.2445261127198446,0.2372254932233839,0.0
41,75,0.7499949687528978,0.2500050312471021,0.2380058092568125,0.0
41,76,0.7499949687528978,0.2500050312471021,0.2400966438048539,0.0
41,77,0.7499949687528978,0.2500050312471021,0.2415295489381882,0.0
41,78,0.7499949687528978,0.2500050312471021,0.2425255619050123,0.0
41,79,0.7499949687528978,0.2500050312471021,0.2432299554733572,0.0
41,80,0.7499539853513163,0.2500460146486837,0.2437384377844069,0.0
41,81,0.7482428715623919,0.2517571284376081,0.24412585937613,0.0
41,82,0.7482428715623919,0.2517571284376081,0.2449064805323723,0.0
41,83,0.7480082051725615,0.2519917948274385,0.2454605999434672,0.0
41,84,0.7476851572199945,0.2523148427800055,0.245928542151611,0.0
42,1,0.9858076452375388,0.0141923547624611,0.0,13.9097
42,2,0.966599348305075,0.033400651694925,0.0312153814104069,12.856975
42,3,0.9419598016284956,0.0580401983715045,0.0436487114184992,11.2905
42,4,0.930102649317882,0.0698973506821181,0.0554159596631842,10.7175
42,5,0.9270865342193654,0.0729134657806346,0.0655403100270131,10.7448
42,6,0.919519027120964,0.080480972879036,0.0736942699473343,10.45515
42,7,0.9077889796310056,0.0922110203689944,0.0812509263150213,9.7788
42,8,0.8952117421653334,0.1047882578346666,0.0888893057925923,8.9531
42,9,0.8874031998813076,0.1125968001186924,0.0965479631455244,8.53295
42,10,0.8794164425508249,0.1205835574491751,0.1033790711948349,8.077575
42,11,0.8754481550363046,0.1245518449636954,0.109777005295301,7.9312
42,12,0.8736652589844517,0.1263347410155483,0.1152117059097275,7.980175
42,13,0.8668449952120322,0.1331550047879678,0.1197246961811278,7.585375
42,14,0.8660287386048761,0.1339712613951239,0.1246091215481296,7.654425
42,15,0.8616768972180008,0.1383231027819992,0.1284964026955468,7.4524
42,16,0.8533174891173756,0.1466825108826244,0.1324856945792344,6.841525
42,17,0.841463693750716,0.158536306249284,0.1372256268866221,5.92775
42,18,0.8370045864980051,0.1629954135019948,0.1429794110157148,5.62445
42,19,0.8370045864980051,0.1629954135019948,0.1477846912293073,5.7261
42,20,0.8370045864980051,0.1629954135019948,0.1512041531138394,5.863875
42,21,0.8315798620259397,0.1684201379740603,0.1538746441201335,5.457125
42,22,0.8269342651504279,0.1730657348495721,0.1572158568661155,5.104225
42,23,0.8205980287256495,0.1794019712743505,0.1607197141645782,4.59545
42,24,0.8163664938654699,0.1836335061345301,0.1646393690852548,4.22775
42,25,0.8132689720204583,0.1867310279795416,0.1683278914810808,3.997075
42,26,0.8128483967567403,0.1871516032432597,0.171639835978829,4.00495
42,27,0.8121491878127723,0.1878508121872276,0.1741618452374211,4.0505
42,28,0.8121491878127723,0.1878508121872276,0.1762898587083459,4.058825
42,29,0.8121491878127723,0.1878508121872276,0.1780259957081547,4.1259
42,30,0.8071084695219771,0.1928915304780228,0.1795198709689487,3.661025
42,31,0.8071084695219771,0.1928915304780228,0.1819625708297794,3.75855
42,32,0.8016794947468587,0.1983205052531412,0.1838113659703721,3.218375
42,33,0.7982764040473921,0.2017235959526079,0.1865174487919622,2.881725
42,34,0.7955892142494664,0.2044107857505336,0.1892514198369704,2.61455
42,35,0.7918178610929331,0.2081821389070669,0.191833835334153,2.26945
42,36,0.7887387447305979,0.2112612552694021,0.1945692372181595,1.93795
42,37,0.7877822990943207,0.2122177009056792,0.1972312578920724,1.87965
42,38,0.7847568016314316,0.2152431983685684,0.1993576513060383,1.57265
42,39,0.7847568016314316,0.2152431983685684,0.2016418240147175,1.60285
42,40,0.7847568016314316,0.2152431983685684,0.2033088269644097,1.6043
42,41,0.7847310155010478,0.2152689844989521,0.2046008252870917,1.67645
42,42,0.7801090945965646,0.2198909054034353,0.205665031143625,1.249725
42,43,0.7801090945965646,0.2198909054034353,0.2076726286565512,1.25225
42,44,0.7784807755923339,0.2215192244076661,0.2091414818190599,0.0
42,45,0.7672080564377954,0.2327919435622045,0.2106684854609377,0.0
42,46,0.7672080564377954,0.2327919435622045,0.214552228039976,0.0
42,47,0.7672080564377954,0.2327919435622045,0.2171467437532102,0.0
42,48,0.7672080564377954,0.2327919435622045,0.2189527559607924,0.0
42,49,0.7667808734858813,0.2332191265141187,0.2202710603281968,0.0
42,50,0.7667808734858813,0.2332191265141187,0.2213885855247803,0.0
42,51,0.7667808734858813,0.2332191265141187,0.2222701902435418,0.0
42,52,0.7667808734858813,0.2332191265141187,0.2229987143739795,0.0
42,53,0.7607024724000548,0.2392975275999451,0.2236250206706356,0.0
42,54,0.7607024724000548,0.2392975275999451,0.2257099582554448,0.0
42,55,0.7607024724000548,0.2392975275999451,0.2271739576948744,0.0
42,56,0.7558856360165885,0.2441143639834114,0.2282446031395218,0.0
42,57,0.7548098028087141,0.2451901971912858,0.230293067721434,0.0
42,58,0.7548098028087141,0.2451901971912858,0.2320019321527251,0.0
42,59,0.7524835011860258,0.2475164988139742,0.2332169946863618,0.0
42,60,0.7501737287397358,0.2498262712602642,0.2347175957825468,0.0
42,61,0.7477527197237593,0.2522472802762406,0.2363953830267923,0.0
42,62,0.7477527197237593,0.2522472802762406,0.238215668463358,0.0
42,63,0.7477527197237593,0.2522472802762406,0.2394919264760763,0.0
42,64,0.7477527197237593,0.2522472802762406,0.2404161670844677,0.0
42,65,0.7477527197237593,0.2522472802762406,0.2411104030759635,0.0
42,66,0.7463245282096717,0.2536754717903283,0.2416524437051442,0.0
42,67,0.7455045936028922,0.2544954063971077,0.2424742637294627,0.0
42,68,0.7424397911186729,0.2575602088813271,0.2433123255946689,0.0
42,69,0.7395646280182163,0.2604353719817837,0.24476487717567,0.0
42,70,0.7395646280182163,0.2604353719817837,0.246567918434289,0.0
42,71,0.7395646280182163,0.2604353719817837,0.2478189381984765,0.0
42,72,0.7395646280182163,0.2604353719817837,0.2487068730139387,0.0
42,73,0.7395646280182163,0.2604353719817837,0.2493542663918406,0.0
42,74,0.7395646280182163,0.2604353719817837,0.2498408270160062,0.0
42,75,0.7323811942198635,0.2676188057801365,0.2502185587479291,0.0
42,76,0.7300027048437464,0.2699972951562536,0.2525200439901053,0.0
42,77,0.7300027048437464,0.2699972951562536,0.2547594693883924,0.0
42,78,0.7300027048437464,0.2699972951562536,0.256293312553943,0.0
42,79,0.7277164042728881,0.2722835957271119,0.2573578003854493,0.0
42,80,0.7245137536241987,0.2754862463758013,0.2587551716440848,0.0
42,81,0.7234800623866534,0.2765199376133466,0.2606361612671978,0.0
42,82,0.7234800623866534,0.2765199376133466,0.2622249146539194,0.0
42,83,0.7216527387541603,0.2783472612458397,0.2633227558080802,0.0
42,84,0.7161066292227912,0.2838933707772088,0.2646155151386605,0.0
43,1,0.9899294124517292,0.0100705875482708,0.0,14.19315
43,2,0.9751114678576556,0.0248885321423445,0.0312153814104069,13.541025
43,3,0.9547877605539096,0.0452122394460903,0.0434141224247655,12.260975
43,4,0.9445525292502394,0.0554474707497606,0.0547157225346473,11.76815
43,5,0.9304602721425944,0.0695397278574055,0.0644464434820071,11.057925
43,6,0.9147877755191336,0.0852122244808663,0.0736588326994232,10.06205
43,7,0.9072498967901323,0.0927501032098675,0.0826762976856456,9.7603
43,8,0.9050770217092804,0.0949229782907195,0.0903686832700888,9.7842
43,9,0.9001460802534663,0.0998539197465336,0.0965351270778368,9.643925
43,10,0.8908781327212218,0.1091218672787781,0.1022777909531965,9.1287
43,11,0.8808087672907255,0.1191912327092744,0.1083902316021778,8.407775
43,12,0.8777950169054817,0.1222049830945183,0.1147124450265234,8.359275
43,13,0.8777950169054817,0.1222049830945183,0.1198365695049415,8.546325
43,14,0.8729689453320688,0.1270310546679312,0.1237790517859128,8.358925
43,15,0.8704948123461466,0.1295051876538534,0.1279500760327972,8.278325
43,16,0.8561766920458345,0.1438233079541655,0.1317178399718311,7.140925
43,17,0.8552584342526662,0.1447415657473337,0.1374787042361777,7.1561
43,18,0.8552584342526662,0.1447415657473337,0.1416213451692747,7.305425
43,19,0.8413150973775155,0.1586849026224844,0.1447361612614829,6.11615
43,20,0.8413150973775155,0.1586849026224844,0.1500523307467434,6.2451
43,21,0.8413150973775155,0.1586849026224844,0.1536871868754551,6.418425
43,22,0.8379381887078737,0.1620618112921262,0.1564229543042689,6.130625
43,23,0.8332633864531958,0.1667366135468042,0.159345013340091,5.826575
43,24,0.8332633864531958,0.1667366135468042,0.1626056583582503,5.896075
43,25,0.8268963046183941,0.1731036953816058,0.165046795817479,5.40515
43,26,0.824096241413334,0.1759037585866659,0.1683652214784864,5.16885
43,27,0.8223690500112172,0.1776309499887828,0.1713861062295617,5.06685
43,28,0.8197729736710527,0.1802270263289472,0.1739988535847492,4.9464
43,29,0.8161624060579008,0.1838375939420992,0.1765577919819227,4.574275
43,30,0.8161624060579008,0.1838375939420992,0.1792931872874613,4.64475
43,31,0.814568496007931,0.1854315039920689,0.1813219805106836,4.575275
43,32,0.8125119361559315,0.1874880638440684,0.1832887657027437,4.372225
43,33,0.807176419609168,0.192823580390832,0.185308335877929,3.834925
43,34,0.8015270089470401,0.1984729910529599,0.1880813476895536,3.3313
43,35,0.7936288960237926,0.2063711039762074,0.1913533202399858,2.3965
43,36,0.7936288960237926,0.2063711039762074,0.19542527932699,2.42165
43,37,0.7936288960237926,0.2063711039762074,0.1981608852506277,2.494275
43,38,0.7925652604766725,0.2074347395233274,0.2001115842283413,2.3898
43,39,0.7920301554955583,0.2079698445044416,0.2018390369287164,2.432625
43,40,0.7920301554955583,0.2079698445044416,0.2033023878044127,2.403275
43,41,0.7907684378119263,0.2092315621880737,0.2044735318842299,2.32915
43,42,0.7892489507965147,0.2107510492034853,0.2057571110719897,2.137875
43,43,0.7885718067966759,0.211428193203324,0.2071600270321513,2.11495
43,44,0.7885718067966759,0.211428193203324,0.2084260710841342,2.121625
43,45,0.7885718067966759,0.211428193203324,0.2094389441563438,2.132525
43,46,0.7843924993813314,0.2156075006186686,0.2102893210234768,1.734875
43,47,0.778981047641361,0.221018952358639,0.2120455705854999,0.0
43,48,0.778981047641361,0.221018952358639,0.2146537833853636,0.0
43,49,0.778981047641361,0.221018952358639,0.2164603906901652,0.0
43,50,0.778981047641361,0.221018952358639,0.2177700000210378,0.0
43,51,0.7770065289795584,0.2229934710204416,0.2187672613451092,0.0
43,52,0.7714366920602642,0.2285633079397357,0.2200564904923602,0.0
43,53,0.7714366920602642,0.2285633079397357,0.2224240054731409,0.0
43,54,0.7714366920602642,0.2285633079397357,0.2240663980190622,0.0
43,55,0.7714366920602642,0.2285633079397357,0.2252518992564913,0.0
43,56,0.7680024148902204,0.2319975851097796,0.2261461806551163,0.0
43,57,0.766921178774143,0.233078821225857,0.2277290395509018,0.0
43,58,0.766921178774143,0.233078821225857,0.2291432484211708,0.0
43,59,0.766921178774143,0.233078821225857,0.2301697666022466,0.0
43,60,0.7668895015369849,0.2331104984630151,0.23094606939621,0.0
43,61,0.7638065252570453,0.2361934747429547,0.2315668129921677,0.0
43,62,0.7614860794748606,0.2385139205251394,0.2328816468971132,0.0
43,63,0.7614860794748606,0.2385139205251394,0.2344409460188926,0.0
43,64,0.7551635664962312,0.2448364335037688,0.235545047411031,0.0
43,65,0.7551635664962312,0.2448364335037688,0.2380298677523932,0.0
43,66,0.7551635664962312,0.2448364335037688,0.2397282137154843,0.0
43,67,0.7546848853146696,0.2453151146853304,0.2409164823744207,0.0
43,68,0.7545469757624912,0.2454530242375088,0.2419003234462911,0.0
43,69,0.7502901646151091,0.2497098353848909,0.2426571440545671,0.0
43,70,0.7502901646151091,0.2497098353848909,0.2443801348527663,0.0
43,71,0.7435915288309385,0.2564084711690615,0.2455781571390735,0.0
43,72,0.7435915288309385,0.2564084711690615,0.2482630157360672,0.0
43,73,0.7432013288981262,0.2567986711018738,0.2500908699470143,0.0
43,74,0.7432013288981262,0.2567986711018738,0.2514624785083488,0.0
43,75,0.7432013288981262,0.2567986711018738,0.2524245229402856,0.0
43,76,0.7405481674643076,0.2594518325356924,0.2531142536810714,0.0
43,77,0.7402246390307741,0.2597753609692259,0.2543627642574546,0.0
43,78,0.7401293345372343,0.2598706654627657,0.2553295184024368,0.0
43,79,0.7387719287910315,0.2612280712089685,0.2560435123165558,0.0
43,80,0.7364742482041957,0.2635257517958043,0.2569443805473111,0.0
43,81,0.7364742482041957,0.2635257517958043,0.2582366152251403,0.0
43,82,0.7364742482041957,0.2635257517958043,0.2591364956910101,0.0
43,83,0.7271443433409425,0.2728556566590575,0.2597723332918715,0.0
43,84,0.7271443433409425,0.2728556566590575,0.2629108354608629,0.0
44,1,1.0,0.0,0.0,15.047275
44,2,1.0,0.0,0.0312153814104069,15.51665
44,3,0.99733312383618,0.0026668761638198,0.0426223575631783,15.67315
44,4,0.9953913453168024,0.0046086546831974,0.0521113086170402,15.96495
44,5,0.9846232809363744,0.0153767190636256,0.0601249006708343,15.4766
44,6,0.9846232809363744,0.0153767190636256,0.0680352079119865,15.847
44,7,0.9760133074723796,0.0239866925276204,0.074261508031541,15.4657
44,8,0.973225416495016,0.0267745835049839,0.0806715365481658,15.667825
44,9,0.9623978618796664,0.0376021381203335,0.0861137680344762,15.070525
44,10,0.9521064765811196,0.0478935234188805,0.092225307573676,14.440825
44,11,0.9447252223353044,0.0552747776646954,0.0984611861310823,14.074175
44,12,0.9404659063714726,0.0595340936285273,0.1042076017933353,14.02245
44,13,0.9328638933789932,0.0671361066210067,0.1091306618009586,13.572825
44,14,0.9318641713729554,0.0681358286270445,0.114206354478455,13.7724
44,15,0.9304105605064638,0.0695894394935362,0.1180973944300656,13.8815
44,16,0.9304105605064638,0.0695894394935362,0.1214392600437445,14.19165
44,17,0.9288496320829972,0.0711503679170029,0.1241706854164604,14.39255
44,18,0.9288496320829972,0.0711503679170029,0.1268351744707905,14.668675
44,19,0.923502908577064,0.076497091422936,0.1291022456353963,14.3743
44,20,0.916974143481416,0.083025856518584,0.1321754955923439,13.963625
44,21,0.916974143481416,0.083025856518584,0.1358668137499797,14.115525
44,22,0.9164951791175172,0.0835048208824827,0.1385328859875742,14.34715
44,23,0.9149085933647332,0.0850914066352669,0.1407315874101006,14.5535
44,24,0.9120231233339814,0.0879768766660186,0.1428815089354784,14.430725
44,25,0.9093389860484256,0.0906610139515743,0.1452495644801602,14.368825
44,26,0.9093389860484256,0.0906610139515743,0.1476710082500343,14.6721
44,27,0.9041157517762848,0.0958842482237153,0.1495311643296331,14.30575
44,28,0.9041157517762848,0.0958842482237153,0.152184987614709,14.35685
44,29,0.8987656807997016,0.1012343192002983,0.1541345831728307,14.099275
44,30,0.8987656807997016,0.1012343192002983,0.1568443521448804,14.305575
44,31,0.8893051439805394,0.1106948560194606,0.1587966016424434,13.42055
44,32,0.8893051439805394,0.1106948560194606,0.1624044307136093,13.530825
44,33,0.8877170367794004,0.1122829632205996,0.1648461936837809,13.6162
44,34,0.8866645197840427,0.1133354802159573,0.1669723375071401,13.6168
44,35,0.8843220179209342,0.1156779820790657,0.1687883790576195,13.5343
44,36,0.8838581272657725,0.1161418727342274,0.1707094797291774,13.751425
44,37,0.8833267451391854,0.1166732548608145,0.1722543531556963,13.7555
44,38,0.8771507946687341,0.1228492053312658,0.1735855287474359,13.166375
44,39,0.8740308168636699,0.1259691831363301,0.1760896320131565,12.908
44,40,0.8740308168636699,0.1259691831363301,0.1785737365774787,13.038475
44,41,0.8740308168636699,0.1259691831363301,0.1803137512340381,13.2767
44,42,0.8740308168636699,0.1259691831363301,0.1816048077610939,13.4136
44,43,0.8740308168636699,0.1259691831363301,0.1826195210922536,13.65525
44,44,0.8716598689744158,0.1283401310255841,0.1834595825468063,13.423775
44,45,0.8696078154162085,0.1303921845837915,0.1847543550161938,13.3673
44,46,0.8691783595366324,0.1308216404633676,0.186243101704135,13.502275
44,47,0.8691783595366324,0.1308216404633676,0.1874527805170922,13.547975
44,48,0.8691417899359376,0.1308582100640624,0.1883819478296266,13.881175
44,49,0.8691417899359376,0.1308582100640624,0.1891417000137768,14.110675
44,50,0.8655972922372758,0.1344027077627242,0.1897815251645724,13.4701
44,51,0.8655972922372758,0.1344027077627242,0.1912188507832992,13.76585
44,52,0.8628529157170216,0.1371470842829784,0.1922668474685704,13.485275
44,53,0.8628529157170216,0.1371470842829784,0.1937553034626919,13.68155
44,54,0.8609443170609806,0.1390556829390193,0.1948274889256648,13.580375
44,55,0.8573648526857047,0.1426351473142952,0.1961178753822486,13.14585
44,56,0.8573648526857047,0.1426351473142952,0.1979684583497523,13.19045
44,57,0.8573648526857047,0.1426351473142952,0.1992597105036817,13.48625
44,58,0.8566865572460837,0.1433134427539163,0.200195062507004,13.507175
44,59,0.8566865572460837,0.1433134427539163,0.2010763522708887,13.539975
44,60,0.8525096014878498,0.1474903985121501,0.2017446838400537,12.99935
44,61,0.8500865236080178,0.1499134763919821,0.2033607911854752,12.675675
44,62,0.8500865236080178,0.1499134763919821,0.2051262660209745,12.8587
44,63,0.8491136136949243,0.1508863863050756,0.2063522814841457,12.70935
44,64,0.8491136136949243,0.1508863863050756,0.2074867185662412,13.058675
44,65,0.8488740932106849,0.1511259067893151,0.2083030320609232,13.01055
44,66,0.8468134535964973,0.1531865464035027,0.2089751025069985,12.772475
44,67,0.8437873979740673,0.1562126020259326,0.2100384656166844,12.5261
44,68,0.8437873979740673,0.1562126020259326,0.2116151842826821,12.57895
44,69,0.8416989101459441,0.1583010898540559,0.2127109199432181,12.424425
44,70,0.8398165895218077,0.1601834104781923,0.2140578970357006,12.0293
44,71,0.8398165895218077,0.1601834104781923,0.2155138046441423,12.0738
44,72,0.8398165895218077,0.1601834104781923,0.2165272178866865,12.195525
44,73,0.8398165895218077,0.1601834104781923,0.2172487666398476,12.162375
44,74,0.8398165895218077,0.1601834104781923,0.2177763858700285,12.62025
44,75,0.8385950742930999,0.1614049257069001,0.2181739301785602,12.350575
44,76,0.8385950742930999,0.1614049257069001,0.218823003042433,12.457125
44,77,0.8382520553045786,0.1617479446954214,0.2192965256592723,12.56245
44,78,0.8325229808560781,0.1674770191439218,0.2197477948494852,11.3243
44,79,0.8324241506213944,0.1675758493786056,0.2216997590773697,11.652525
44,80,0.8324241506213944,0.1675758493786056,0.2230640930659979,11.697775
44,81,0.8324241506213944,0.1675758493786056,0.2240081971531718,11.8391
44,82,0.8323819420160085,0.1676180579839915,0.2246705109405619,11.919125
44,83,0.820080166733841,0.179919833266159,0.2251548722741166,9.3843
44,84,0.820080166733841,0.179919833266159,0.2290418045567733,9.821475
45,1,0.9862482537975896,0.0137517462024102,0.0,13.9275
45,2,0.9805950058705863,0.0194049941294135,0.0312153814104069,13.877675
45,3,0.9738883997122147,0.0261116002877851,0.0429244266547466,13.8276
45,4,0.9683885406491016,0.0316114593508984,0.0528946081568838,13.756175
45,5,0.9571555705203912,0.0428444294796087,0.061504808965286,13.209
45,6,0.9489458219055654,0.0510541780944345,0.0697808203919844,12.798325
45,7,0.9317275115824688,0.0682724884175312,0.0772896667650505,11.621425
45,8,0.9224427804100792,0.0775572195899206,0.0855355708741352,11.18825
45,9,0.9224427804100792,0.0775572195899206,0.092854828359085,11.49605
45,10,0.9104340827627686,0.0895659172372314,0.0982207536215406,10.655075
45,11,0.9104340827627686,0.0895659172372314,0.1045370219977276,10.994275
45,12,0.9073819460108548,0.0926180539891451,0.1091684906477645,10.985125
45,13,0.9061861081315276,0.0938138918684723,0.1134484589104836,11.089425
45,14,0.8997378365470153,0.1002621634529846,0.1171316132046706,10.714175
45,15,0.8935767303542512,0.1064232696457487,0.1214019355968032,10.318575
45,16,0.8884883729311017,0.1115116270688982,0.1258409795633118,10.11875
45,17,0.8884883729311017,0.1115116270688982,0.1301155357515038,10.399225
45,18,0.8884883729311017,0.1115116270688982,0.1332873833934262,10.55075
45,19,0.8859930964455844,0.1140069035544155,0.1358555901787465,10.47895
45,20,0.8762621859813865,0.1237378140186135,0.1385593671420442,9.700575
45,21,0.8754792635934222,0.1245207364065777,0.1427446639707487,9.831575
45,22,0.8731328429129851,0.1268671570870149,0.1458640689053618,9.71515
45,23,0.8697847398610415,0.1302152601389584,0.1487213289552651,9.59485
45,24,0.8697847398610415,0.1302152601389584,0.1516225557521017,9.785775
45,25,0.8664922870224846,0.1335077129775154,0.1538245224588874,9.510825
45,26,0.8645825713919866,0.1354174286080134,0.1563192971432228,9.43865
45,27,0.8645825713919866,0.1354174286080134,0.1586584469211079,9.609375
45,28,0.8631458759416827,0.1368541240583173,0.1604828925888299,9.611475
45,29,0.8608309410371283,0.1391690589628716,0.1623124306400031,9.56965
45,30,0.8608309410371283,0.1391690589628716,0.1643170358895701,9.814875
45,31,0.8606910975339757,0.1393089024660243,0.1658950251417815,9.80155
45,32,0.8594038774248411,0.1405961225751588,0.1672455370655035,9.864925
45,33,0.8548426522941438,0.1451573477058562,0.1687047759798849,9.41295
45,34,0.8471930711622034,0.1528069288377965,0.1709460868723918,8.6358
45,35,0.8471930711622034,0.1528069288377965,0.1743280729432829,8.719375
45,36,0.8461213391235137,0.1538786608764862,0.1766325443214288,8.7223
45,37,0.8461213391235137,0.1538786608764862,0.1785506205239595,8.881325
45,38,0.8459350987935462,0.1540649012064537,0.1799886781039786,9.008925
45,39,0.8459350987935462,0.1540649012064537,0.1811778910116407,9.092425
45,40,0.8426143315353772,0.1573856684646227,0.1821660239221784,8.773825
45,41,0.8426143315353772,0.1573856684646227,0.1838026564171756,8.99655
45,42,0.841700934127627,0.1582990658723729,0.185036985870282,8.902325
45,43,0.841700934127627,0.1582990658723729,0.1862390322834372,9.11305
45,44,0.8367808871591169,0.163219112840883,0.1871963388869512,8.49075
45,45,0.8367808871591169,0.163219112840883,0.1891781054454784,8.570275
45,46,0.8346365576346629,0.165363442365337,0.1905934554622405,8.405625
45,47,0.8340726559566466,0.1659273440433534,0.1921791179356955,8.453425
45,48,0.8330024733615451,0.1669975266384549,0.1934805247627195,8.37835
45,49,0.8330024733615451,0.1669975266384549,0.1947271162283108,8.491925
45,50,0.8320803626933256,0.1679196373066743,0.1956719602034038,8.491375
45,51,0.8232705985676985,0.1767294014323015,0.1966531448035045,7.270425
45,52,0.820888258112319,0.1791117418876809,0.19961681931445,7.005925
45,53,0.820888258112319,0.1791117418876809,0.2022130784509575,7.03375
45,54,0.820888258112319,0.1791117418876809,0.2039835171501133,7.148025
45,55,0.820888258112319,0.1791117418876809,0.205235269592933,7.25205
45,56,0.820888258112319,0.1791117418876809,0.2061579670926502,7.302825
45,57,0.8187800314653297,0.1812199685346702,0.2068691907017927,7.140875
45,58,0.8122439331360297,0.1877560668639702,0.2079831787901158,6.150025
45,59,0.812083976560304,0.187916023439696,0.210492639969983,6.072025
45,60,0.812083976560304,0.187916023439696,0.2122433404233992,6.278625
45,61,0.8113409411975905,0.1886590588024095,0.2134680241250893,6.129475
45,62,0.8113409411975905,0.1886590588024095,0.2145485502521947,6.3218
45,63,0.8103972348274192,0.1896027651725808,0.2153394801070514,6.15185
45,64,0.8103972348274192,0.1896027651725808,0.2161902576348065,6.2149
45,65,0.8103972348274192,0.1896027651725808,0.216827221009303,6.3116
45,66,0.8103972348274192,0.1896027651725808,0.2173228458143029,6.32505
45,67,0.8093004275136382,0.1906995724863618,0.2177235232926284,6.164825
45,68,0.8093004275136382,0.1906995724863618,0.2183538771186581,6.279375
45,69,0.8033749966603837,0.1966250033396163,0.218835613302486,5.318225
45,70,0.8033749966603837,0.1966250033396163,0.2208242061297019,5.334125
45,71,0.8033749966603837,0.1966250033396163,0.2221891184852271,5.3231
45,72,0.8033749966603837,0.1966250033396163,0.2231447047374535,5.510075
45,73,0.7987858144230092,0.2012141855769907,0.2238299647541571,4.60555
45,74,0.7987858144230092,0.2012141855769907,0.225601349134304,4.766275
45,75,0.7987858144230092,0.2012141855769907,0.226821291633288,4.7259
45,76,0.7987858144230092,0.2012141855769907,0.2276760874481098,4.7904
45,77,0.7987858144230092,0.2012141855769907,0.2282876599902245,4.89295
45,78,0.796058749064105,0.203941250935895,0.2287360080056931,4.364225
45,79,0.796058749064105,0.203941250935895,0.2298419486443659,4.453025
45,80,0.796058749064105,0.203941250935895,0.2306158631600027,4.3646
45,81,0.7893611890329771,0.2106388109670228,0.2311669046269471,3.247
45,82,0.7893611890329771,0.2106388109670228,0.2334769754517982,3.2619
45,83,0.7886938496557878,0.2113061503442121,0.2350545278622139,3.20295
45,84,0.7886938496557878,0.2113061503442121,0.2363326449182612,3.14905
46,1,0.9865721781589096,0.0134278218410902,0.0,14.037175
46,2,0.9638110547081864,0.0361889452918137,0.0312153814104069,12.597675
46,3,0.949080543477025,0.050919456522975,0.0438385490291485,11.8271
46,4,0.9368790521470493,0.0631209478529507,0.0549373650360423,11.265975
46,5,0.9271356744856996,0.0728643255143003,0.0648018450284634,10.7372
46,6,0.9182245863034044,0.0817754136965954,0.0735862294038634,10.382025
46,7,0.911435836032313,0.0885641639676869,0.0815597599528571,10.018075
46,8,0.9000446917667503,0.0999553082332497,0.088684562524835,9.40565
46,9,0.8925234295640522,0.1074765704359478,0.0959465768117172,8.953325
46,10,0.8925234295640522,0.1074765704359478,0.1025491587779358,9.1777
46,11,0.8898930351303327,0.1101069648696673,0.1075174418712415,9.200325
46,12,0.8878700459511827,0.1121299540488173,0.1120491125286944,9.27755
46,13,0.8787303263233784,0.1212696736766215,0.1161467013920145,8.609325
46,14,0.8718687348039831,0.1281312651960169,0.1212090072566092,8.185925
46,15,0.8659888184916488,0.1340111815083512,0.1262516713463782,7.811475
46,16,0.8590904764893393,0.1409095235106606,0.1310572840849092,7.387675
46,17,0.8590904764893393,0.1409095235106606,0.1359025071849094,7.530225
46,18,0.8580993691005251,0.1419006308994749,0.1394030601603746,7.6034
46,19,0.8452233257704241,0.1547766742295758,0.1423751916475334,6.474025
46,20,0.8452233257704241,0.1547766742295758,0.1473911447830688,6.681725
46,21,0.8451154877677493,0.1548845122322507,0.1508560709140672,6.7217
46,22,0.8404299001842785,0.1595700998157214,0.1535100561577217,6.427475
46,23,0.8403890069387243,0.1596109930612756,0.1566435771422832,6.52995
46,24,0.8393806151673776,0.1606193848326224,0.1590411722071972,6.58925
46,25,0.834266684166578,0.165733315833422,0.1612176522207921,6.0951
46,26,0.8342298169476545,0.1657701830523454,0.1641133046311541,6.206375
46,27,0.8342298169476545,0.1657701830523454,0.1662995810525885,6.375775
46,28,0.8342298169476545,0.1657701830523454,0.168066466925383,6.48235
46,29,0.8274107267632257,0.1725892732367743,0.1695770754911046,5.836875
46,30,0.825446978804821,0.174553021195179,0.1724092858845316,5.658425
46,31,0.8182073152221102,0.1817926847778898,0.1749051405614038,4.9506
46,32,0.8145392489802474,0.1854607510197525,0.178369301985266,4.609725
46,33,0.8129153700835254,0.1870846299164745,0.18158638783529,4.52565
46,34,0.8075943929524642,0.1924056070475358,0.1842015102184409,3.956325
46,35,0.8021387227130524,0.1978612772869475,0.1873002220356624,3.34185
46,36,0.800191537340441,0.1998084626595589,0.1907082023396623,3.18705
46,37,0.7972779531676683,0.2027220468323317,0.193494759055035,2.929575
46,38,0.7972779531676683,0.2027220468323317,0.196138208591821,2.9892
46,39,0.7972308049737508,0.2027691950262492,0.198019480484971,3.002
46,40,0.7970126189692529,0.2029873810307471,0.1994538474580313,2.96815
46,41,0.7919019375456288,0.2080980624543712,0.2006532409198097,2.40825
46,42,0.7919019375456288,0.2080980624543712,0.2028564085555476,2.4197
46,43,0.7891526173675357,0.2108473826324642,0.204445658156708,2.1895
46,44,0.7891526173675357,0.2108473826324642,0.2063148827788474,2.133175
46,45,0.7891526173675357,0.2108473826324642,0.2076896556035648,2.220375
46,46,0.7891526173675357,0.2108473826324642,0.2087576141517387,2.277975
46,47,0.7891526173675357,0.2108473826324642,0.2096308091377388,2.282525
46,48,0.7891526173675357,0.2108473826324642,0.2103766279516025,2.2999
46,49,0.7824183286709206,0.2175816713290793,0.2110359324223172,1.609675
46,50,0.7800535697628804,0.2199464302371195,0.2132938245074441,1.3515
46,51,0.7776140916136157,0.2223859083863842,0.2154595632492088,0.0
46,52,0.7763609202763341,0.2236390797236659,0.2175869440163982,0.0
46,53,0.7763609202763341,0.2236390797236659,0.2193937437723354,0.0
46,54,0.7763609202763341,0.2236390797236659,0.2206836338883367,0.0
46,55,0.7763609202763341,0.2236390797236659,0.2216458563330872,0.0
46,56,0.7758778179774731,0.2241221820225268,0.222397376810537,0.0
46,57,0.7702023975960127,0.2297976024039872,0.2231342065795429,0.0
46,58,0.7702023975960127,0.2297976024039872,0.2251894643947724,0.0
46,59,0.7687767462989386,0.2312232537010614,0.2266204351926929,0.0
46,60,0.7651637150899728,0.2348362849100271,0.2280215267802744,0.0
46,61,0.7651637150899728,0.2348362849100271,0.2299716828503477,0.0
46,62,0.7651637150899728,0.2348362849100271,0.2313299474844608,0.0
46,63,0.7651637150899728,0.2348362849100271,0.2323066900809661,0.0
46,64,0.7600675675631904,0.2399324324368096,0.2330351913441481,0.0
46,65,0.7600675675631904,0.2399324324368096,0.2349515868265425,0.0
46,66,0.7600675675631904,0.2399324324368096,0.2362812922228361,0.0
46,67,0.7567167255280679,0.2432832744719321,0.2372294111513578,0.0
46,68,0.7558605558730367,0.2441394441269633,0.2388279664711797,0.0
46,69,0.7558605558730367,0.2441394441269633,0.2401779512163431,0.0
46,70,0.7553564922302748,0.2446435077697252,0.2411329984298146,0.0
46,71,0.7540123001693826,0.2459876998306174,0.2419650383106892,0.0
46,72,0.7540123001693826,0.2459876998306174,0.2429443794000428,0.0
46,73,0.7478346021691459,0.2521653978308541,0.243650343124343,0.0
46,74,0.744306104506014,0.255693895493986,0.2458783936200058,0.0
46,75,0.7440116399060624,0.2559883600939375,0.2483818111451364,0.0
46,76,0.7440116399060624,0.2559883600939375,0.2501716856091106,0.0
46,77,0.7424502128227045,0.2575497871772955,0.2514072115985284,0.0
46,78,0.7424502128227045,0.2575497871772955,0.2527120720444316,0.0
46,79,0.7424502128227045,0.2575497871772955,0.2536236430906812,0.0
46,80,0.7412249358229234,0.2587750641770766,0.2542718549802643,0.0
46,81,0.7353136643473667,0.2646863356526333,0.2550904589862923,0.0
46,82,0.7330769525272339,0.2669230474727661,0.2573585930043433,0.0
46,83,0.7330769525272339,0.2669230474727661,0.2595513751275417,0.0
46,84,0.7330769525272339,0.2669230474727661,0.2610535433905275,0.0
47,1,0.9981652569606524,0.0018347430393474,0.0,14.87385
47,2,0.9871056686901736,0.0128943313098264,0.0312153814104069,14.405125
47,3,0.9781947096572802,0.0218052903427198,0.0432133027729269,14.09795
47,4,0.9566464435991962,0.0433535564008038,0.0535143082415011,12.7823
47,5,0.9539519379308706,0.0460480620691293,0.0638783916218242,12.889175
47,6,0.9437583794949344,0.0562416205050656,0.0719887383161253,12.38655
47,7,0.9298588796041988,0.0701411203958013,0.0797889228381536,11.507175
47,8,0.9253128426683798,0.0746871573316202,0.0877773161234302,11.432
47,9,0.9202700262561696,0.0797299737438305,0.094345910552499,11.246175
47,10,0.9101723255598868,0.0898276744401131,0.1002240375830167,10.69065
47,11,0.9064250356032904,0.0935749643967095,0.106489905336313,10.57895
47,12,0.8956042150338178,0.1043957849661821,0.1117709466994793,9.8684
47,13,0.8956042150338178,0.1043957849661821,0.1177468629139542,10.0928
47,14,0.8894604804229859,0.1105395195770141,0.1220559762700798,9.863575
47,15,0.8819168936504829,0.1180831063495171,0.1266218717893793,9.2808
47,16,0.8794315430930385,0.1205684569069615,0.1315147269135439,9.340425
47,17,0.8793665289690246,0.1206334710309754,0.1355655017044396,9.472525
47,18,0.8754402270637286,0.1245597729362714,0.1386841716382878,9.26565
47,19,0.8754402270637286,0.1245597729362714,0.1420363276354042,9.418275
47,20,0.8713199109493904,0.1286800890506095,0.1446819728184387,9.15395
47,21,0.8686170444121216,0.1313829555878783,0.1477456689757892,9.072425
47,22,0.8686170444121216,0.1313829555878783,0.1507026378316122,9.262175
47,23,0.8677284202312604,0.1322715797687396,0.153017026743804,9.36015
47,24,0.8677284202312604,0.1322715797687396,0.155140626637231,9.461025
47,25,0.8652927381444361,0.1347072618555639,0.1569427068455145,9.47595
47,26,0.8601932378969902,0.1398067621030098,0.1590533625074067,8.9961
47,27,0.8587310866654764,0.1412689133345236,0.1618741701553705,9.000175
47,28,0.8574907069173201,0.1425092930826799,0.1642877819052582,9.109625
47,29,0.8450916261415827,0.1549083738584172,0.1664121085365134,7.7414
47,30,0.8434044882397105,0.1565955117602895,0.1707945183132729,7.74515
47,31,0.8387174363430915,0.1612825636569085,0.1740933282069493,7.300325
47,32,0.8387174363430915,0.1612825636569085,0.1774427763639934,7.4057
47,33,0.8387174363430915,0.1612825636569085,0.1797743293564808,7.51685
47,34,0.8387174363430915,0.1612825636569085,0.1815148137982346,7.67195
47,35,0.8363599306426784,0.1636400693573215,0.1829023119130396,7.512375
47,36,0.8361755338791941,0.1638244661208059,0.1846073900785084,7.521875
47,37,0.8361755338791941,0.1638244661208059,0.1859888964428873,7.68745
47,38,0.8361755338791941,0.1638244661208059,0.1871265472920406,7.674825
47,39,0.8361755338791941,0.1638244661208059,0.1881080329078908,7.794
47,40,0.8328103062851119,0.1671896937148881,0.1889844377824792,7.55495
47,41,0.8323599339630773,0.1676400660369227,0.1905753570842107,7.6225
47,42,0.831868524359967,0.1681314756400329,0.1918982214406102,7.6198
47,43,0.8290641442006043,0.1709358557993957,0.1930622808309043,7.4167
47,44,0.827012456929555,0.1729875430704449,0.1946745494495199,7.2012
47,45,0.827012456929555,0.1729875430704449,0.1963725811899003,7.264275
47,46,0.827012456929555,0.1729875430704449,0.1976239026713569,7.327675
47,47,0.8239816807768306,0.1760183192231693,0.1985969105226206,7.06915
47,48,0.8231477484855113,0.1768522515144887,0.2001318810187992,6.975425
47,49,0.8191649030397684,0.1808350969602316,0.2014702799169859,6.496925
47,50,0.818460425617864,0.1815395743821359,0.2034596244940427,6.559275
47,51,0.8174746221824721,0.1825253778175278,0.205039434587529,6.395575
47,52,0.8173798337811009,0.1826201662188991,0.2064326652858903,6.532375
47,53,0.8170735019293298,0.1829264980706701,0.2074837324978791,6.48555
47,54,0.8168282039788889,0.1831717960211111,0.2083698459546906,6.496875
47,55,0.8160593511685793,0.1839406488314207,0.2091324582315767,6.48075
47,56,0.8160593511685793,0.1839406488314207,0.2099455915967956,6.6217
47,57,0.8116608424772607,0.1883391575227393,0.2105900952566862,6.028325
47,58,0.8116608424772607,0.1883391575227393,0.212251813810102,6.002525
47,59,0.8101584223073296,0.1898415776926704,0.2134258190168609,5.74025
47,60,0.8013067638591429,0.1986932361408571,0.2146762491315464,4.586775
47,61,0.8013067638591429,0.1986932361408571,0.2178871922077548,4.537875
47,62,0.8013067638591429,0.1986932361408571,0.2200462484483266,4.59855
47,63,0.8013067638591429,0.1986932361408571,0.221531539014715,4.642475
47,64,0.8013067638591429,0.1986932361408571,0.2225824673127905,4.674875
47,65,0.8013067638591429,0.1986932361408571,0.2233511036651227,4.7853
47,66,0.8013067638591429,0.1986932361408571,0.2239343699791524,4.781175
47,67,0.8013067638591429,0.1986932361408571,0.2243942600469451,4.8868
47,68,0.80032489618826,0.19967510381174,0.2247705810452983,4.73675
47,69,0.7994296820839577,0.2005703179160423,0.2253540863127668,4.6454
47,70,0.7988280552316093,0.2011719447683907,0.2260470885479037,4.4709
47,71,0.7988280552316093,0.2011719447683907,0.2267299105545098,4.562675
47,72,0.7988280552316093,0.2011719447683907,0.2272395833983803,4.611475
47,73,0.7988280552316093,0.2011719447683907,0.2276329333604054,4.74535
47,74,0.7948628370983055,0.2051371629016944,0.2279469766105742,4.02665
47,75,0.7936544238550355,0.2063455761449645,0.2293044773241129,3.77555
47,76,0.7936544238550355,0.2063455761449645,0.2305869469403259,3.9246
47,77,0.7936544238550355,0.2063455761449645,0.2314824277008164,3.8798
47,78,0.7881215091460229,0.2118784908539771,0.2321198291809288,2.949325
47,79,0.7881215091460229,0.2118784908539771,0.2341424742147009,2.961975
47,80,0.7881215091460229,0.2118784908539771,0.235527954971666,3.034275
47,81,0.7881215091460229,0.2118784908539771,0.2364880337186769,2.998675
47,82,0.7838602392327353,0.2161397607672647,0.2371627498220495,2.34245
47,83,0.7822861535695385,0.2177138464304615,0.2388647998647389,2.155725
47,84,0.777427291114685,0.222572708885315,0.2404875405152126,0.0
48,1,0.9965687089821776,0.0034312910178223,0.0,14.8003
48,2,0.9899213408732784,0.0100786591267215,0.0312153814104069,14.6641
48,3,0.9833216069931364,0.0166783930068636,0.0429775453192971,14.5532
48,4,0.9785530687378708,0.0214469312621292,0.0529686092356792,14.66095
48,5,0.9667921172750392,0.0332078827249606,0.0615208530977226,13.945925
48,6,0.9530801583865806,0.0469198416134194,0.0698362716479583,13.243525
48,7,0.9457961103784897,0.0542038896215103,0.0780726859709897,12.917025
48,8,0.9440790976454082,0.0559209023545917,0.0852472299751437,13.131375
48,9,0.9325411664355756,0.0674588335644242,0.0909804126081592,12.347025
48,10,0.9294067200316012,0.0705932799683989,0.0974458041496194,12.373125
48,11,0.9202074947452804,0.0797925052547195,0.102765518213826,11.853075
48,12,0.916491130203002,0.0835088697969981,0.1084889673472288,11.80835
48,13,0.9134553106217568,0.0865446893782433,0.1133708347841375,11.770925
48,14,0.9134553106217568,0.0865446893782433,0.1176621990559393,12.0221
48,15,0.9084943434808838,0.0915056565191162,0.1210401133959427,11.758175
48,16,0.8979572331526446,0.1020427668473553,0.1248234952985908,11.042625
48,17,0.8943752061592044,0.1056247938407956,0.129808515340051,10.8929
48,18,0.8926842052359386,0.1073157947640613,0.134021460567771,10.890225
48,19,0.8926842052359386,0.1073157947640613,0.1374472899437629,11.093675
48,20,0.8926842052359386,0.1073157947640613,0.1400995532834655,11.353975
48,21,0.8926842052359386,0.1073157947640613,0.1423096239258089,11.6211
48,22,0.8926842052359386,0.1073157947640613,0.1442443208022249,11.817675
48,23,0.8911984688461202,0.1088015311538798,0.1459907798299398,11.8449
48,24,0.8911984688461202,0.1088015311538798,0.1479052558111463,12.022925
48,25,0.8802275152819501,0.1197724847180499,0.1495645352302746,11.028975
48,26,0.8759100315781218,0.1240899684218782,0.1533737166421323,10.694675
48,27,0.8759100315781218,0.1240899684218782,0.156929482210035,10.939625
48,28,0.8720064809979639,0.1279935190020361,0.1594143317472048,10.70465
48,29,0.8720064809979639,0.1279935190020361,0.1621395308381549,10.88205
48,30,0.8720064809979639,0.1279935190020361,0.1641362871115104,10.94655
48,31,0.8714736986600883,0.1285263013399117,0.1657093794231307,11.121025
48,32,0.8687339880024583,0.1312660119975417,0.1671436893582119,11.00605
48,33,0.8687339880024583,0.1312660119975417,0.168974230386879,11.129225
48,34,0.8687339880024583,0.1312660119975417,0.1704039683812698,11.38185
48,35,0.8687339880024583,0.1312660119975417,0.1715891743558544,11.4503
48,36,0.8687339880024583,0.1312660119975417,0.1726182631485828,11.6855
48,37,0.8687339880024583,0.1312660119975417,0.1735419756405272,11.769525
48,38,0.8687339880024583,0.1312660119975417,0.1743899594369261,12.05795
48,39,0.8687339880024583,0.1312660119975417,0.1751799463541974,12.340625
48,40,0.859422269825045,0.140577730174955,0.1759228700276262,10.998375
48,41,0.8550157507434629,0.144984249256537,0.1788100080354344,10.61075
48,42,0.8523703346210288,0.1476296653789711,0.1818225233254217,10.441725
48,43,0.8523703346210288,0.1476296653789711,0.1844962782709313,10.53915
48,44,0.8505618573120283,0.1494381426879717,0.1863367266592458,10.341075
48,45,0.8505618573120283,0.1494381426879717,0.1881043288965344,10.4735
48,46,0.8505618573120283,0.1494381426879717,0.189388543416055,10.72345
48,47,0.848193593649767,0.151806406350233,0.1903728021945128,10.383325
48,48,0.8449909911527707,0.1550090088472293,0.1917447413794242,10.177825
48,49,0.8449909911527707,0.1550090088472293,0.1935558757554136,10.28805
48,50,0.8449909911527707,0.1550090088472293,0.1948474779277746,10.374425
48,51,0.8407606435957965,0.1592393564042035,0.1958138699564916,9.82795
48,52,0.840726182073055,0.1592738179269449,0.1976270697707378,9.9787
48,53,0.8370369496271927,0.1629630503728073,0.1989176969066791,9.597675
48,54,0.8363350617775565,0.1636649382224435,0.2007983407193181,9.5297
48,55,0.8363350617775565,0.1636649382224435,0.2022944270293233,9.6632
48,56,0.834004644158822,0.1659953558411779,0.2033687936332414,9.4816
48,57,0.8329924285602015,0.1670075714397985,0.2047690390788284,9.368075
48,58,0.8329457657395086,0.1670542342604913,0.2060363618837978,9.576025
48,59,0.8310124088047323,0.1689875911952677,0.2069686845394912,9.294425
48,60,0.8310124088047323,0.1689875911952677,0.2081735427218505,9.275325
48,61,0.8310124088047323,0.1689875911952677,0.2090479067896101,9.4732
48,62,0.8297097649962356,0.1702902350037644,0.2097078542583821,9.395325
48,63,0.8297097649962356,0.1702902350037644,0.2105690615402856,9.489325
48,64,0.8297097649962356,0.1702902350037644,0.2112138697209173,9.54965
48,65,0.8297097649962356,0.1702902350037644,0.211715986945491,9.56955
48,66,0.8297097649962356,0.1702902350037644,0.2121224654064251,9.748625
48,67,0.8225798050129066,0.1774201949870933,0.2124634713374015,8.5727
48,68,0.8191293585923595,0.1808706414076405,0.2146748524815014,7.936475
48,69,0.8191293585923595,0.1808706414076405,0.2171163673345478,8.164575
48,70,0.817920506292786,0.182079493707214,0.2187766740569217,7.98785
48,71,0.817920506292786,0.182079493707214,0.2202554862173498,8.12735
48,72,0.817920506292786,0.182079493707214,0.2212852123344124,8.152375
48,73,0.817627561251239,0.1823724387487609,0.2220187034137869,8.086175
48,74,0.817627561251239,0.1823724387487609,0.222636157109375,8.28955
48,75,0.817627561251239,0.1823724387487609,0.2230940761711211,8.3293
48,76,0.8138116460050652,0.1861883539949348,0.2234442676660043,7.558775
48,77,0.8138116460050652,0.1861883539949348,0.2247867833659343,7.81715
48,78,0.8132102861465874,0.1867897138534126,0.2257196868646107,7.655025
48,79,0.8114265578781783,0.1885734421218217,0.226548596621764,7.3748
48,80,0.8114265578781783,0.1885734421218217,0.227641884086639,7.558925
48,81,0.8114265578781783,0.1885734421218217,0.2284057086046135,7.608175
48,82,0.8114265578781783,0.1885734421218217,0.2289480424630946,7.4647
48,83,0.8080380867695857,0.1919619132304143,0.2293404643102535,7.070225
48,84,0.8004447811419334,0.1995552188580666,0.2306044133423196,5.548025
49,1,0.9759458774185592,0.0240541225814409,0.0,13.1823
49,2,0.953665753175932,0.046334246824068,0.0312153814104069,11.869625
49,3,0.9518951972652429,0.0481048027347572,0.0438128478754559,12.023825
49,4,0.92754144752463,0.0724585524753701,0.0538867190978228,10.497225
49,5,0.9199380345575104,0.0800619654424895,0.064469921314059,10.214725
49,6,0.906722500282334,0.0932774997176658,0.0732651862806696,9.437775
49,7,0.9044018766776638,0.0955981233223361,0.0817833921422385,9.510875
49,8,0.8982045858368976,0.1017954141631024,0.0885096038531629,9.195625
49,9,0.8823373791531676,0.1176626208468324,0.0948234013316327,8.1307
49,10,0.8746580054288263,0.1253419945711736,0.1023115609166661,7.7559
49,11,0.872510072410253,0.1274899275897469,0.1089230730363742,7.730675
49,12,0.8663391349216664,0.1336608650783336,0.1141279813339372,7.3629
49,13,0.8633150409315692,0.1366849590684308,0.1192896283428036,7.303375
49,14,0.8550242087933069,0.1449757912066931,0.1237859558345473,6.6925
49,15,0.8546133954184189,0.1453866045815811,0.1288544940494981,6.8241
49,16,0.8517189508169188,0.1482810491830811,0.1326745621403766,6.761625
49,17,0.8412854820463512,0.1587145179536487,0.1362924623267064,5.884775
49,18,0.8412854820463512,0.1587145179536487,0.1412104786340222,5.996025
49,19,0.834560580722783,0.1654394192772169,0.1447097452663615,5.482125
49,20,0.8318417304770712,0.1681582695229287,0.1487849352923123,5.353425
49,21,0.8297446240282916,0.1702553759717083,0.1523236689023606,5.25135
49,22,0.8237147630585948,0.1762852369414052,0.1554288150894022,4.832975
49,23,0.8151570411781734,0.1848429588218265,0.1590846483228526,4.064125
49,24,0.8136411906906961,0.1863588093093039,0.1635382901811748,3.972125
49,25,0.8122026823169565,0.1877973176830435,0.1669378996607333,3.90395
49,26,0.8122026823169565,0.1877973176830435,0.1697379004998011,3.953425
49,27,0.811240074662075,0.1887599253379249,0.1718851043157205,3.99005
49,28,0.811240074662075,0.1887599253379249,0.1738566746097528,3.9503
49,29,0.811240074662075,0.1887599253379249,0.1754987078697957,4.08145
49,30,0.8040359798024216,0.1959640201975784,0.1769327496079984,3.351225
49,31,0.8040359798024216,0.1959640201975784,0.1798105817771665,3.4321
49,32,0.8032445920068021,0.1967554079931979,0.1818991937932862,3.35905
49,33,0.7995551759783819,0.2004448240216181,0.1837023516076016,3.023075
49,34,0.7913967927530575,0.2086032072469424,0.1859784337058155,2.141875
49,35,0.7913967927530575,0.2086032072469424,0.1895274870768243,2.181075
49,36,0.7874943112994749,0.2125056887005251,0.1919590028218635,1.807175
49,37,0.7874943112994749,0.2125056887005251,0.1946279649894615,1.834375
49,38,0.785643092601518,0.214356907398482,0.1965334401559197,1.675925
49,39,0.7842060135447042,0.2157939864552958,0.1984108956513636,1.545025
49,40,0.7805559995117513,0.2194440004882487,0.2001677470648835,1.248625
49,41,0.7805559995117513,0.2194440004882487,0.2023645724960724,1.31035
49,42,0.7732488042036637,0.2267511957963363,0.2039589977259307,0.0
49,43,0.7732488042036637,0.2267511957963363,0.2069190843690838,0.0
49,44,0.7682941147202627,0.2317058852797373,0.2089599772758157,0.0
49,45,0.7682941147202627,0.2317058852797373,0.2116306011611345,0.0
49,46,0.7682941147202627,0.2317058852797373,0.2134891463807379,0.0
49,47,0.7682941147202627,0.2317058852797373,0.2148489476616186,0.0
49,48,0.7682941147202627,0.2317058852797373,0.2158976025797856,0.0
49,49,0.7682941147202627,0.2317058852797373,0.2167480868948666,0.0
49,50,0.7682941147202627,0.2317058852797373,0.2174688786401425,0.0
49,51,0.7667606575964575,0.2332393424035425,0.218101795298249,0.0
49,52,0.7667606575964575,0.2332393424035425,0.2190545475694759,0.0
49,53,0.761791747201524,0.238208252798476,0.2198174086722917,0.0
49,54,0.761791747201524,0.238208252798476,0.2217056948000637,0.0
49,55,0.7587641608574008,0.2412358391425991,0.2230436574498123,0.0
49,56,0.757819160982688,0.242180839017312,0.2248017118578079,0.0
49,57,0.757819160982688,0.242180839017312,0.2262927707355446,0.0
49,58,0.757819160982688,0.242180839017312,0.2273705964931165,0.0
49,59,0.757819160982688,0.242180839017312,0.2281827111784495,0.0
49,60,0.757819160982688,0.242180839017312,0.2288215411112704,0.0
49,61,0.757819160982688,0.242180839017312,0.2293452510903861,0.0
49,62,0.757819160982688,0.242180839017312,0.2297906270310246,0.0
49,63,0.7509334030047556,0.2490665969952443,0.2301810687550191,0.0
49,64,0.7453451541678145,0.2546548458321854,0.2323491946063619,0.0
49,65,0.7425778966767735,0.2574221033232264,0.2353240953875539,0.0
49,66,0.7416933995465969,0.2583066004534031,0.2380753548353353,0.0
49,67,0.7416933995465969,0.2583066004534031,0.2401820134213689,0.0
49,68,0.7405698753835006,0.2594301246164994,0.2416335148976774,0.0
49,69,0.7398794589961945,0.2601205410038055,0.2429608448333869,0.0
49,70,0.7398794589961945,0.2601205410038055,0.2440891808153931,0.0
49,71,0.7349764324953417,0.2650235675046583,0.2448981481681873,0.0
49,72,0.7349764324953417,0.2650235675046583,0.2468366155064532,0.0
49,73,0.7349764324953417,0.2650235675046583,0.2481737250690313,0.0
49,74,0.7330742213343954,0.2669257786656046,0.2491141126668801,0.0
49,75,0.7330742213343954,0.2669257786656046,0.2503181166943609,0.0
49,76,0.7318280648284105,0.2681719351715895,0.2511673711117118,0.0
49,77,0.7311340368851109,0.2688659631148891,0.2521280921252194,0.0
49,78,0.7311340368851109,0.2688659631148891,0.2530073327723854,0.0
49,79,0.7311340368851109,0.2688659631148891,0.2536358731749238,0.0
49,80,0.7311340368851109,0.2688659631148891,0.2540954805543198,0.0
49,81,0.7304665133623022,0.2695334866376978,0.2544401750130405,0.0
49,82,0.7302067194403697,0.2697932805596302,0.2548960760973334,0.0
49,83,0.7264152110610548,0.2735847889389452,0.2553082383338032,0.0
49,84,0.7226994569509108,0.2773005430490892,0.2567042919044273,0.0
50,1,0.9958589552245568,0.004141044775443,0.0,14.651675
50,2,0.9881884630543892,0.0118115369456107,0.0312153814104069,14.545375
50,3,0.9857829264639076,0.0142170735360922,0.0430322137434914,14.6882
50,4,0.9771717175907444,0.0228282824092556,0.0527262228130046,14.4205
50,5,0.9682167235750256,0.0317832764249743,0.0615232986160663,14.10825
50,6,0.9639729733914284,0.0360270266085716,0.0696101581173853,14.098475
50,7,0.9486495557539848,0.0513504442460152,0.0765252257074481,13.0866
50,8,0.94211953085708,0.0578804691429201,0.084237534545296,12.87275
50,9,0.927695182966457,0.0723048170335429,0.0908848892737887,11.92575
50,10,0.9259662116538342,0.0740337883461658,0.0981917361107994,12.027175
50,11,0.9259662116538342,0.0740337883461658,0.103661765832949,12.342475
50,12,0.9078421587913156,0.0921578412086843,0.1079015898042433,10.97045
50,13,0.9078421587913156,0.0921578412086843,0.1146269883346049,11.3013
50,14,0.9055334288339352,0.0944665711660648,0.1192418899287804,11.2767
50,15,0.8976276250050786,0.1023723749949213,0.1232145997036358,10.71115
50,16,0.8964306475685104,0.1035693524314895,0.1278565602340673,10.91985
50,17,0.8964306475685104,0.1035693524314895,0.1315065034286051,11.069875
50,18,0.8964306475685104,0.1035693524314895,0.1343817567189361,11.316625
50,19,0.896010063777943,0.1039899362220569,0.1368098174548186,11.445575
50,20,0.883908367879048,0.1160916321209519,0.1390364982575323,10.503125
50,21,0.8824708363817025,0.1175291636182974,0.1434574459209217,10.488075
50,22,0.8824708363817025,0.1175291636182974,0.1468360564737335,10.6453
50,23,0.8769334729107957,0.1230665270892042,0.1493514697487855,10.2569
50,24,0.8724833702015394,0.1275166297984605,0.1525295050091354,9.94695
50,25,0.8699829629515822,0.1300170370484178,0.1558158144261891,10.0276
50,26,0.8643372591469348,0.1356627408530651,0.1587350412974782,9.5342
50,27,0.8590178768489632,0.1409821231510367,0.1621103893800422,9.031025
50,28,0.8590178768489632,0.1409821231510367,0.1656578124577331,9.167725
50,29,0.8590178768489632,0.1409821231510367,0.1681435712058591,9.299775
50,30,0.8588447076547988,0.1411552923452012,0.1700249911871342,9.536825
50,31,0.8584149480918141,0.1415850519081859,0.1715878840319381,9.66345
50,32,0.8584149480918141,0.1415850519081859,0.1730088455862861,9.72795
50,33,0.8584149480918141,0.1415850519081859,0.1742349323185541,9.860725
50,34,0.8584149480918141,0.1415850519081859,0.1753313372106005,10.1041
50,35,0.8584149480918141,0.1415850519081859,0.1763354841698995,10.20325
50,36,0.8516545170551243,0.1483454829448757,0.1772694223594233,9.479225
50,37,0.8516545170551243,0.1483454829448757,0.1796944719625595,9.60095
50,38,0.8500067376814003,0.1499932623185996,0.181430874059221,9.488625
50,39,0.8471334174241734,0.1528665825758266,0.1831365688270833,9.336625
50,40,0.8471334174241734,0.1528665825758266,0.1851028116038256,9.383675
50,41,0.8471334174241734,0.1528665825758266,0.1865452581608778,9.479075
50,42,0.8456525462730311,0.1543474537269689,0.1876676742372763,9.4627
50,43,0.8456525462730311,0.1543474537269689,0.1889408502687235,9.6315
50,44,0.8387094955444047,0.1612905044555953,0.1899443437058146,8.745675
50,45,0.8356704653737652,0.1643295346262347,0.192442749469124,8.46495
50,46,0.8322393243062426,0.1677606756937574,0.1949085131654526,8.143875
50,47,0.8322393243062426,0.1677606756937574,0.1974507993722402,8.1866
50,48,0.8306432010771972,0.1693567989228027,0.1992049680150194,8.061825
50,49,0.8289563535454884,0.1710436464545116,0.2008639348210191,7.91985
50,50,0.8289563535454884,0.1710436464545116,0.202484246288704,8.0237
50,51,0.828048538468649,0.171951461531351,0.2036604649488379,8.004475
50,52,0.828048538468649,0.171951461531351,0.204782715313282,8.136025
50,53,0.8262692102708734,0.1737307897291266,0.2056400563619329,7.847525
50,54,0.8207999337020407,0.1792000662979592,0.2067744162408541,7.167275
50,55,0.8195736876451708,0.1804263123548292,0.2090124828870753,7.136225
50,56,0.8195736876451708,0.1804263123548292,0.2108693958728313,7.05325
50,57,0.8182694518662089,0.181730548133791,0.2121727331781981,6.938775
50,58,0.8182694518662089,0.181730548133791,0.2134580997809083,7.1142
50,59,0.8158560273323375,0.1841439726676624,0.2143940265179475,6.77565
50,60,0.8158560273323375,0.1841439726676624,0.2157295307165822,6.932925
50,61,0.8158560273323375,0.1841439726676624,0.2166910832896905,6.990825
50,62,0.8118064848779243,0.1881935151220757,0.2174104874557141,6.32285
50,63,0.8115446132015393,0.1884553867984607,0.2190351078138627,6.342
50,64,0.8089458402734189,0.1910541597265811,0.2202436961348932,6.015175
50,65,0.8089458402734189,0.1910541597265811,0.2218021783539603,6.0666
50,66,0.8066446470915672,0.1933553529084327,0.2228954297726396,5.74665
50,67,0.802180431404602,0.1978195685953979,0.2243011902105095,5.018325
50,68,0.802180431404602,0.1978195685953979,0.2264918101826342,5.035625
50,69,0.802180431404602,0.1978195685953979,0.2279921286699227,5.1542
50,70,0.801946374212683,0.198053625787317,0.2290415333869866,4.98165
50,71,0.801946374212683,0.198053625787317,0.2298582447841757,5.17575
50,72,0.801946374212683,0.198053625787317,0.2304565470476617,5.2922
50,73,0.801946374212683,0.198053625787317,0.230908954459747,5.37635
50,74,0.801946374212683,0.198053625787317,0.2312626738268111,5.346575
50,75,0.801946374212683,0.198053625787317,0.2315485418500123,5.330175
50,76,0.8010233336123536,0.1989766663876464,0.23178677954849,5.178325
50,77,0.8010233336123536,0.1989766663876464,0.2322485829593728,5.36125
50,78,0.7969529760498427,0.2030470239501572,0.2325982484752121,4.62655
50,79,0.7969529760498427,0.2030470239501572,0.2340176144229163,4.54725
50,80,0.7969529760498427,0.2030470239501572,0.2350010608992627,4.654325
50,81,0.7969529760498427,0.2030470239501572,0.2356926472477673,4.68755
50,82,0.7969529760498427,0.2030470239501572,0.2361876652681453,4.73155
50,83,0.7964537642497477,0.2035462357502523,0.2365492980490501,4.6622
50,84,0.788848385910748,0.2111516140892519,0.2369630210684155,3.245
51,1,0.9711399172823488,0.0288600827176512,0.0,12.828475
51,2,0.9540206065697662,0.0459793934302338,0.0312153814104069,11.94455
51,3,0.951121192625118,0.0488788073748819,0.0435370909521962,12.033325
51,4,0.9381214061469751,0.0618785938530247,0.053547327211488,11.313575
51,5,0.9254854157439824,0.0745145842560175,0.0629627202149204,10.618375
51,6,0.9162852420014528,0.0837147579985471,0.0717975018611925,10.20995
51,7,0.907096191077074,0.092903808922926,0.0797464793325934,9.728125
51,8,0.9056708040004762,0.0943291959995238,0.0871325892637287,9.839975
51,9,0.8960017294937033,0.1039982705062967,0.0929651518439732,9.271575
51,10,0.8879207230186981,0.1120792769813019,0.0992262998610507,8.83175
51,11,0.8877738871110008,0.1122261128889992,0.1053068621468952,9.025475
51,12,0.8847416711927325,0.1152583288072675,0.1098719103280543,8.945325
51,13,0.8799096898125341,0.1200903101874658,0.1141288200596239,8.7582
51,14,0.8749520518698847,0.1250479481301153,0.1184639265879884,8.50965
51,15,0.8749520518698847,0.1250479481301153,0.122782671602775,8.652925
51,16,0.8666705255097976,0.1333294744902023,0.1261048377290881,8.091075
51,17,0.8641484490149045,0.1358515509850955,0.1304475061039446,7.952775
51,18,0.8641484490149045,0.1358515509850955,0.1341438048560527,8.128025
51,19,0.8567945088207995,0.1432054911792004,0.1369804144263821,7.620375
51,20,0.8546055064614917,0.1453944935385083,0.1407936750873774,7.556425
51,21,0.8477057011665908,0.1522942988334091,0.1440430573325052,7.08565
51,22,0.8408867816657805,0.1591132183342195,0.1479296544319067,6.457625
51,23,0.8395525935987619,0.1604474064012381,0.1521186065512446,6.4691
51,24,0.8315435970997659,0.1684564029002341,0.1553215872116033,5.740275
51,25,0.8300752843752521,0.1699247156247478,0.1593791479380271,5.72945
51,26,0.8300752843752521,0.1699247156247478,0.1625097045367317,5.844225
51,27,0.8300752843752521,0.1699247156247478,0.1648098084796743,5.9274
51,28,0.8279892761487183,0.1720107238512817,0.1666339345035707,5.7989
51,29,0.8279892761487183,0.1720107238512817,0.168623585648466,5.8914
51,30,0.8270991249045965,0.1729008750954035,0.1702305374482797,5.84815
51,31,0.8183937240694877,0.1816062759305122,0.1717979629380079,4.993775
51,32,0.8147996493578384,0.1852003506421615,0.1750551729135679,4.641825
51,33,0.8147996493578384,0.1852003506421615,0.1781302423991172,4.69715
51,34,0.812524787284481,0.187475212715519,0.180291718243471,4.554725
51,35,0.812524787284481,0.187475212715519,0.1824327929905572,4.583825
51,36,0.812524787284481,0.187475212715519,0.1840361771504296,4.7185
51,37,0.8071729977365599,0.19282700226344,0.1853152696150068,4.088625
51,38,0.804005690751921,0.195994309248079,0.1876248544885868,3.734525
51,39,0.804005690751921,0.195994309248079,0.1900298998420693,3.741175
51,40,0.8002227825051271,0.1997772174948728,0.1917499549848852,3.383075
51,41,0.8002227825051271,0.1997772174948728,0.1939435812891251,3.48575
51,42,0.8002227825051271,0.1997772174948728,0.1955242520772205,3.557525
51,43,0.798934982911014,0.201065017088986,0.196730928681225,3.359325
51,44,0.7978220175161246,0.2021779824838754,0.1980115329305992,3.26015
51,45,0.7978220175161246,0.2021779824838754,0.1992878923422389,3.31395
51,46,0.7931964090011657,0.2068035909988342,0.2002866835510655,2.758725
51,47,0.7931964090011657,0.2068035909988342,0.2022309430869507,2.773225
51,48,0.7931964090011657,0.2068035909988342,0.2036242457747933,2.790375
51,49,0.7872089625407978,0.2127910374592022,0.2046745325285938,2.08245
51,50,0.781551735552691,0.218448264447309,0.2069834329060106,1.4846
51,51,0.781551735552691,0.218448264447309,0.209991137502304,1.496475
51,52,0.781066760089956,0.218933239910044,0.2120288863403686,1.473125
51,53,0.7800268760880021,0.2199731239119978,0.2135832607066682,1.40305
51,54,0.7781040069739488,0.2218959930260512,0.2149728382189684,0.0
51,55,0.775748426312037,0.224251573687963,0.2164797913970248,0.0
51,56,0.7749868246175674,0.2250131753824326,0.2181689781667854,0.0
51,57,0.7729197643321942,0.2270802356678057,0.219565610442724,0.0
51,58,0.77288608567863,0.2271139143213699,0.2211101414878366,0.0
51,59,0.77288608567863,0.2271139143213699,0.2222234865395973,0.0
51,60,0.7727440948462876,0.2272559051537124,0.2230507774529826,0.0
51,61,0.7707434625902819,0.229256537409718,0.223728761273724,0.0
51,62,0.7707434625902819,0.229256537409718,0.2247933724361168,0.0
51,63,0.7696430139710753,0.2303569860289247,0.2255787629248898,0.0
51,64,0.7695699768710439,0.2304300231289561,0.2264717736296501,0.0
51,65,0.7637971830793665,0.2362028169206335,0.2271595401462555,0.0
51,66,0.7637971830793665,0.2362028169206335,0.2292297858590233,0.0
51,67,0.763457242899738,0.2365427571002619,0.230655214893255,0.0
51,68,0.763457242899738,0.2365427571002619,0.2317522737289671,0.0
51,69,0.763457242899738,0.2365427571002619,0.2325422671757108,0.0
51,70,0.763457242899738,0.2365427571002619,0.2331294943622099,0.0
51,71,0.763457242899738,0.2365427571002619,0.2335813324743222,0.0
51,72,0.7586030856796145,0.2413969143203854,0.2339414545955359,0.0
51,73,0.7586030856796145,0.2413969143203854,0.2355717480152314,0.0
51,74,0.7585241652951401,0.2414758347048599,0.2367021211461215,0.0
51,75,0.7585241652951401,0.2414758347048599,0.2375235159938236,0.0
51,76,0.755412947126361,0.244587052873639,0.2381170877431983,0.0
51,77,0.755412947126361,0.244587052873639,0.2394268820399852,0.0
51,78,0.7524546036880149,0.2475453963119851,0.2403407827709187,0.0
51,79,0.7500819763141275,0.2499180236858724,0.241823520187335,0.0
51,80,0.7500819763141275,0.2499180236858724,0.2435215257081225,0.0
51,81,0.7500819763141275,0.2499180236858724,0.2446914487858329,0.0
51,82,0.7489032589729265,0.2510967410270734,0.2455076539150023,0.0
51,83,0.7449901905429467,0.2550098094570533,0.2464231269424268,0.0
51,84,0.7437193040276574,0.2562806959723426,0.2481909579493842,0.0
52,1,1.0,0.0,0.0,15.002075
52,2,0.9919998594436384,0.0080001405563615,0.0312153814104069,14.87685
52,3,0.9838103206768088,0.0161896793231912,0.0430498277929441,14.5358
52,4,0.9649094665278112,0.0350905334721888,0.0532046469976285,13.437925
52,5,0.9451933086598132,0.0548066913401866,0.0632277127653374,12.225625
52,6,0.9369732819445924,0.0630267180554077,0.0731277421762081,11.87625
52,7,0.9295819348671808,0.0704180651328191,0.0814310850698396,11.49555
52,8,0.9295819348671808,0.0704180651328191,0.0887691448338021,11.836425
52,9,0.9233814812422824,0.0766185187577175,0.0944163289964918,11.5935
52,10,0.9086205384631388,0.0913794615368611,0.1000869711177483,10.5764
52,11,0.9086205384631388,0.0913794615368611,0.1070265160878701,10.7592
52,12,0.907765482768378,0.0922345172316219,0.1119785976736163,10.99195
52,13,0.901585149387076,0.0984148506129239,0.1160612091864443,10.68895
52,14,0.901585149387076,0.0984148506129239,0.1205834359913613,10.85445
52,15,0.8930432038721321,0.1069567961278679,0.1241037489918995,10.3353
52,16,0.8869557656739081,0.1130442343260919,0.1286574333874141,10.04785
52,17,0.8793591196095454,0.1206408803904546,0.1332037899127933,9.474175
52,18,0.8742333622900432,0.1257666377099567,0.1380052553564325,9.143725
52,19,0.8697764253270274,0.1302235746729726,0.1424288012921015,8.94365
52,20,0.8665818474924554,0.1334181525075446,0.1465055326355464,8.760275
52,21,0.8642548217638016,0.1357451782361983,0.1501269310687697,8.657225
52,22,0.8608470554711104,0.1391529445288896,0.1533094789625981,8.442
52,23,0.8608470554711104,0.1391529445288896,0.1564558965128847,8.65145
52,24,0.8585225524099943,0.1414774475900057,0.1588509409374165,8.5576
52,25,0.8585225524099943,0.1414774475900057,0.1613010816119721,8.650675
52,26,0.8494278440291904,0.1505721559708096,0.1632630908787008,7.835975
52,27,0.8494278440291904,0.1505721559708096,0.1668706741785986,7.960175
52,28,0.8494278440291904,0.1505721559708096,0.1694179470911663,8.1234
52,29,0.8436590298086092,0.1563409701913908,0.1713636189482226,7.593475
52,30,0.8436590298086092,0.1563409701913908,0.1742137672979786,7.6696
52,31,0.8410816885656082,0.1589183114343918,0.1762927620504886,7.618275
52,32,0.8410816885656082,0.1589183114343918,0.1784926744600129,7.7043
52,33,0.8356864455998972,0.1643135544001027,0.1801742327585607,7.124275
52,34,0.8356864455998972,0.1643135544001027,0.1827559011524412,7.260075
52,35,0.8280380542712789,0.1719619457287211,0.1846294851594055,6.401925
52,36,0.8262541447208284,0.1737458552791716,0.1878227838745264,6.315275
52,37,0.8262541447208284,0.1737458552791716,0.1904417167831723,6.3642
52,38,0.8262541447208284,0.1737458552791716,0.1923105190341753,6.483925
52,39,0.8262541447208284,0.1737458552791716,0.1937302546948663,6.648225
52,40,0.8260076220976315,0.1739923779023685,0.1948743197733646,6.56235
52,41,0.8260076220976315,0.1739923779023685,0.1959012776163612,6.7658
52,42,0.8200174654486999,0.1799825345513001,0.1967891458297312,6.07345
52,43,0.8138941298959997,0.1861058701040002,0.1990040043666263,5.310375
52,44,0.8089497282750037,0.1910502717249963,0.2020479033625815,4.712325
52,45,0.8089497282750037,0.1910502717249963,0.2053138006438539,4.7977
52,46,0.8089497282750037,0.1910502717249963,0.2075263625924323,4.82315
52,47,0.8089497282750037,0.1910502717249963,0.2090954406114613,4.935375
52,48,0.8089497282750037,0.1910502717249963,0.2102662549310162,5.00285
52,49,0.8089497282750037,0.1910502717249963,0.2111863316435999,5.056625
52,50,0.803727972785142,0.196272027214858,0.2119449502557072,4.3887
52,51,0.803727972785142,0.196272027214858,0.2138904279853997,4.49135
52,52,0.8012403186769698,0.1987596813230302,0.2152722460111207,4.124475
52,53,0.7995722580822825,0.2004277419177175,0.216922095115444,3.97095
52,54,0.7995722580822825,0.2004277419177175,0.2185318238953922,3.910925
52,55,0.79859912115862,0.20140087884138,0.2196929963477506,3.8632
52,56,0.79859912115862,0.20140087884138,0.2208156029329078,3.86475
52,57,0.79859912115862,0.20140087884138,0.2216620933429798,3.9167
52,58,0.79859912115862,0.20140087884138,0.2223294453526705,3.96965
52,59,0.7985813736793902,0.2014186263206098,0.2228783082403354,4.014025
52,60,0.7933818935907242,0.2066181064092758,0.2233514091263675,3.185525
52,61,0.7894776457063895,0.2105223542936105,0.2251200989826307,2.64425
52,62,0.7894776457063895,0.2105223542936105,0.2273810376864189,2.756125
52,63,0.7894776457063895,0.2105223542936105,0.2289350270617759,2.764425
52,64,0.7863698142809025,0.2136301857190975,0.2300333362810064,2.36785
52,65,0.7863698142809025,0.2136301857190975,0.231659702251307,2.378525
52,66,0.7843653254884018,0.2156346745115982,0.23280064903181,2.159925
52,67,0.7843653254884018,0.2156346745115982,0.2341615468955977,2.11015
52,68,0.7843653254884018,0.2156346745115982,0.2351265292066017,2.1784
52,69,0.781078140924858,0.2189218590751419,0.2358316263850279,1.77715
52,70,0.781078140924858,0.2189218590751419,0.2372558293482148,1.72615
52,71,0.7806560445583628,0.2193439554416372,0.2382563414740978,1.729675
52,72,0.7806560445583628,0.2193439554416372,0.239092891452085,1.730575
52,73,0.7805835235108115,0.2194164764891885,0.2397040502712164,1.7649
52,74,0.7795479904771514,0.2204520095228486,0.2401844268402908,0.0
52,75,0.7795479904771514,0.2204520095228486,0.2408427810311684,0.0
52,76,0.7763420348632556,0.2236579651367444,0.2413292642579348,0.0
52,77,0.7703876262951478,0.2296123737048522,0.2425952198640383,0.0
52,78,0.7703876262951478,0.2296123737048522,0.2451510301245162,0.0
52,79,0.7703876262951478,0.2296123737048522,0.2468933061448787,0.0
52,80,0.7693772217059971,0.2306227782940029,0.2480940031569113,0.0
52,81,0.7679423985603818,0.2320576014396181,0.2492195268330848,0.0
52,82,0.7679423985603818,0.2320576014396181,0.2504157699999607,0.0
52,83,0.7679423985603818,0.2320576014396181,0.2512490948041364,0.0
52,84,0.7616314663529904,0.2383685336470096,0.2518376951404251,0.0
53,1,0.9869715573661816,0.0130284426338184,0.0,14.034175
53,2,0.9627683521163372,0.0372316478836628,0.0312153814104069,12.59615
53,3,0.9491169148103316,0.0508830851896684,0.043915603555087,11.868975
53,4,0.9435176387302509,0.0564823612697492,0.0549726413008965,11.663825
53,5,0.9284102384973272,0.0715897615026728,0.0641749819048391,10.854525
53,6,0.9231118528738816,0.0768881471261183,0.0732844080378046,10.684875
53,7,0.9147435478880755,0.0852564521119244,0.080906456664137,10.309025
53,8,0.9130934199441256,0.0869065800558743,0.0880871464762152,10.482325
53,9,0.9115409821092876,0.0884590178907124,0.093896151945765,10.58085
53,10,0.9115409821092876,0.0884590178907124,0.0988900740724108,10.826075
53,11,0.9064162731767714,0.0935837268232285,0.103083562584504,10.614175
53,12,0.9055271815358098,0.0944728184641902,0.1076179765932333,10.793725
53,13,0.896763886720378,0.103236113279622,0.1114513550674008,10.276575
53,14,0.8942284916472795,0.1057715083527205,0.1162621690100289,10.2094
53,15,0.8809917018708845,0.1190082981291155,0.1203343971437525,9.153275
53,16,0.8762339657410406,0.1237660342589593,0.1259932109214332,8.996925
53,17,0.8762144291980928,0.1237855708019072,0.1307989979624326,9.1282
53,18,0.8720145182614972,0.1279854817385027,0.1342421454666935,9.007125
53,19,0.870544978488616,0.129455021511384,0.1377773977427221,8.940175
53,20,0.870544978488616,0.129455021511384,0.1407794583808899,9.12985
53,21,0.865067070300463,0.1349329296995369,0.1431728055845702,8.72275
53,22,0.865067070300463,0.1349329296995369,0.1463218906666161,8.893275
53,23,0.8569062836417176,0.1430937163582823,0.1487145506440637,8.27105
53,24,0.8545434030775644,0.1454565969224356,0.1523694546577973,8.08095
53,25,0.8545434030775644,0.1454565969224356,0.1554721392353355,8.180175
53,26,0.8541036904196032,0.1458963095803968,0.1577623790821274,8.325825
53,27,0.8541036904196032,0.1458963095803968,0.1596822605445806,8.47915
53,28,0.8478806867679752,0.1521193132320247,0.1612805844307095,7.9033
53,29,0.8448627747822245,0.1551372252177755,0.1640249771749378,7.774275
53,30,0.8448627747822245,0.1551372252177755,0.1666969126734552,7.8584
53,31,0.8448627747822245,0.1551372252177755,0.1686552663868883,7.949075
53,32,0.8448627747822245,0.1551372252177755,0.1701964540646971,8.11775
53,33,0.8396701092466365,0.1603298907533634,0.1714839690020987,7.629075
53,34,0.8363672977704866,0.1636327022295134,0.1737752996392884,7.301525
53,35,0.8334849593388544,0.1665150406611456,0.1762094721611134,7.042775
53,36,0.8295305397478893,0.1704694602521107,0.1786255936068141,6.708225
53,37,0.8295305397478893,0.1704694602521107,0.181272357803539,6.72115
53,38,0.828932421026069,0.171067578973931,0.1831411480454839,6.83455
53,39,0.8276716035756154,0.1723283964243845,0.1846841780920427,6.746025
53,40,0.8276716035756154,0.1723283964243845,0.1861807865154555,6.8786
53,41,0.8276716035756154,0.1723283964243845,0.1873461633803188,7.023125
53,42,0.8235087600624079,0.176491239937592,0.188304519869823,6.436475
53,43,0.8192720400634784,0.1807279599365215,0.1901167018282671,6.055075
53,44,0.8192720400634784,0.1807279599365215,0.1924569681628989,6.106475
53,45,0.8150154887850158,0.1849845112149841,0.1940998323700862,5.59005
53,46,0.8132949626720092,0.1867050373279908,0.1963422196579079,5.436575
53,47,0.8132949626720092,0.1867050373279908,0.1983349560636971,5.55025
53,48,0.8132949626720092,0.1867050373279908,0.199753965318824,5.55125
53,49,0.8048589624092278,0.1951410375907721,0.2008163248592436,4.4242
53,50,0.8020118068835167,0.1979881931164833,0.2037327553013206,4.193275
53,51,0.8020118068835167,0.1979881931164833,0.2064169943206824,4.103475
53,52,0.8016637549681125,0.1983362450318875,0.2082511135720615,4.081825
53,53,0.8007997345366628,0.1992002654633372,0.209641499583221,4.15455
53,54,0.8007997345366628,0.1992002654633372,0.2108814892603131,4.0979
53,55,0.8007997345366628,0.1992002654633372,0.211805605752993,4.133625
53,56,0.7997351243782158,0.2002648756217842,0.2125266618222101,4.091125
53,57,0.7997351243782158,0.2002648756217842,0.2133865877030027,4.18
53,58,0.7997351243782158,0.2002648756217842,0.2140575135534324,4.1426
53,59,0.7982821901447558,0.2017178098552442,0.2146039746856057,3.943275
53,60,0.7982821901447558,0.2017178098552442,0.2154429540472315,3.953325
53,61,0.7982821901447558,0.2017178098552442,0.2160875721357462,4.100225
53,62,0.7961863921484499,0.2038136078515501,0.2166039230459655,3.7989
53,63,0.7952047686507483,0.2047952313492517,0.2175845648150101,3.6645
53,64,0.7928685808449704,0.2071314191550296,0.2185683362462596,3.292275
53,65,0.7915562917406752,0.2084437082593248,0.2199115363732342,3.09245
53,66,0.7906596145498604,0.2093403854501395,0.2212144641654337,2.98785
53,67,0.7906596145498604,0.2093403854501395,0.2223796569501836,3.037175
53,68,0.7906596145498604,0.2093403854501395,0.2232134380249382,3.04355
53,69,0.7906596145498604,0.2093403854501395,0.2238292171294042,3.119825
53,70,0.7906596145498604,0.2093403854501395,0.224300062009699,3.15625
53,71,0.7906596145498604,0.2093403854501395,0.2246732081163828,3.1481
53,72,0.7906596145498604,0.2093403854501395,0.2249793049426406,3.264575
53,73,0.7834906511526801,0.2165093488473198,0.2252383240547668,2.140725
53,74,0.7834906511526801,0.2165093488473198,0.2274411213483403,2.1484
53,75,0.7834906511526801,0.2165093488473198,0.2289461227808204,2.1146
53,76,0.7785020747761116,0.2214979252238884,0.2299898371208201,0.0
53,77,0.7785020747761116,0.2214979252238884,0.2321207208314746,0.0
53,78,0.7785020747761116,0.2214979252238884,0.2335783103382963,0.0
53,79,0.7785020747761116,0.2214979252238884,0.2345881533294832,0.0
53,80,0.7767639825328256,0.2232360174671743,0.2352987928386357,0.0
53,81,0.7765885092084438,0.2234114907915562,0.2363018834949538,0.0
53,82,0.7765885092084438,0.2234114907915562,0.2370553766094358,0.0
53,83,0.7765885092084438,0.2234114907915562,0.2375903229328465,0.0
53,84,0.7577929091150555,0.2422070908849445,0.2379770350165195,0.0
54,1,0.9869924993955296,0.0130075006044703,0.0,14.05475
54,2,0.9844056741683822,0.0155943258316177,0.0312153814104069,14.187175
54,3,0.9618184305893142,0.0381815694106858,0.0427605789814674,12.8256
54,4,0.9491152665998008,0.050884733400199,0.0538792417989565,12.151225
54,5,0.9452428823429696,0.0547571176570302,0.0637153177888995,12.193025
54,6,0.9416166280104856,0.0583833719895142,0.0717480389782885,12.181925
54,7,0.9310488923364942,0.0689511076635057,0.0786597844461374,11.667975
54,8,0.9210234887450656,0.0789765112549343,0.0857806493459529,11.078525
54,9,0.9178910017859204,0.0821089982140795,0.0927513511997774,11.108525
54,10,0.9025772918387004,0.0974227081612996,0.0984605028744887,10.0408
54,11,0.9025772918387004,0.0974227081612996,0.1054744685475599,10.232375
54,12,0.9004725849497284,0.0995274150502716,0.1104325979191181,10.28775
54,13,0.9004725849497284,0.0995274150502716,0.1147137707720173,10.556925
54,14,0.8951635485041946,0.1048364514958054,0.1181990969419913,10.313625
54,15,0.8936878022566889,0.1063121977433111,0.122179250365273,10.356525
54,16,0.8936878022566889,0.1063121977433111,0.1256096393575679,10.574225
54,17,0.8884922503601554,0.1115077496398445,0.1284221115062613,10.27285
54,18,0.8884922503601554,0.1115077496398445,0.1318648225979818,10.524575
54,19,0.8877926052477303,0.1122073947522697,0.134557896126067,10.6207
54,20,0.8830706267956135,0.1169293732043864,0.1369591375174762,10.349225
54,21,0.8819181620137364,0.1180818379862636,0.1399717901098214,10.4914
54,22,0.8819181620137364,0.1180818379862636,0.1425436787482708,10.676125
54,23,0.8814668408470038,0.1185331591529962,0.1446150034306098,10.80645
54,24,0.8773012865975147,0.1226987134024852,0.1464800065581934,10.5812
54,25,0.865756818564638,0.1342431814353619,0.148979790443247,9.5356
54,26,0.865756818564638,0.1342431814353619,0.153360592150747,9.60005
54,27,0.865756818564638,0.1342431814353619,0.156306106452996,9.785375
54,28,0.865756818564638,0.1342431814353619,0.1584545945468131,9.89695
54,29,0.8633717817454986,0.1366282182545014,0.160145224647183,9.84085
54,30,0.8618172209553164,0.1381827790446835,0.1620814543593977,9.8409
54,31,0.8614412354926761,0.1385587645073238,0.163956862714087,9.94645
54,32,0.8614412354926761,0.1385587645073238,0.1655223909035022,10.12725
54,33,0.8614412354926761,0.1385587645073238,0.1668123903229497,10.209075
54,34,0.8587999050504477,0.1412000949495523,0.1679284344356822,10.067175
54,35,0.8587999050504477,0.1412000949495523,0.1695251538803387,10.135575
54,36,0.8583255907575015,0.1416744092424985,0.1707879888001232,10.2605
54,37,0.8514281901650694,0.1485718098349305,0.1719527320135271,9.53365
54,38,0.847588627491772,0.152411372508228,0.1745278497752067,9.208075
54,39,0.847588627491772,0.152411372508228,0.1772228199350806,9.291675
54,40,0.847588627491772,0.152411372508228,0.1790938672793861,9.51355
54,41,0.8441864911740714,0.1558135088259286,0.180470875984042,9.176225
54,42,0.8437966238166829,0.1562033761833171,0.1823484298090526,9.234175
54,43,0.8437966238166829,0.1562033761833171,0.1838079080434547,9.3888
54,44,0.8409971444224157,0.1590028555775843,0.1849170203719971,9.000125
54,45,0.8408856027960695,0.1591143972039305,0.1864789099894603,9.18065
54,46,0.8380110418754697,0.1619889581245303,0.1876634097047652,8.885775
54,47,0.8375682059693138,0.1624317940306862,0.1892824954524264,8.9758
54,48,0.8375682059693138,0.1624317940306862,0.1905718831061653,9.1538
54,49,0.8375682059693138,0.1624317940306862,0.191545881753764,9.10055
54,50,0.8365113911641823,0.1634886088358177,0.1923198896078236,9.051325
54,51,0.8365113911641823,0.1634886088358177,0.1932259337212482,9.23275
54,52,0.8365113911641823,0.1634886088358177,0.1939459076097238,9.29535
54,53,0.8315575911943829,0.1684424088056171,0.1945443891762184,8.80275
54,54,0.8277954589877193,0.1722045410122806,0.1963076178934994,8.393125
54,55,0.8268759988525259,0.173124001147474,0.1985008300222015,8.17155
54,56,0.8268759988525259,0.173124001147474,0.2002446303355904,8.272625
54,57,0.8268759988525259,0.173124001147474,0.2014699684850969,8.451175
54,58,0.8268759988525259,0.173124001147474,0.2023649422722235,8.465475
54,59,0.8268759988525259,0.173124001147474,0.2030469406447157,8.476425
54,60,0.8263257964685918,0.1736742035314081,0.203589532511535,8.505925
54,61,0.8263257964685918,0.1736742035314081,0.2041822609185,8.730475
54,62,0.8263257964685918,0.1736742035314081,0.2046596877264325,8.734925
54,63,0.8263257964685918,0.1736742035314081,0.2050592343327626,8.740475
54,64,0.8263257964685918,0.1736742035314081,0.2054047407171675,8.891775
54,65,0.8231750905423271,0.1768249094576729,0.205711489291968,8.49375
54,66,0.8231750905423271,0.1768249094576729,0.2068286515719765,8.592775
54,67,0.8229733979658104,0.1770266020341896,0.2076282627985531,8.65605
54,68,0.8229733979658104,0.1770266020341896,0.2082736776450491,8.634575
54,69,0.8229733979658104,0.1770266020341896,0.2087619289508063,8.707675
54,70,0.8179383662724331,0.1820616337275669,0.2091449026318781,7.9852
54,71,0.8179383662724331,0.1820616337275669,0.2108274566377409,8.10825
54,72,0.8179383662724331,0.1820616337275669,0.2119881694862672,8.199175
54,73,0.8179383662724331,0.1820616337275669,0.2128053253249075,8.299375
54,74,0.8179383662724331,0.1820616337275669,0.2133948179529048,8.221675
54,75,0.8149413617743454,0.1850586382256546,0.2138321911794086,7.8469
54,76,0.8149413617743454,0.1850586382256546,0.215000642166234,7.880125
54,77,0.8149413617743454,0.1850586382256546,0.2158174870525605,7.9665
54,78,0.8149413617743454,0.1850586382256546,0.2163997812618081,7.8761
54,79,0.8149413617743454,0.1850586382256546,0.2168244905490908,8.196225
54,80,0.8149413617743454,0.1850586382256546,0.2171423529610835,8.173425
54,81,0.8115665889797353,0.1884334110202646,0.2173869094616458,7.7508
54,82,0.8115665889797353,0.1884334110202646,0.2185426530327628,7.71255
54,83,0.8104689625509738,0.1895310374490262,0.2193448011872208,7.409275
54,84,0.8069674724789223,0.1930325275210777,0.2202242321525037,6.8456
55,1,0.9904660866924124,0.0095339133075874,0.0,14.27805
55,2,0.9640292912494368,0.0359707087505632,0.0312153814104069,12.6629
55,3,0.9559677658451696,0.0440322341548303,0.0440349506223459,12.429475
55,4,0.9248368465906396,0.0751631534093605,0.0547216516173645,10.3188
55,5,0.9220028783296949,0.0779971216703051,0.0662723115144349,10.360475
55,6,0.9106443794294604,0.0893556205705397,0.0749987097693569,9.751525
55,7,0.9052225864393884,0.0947774135606116,0.0833294815690064,9.51835
55,8,0.8925066946930157,0.1074933053069843,0.0904709107215942,8.779875
55,9,0.8793880530736371,0.1206119469263629,0.0979905861197522,7.9253
55,10,0.8793880530736371,0.1206119469263629,0.1056349139262121,8.107475
55,11,0.8675760666276925,0.1324239333723075,0.1111195745650312,7.358575
55,12,0.8605970391256531,0.1394029608743469,0.1175068079804303,6.9023
55,13,0.8513363814430434,0.1486636185569566,0.1233976466689725,6.328125
55,14,0.8475281741523505,0.1524718258476495,0.129406381583454,6.01735
55,15,0.8449250958700948,0.1550749041299052,0.1344281541205721,6.011925
55,16,0.8387259190375588,0.1612740809624412,0.1386934908329693,5.549275
55,17,0.8304891071485332,0.1695108928514668,0.1432124933304123,4.9817
55,18,0.8289048414687583,0.1710951585312417,0.1482062397940861,4.9476
55,19,0.8282426200073392,0.1717573799926608,0.1521059370200212,4.94325
55,20,0.8282426200073392,0.1717573799926608,0.1552276562335107,5.01855
55,21,0.8270586752142276,0.1729413247857724,0.1577701247166949,5.0477
55,22,0.8270586752142276,0.1729413247857724,0.160203723249376,5.124825
55,23,0.8243885363258469,0.1756114636741531,0.1622925053307474,4.93255
55,24,0.8219412893334354,0.1780587106665646,0.1647101258855034,4.768575
55,25,0.8124717058082966,0.1875282941917033,0.1672232942972653,3.91145
55,26,0.8028085886718989,0.1971914113281011,0.171245220115754,3.061775
55,27,0.7865955354272934,0.2134044645727065,0.1761224602135697,1.50695
55,28,0.7855370825805507,0.2144629174194493,0.1828825257810032,1.4484
55,29,0.7845955870976886,0.2154044129023113,0.1874258174978329,1.367725
55,30,0.784587208448745,0.215412791551255,0.1907142517348212,1.393975
55,31,0.7793798753335545,0.2206201246664455,0.1930862846583024,0.0
55,32,0.7793798753335545,0.2206201246664455,0.196077519230908,0.0
55,33,0.7764179351475811,0.2235820648524189,0.1982509113635212,0.0
55,34,0.77491116153593,0.22508883846407,0.2006081887145002,0.0
55,35,0.7721026220553676,0.2278973779446323,0.2027315056002216,0.0
55,36,0.7721026220553676,0.2278973779446323,0.2050043046633364,0.0
55,37,0.7705097044268481,0.2294902955731519,0.2067120796228675,0.0
55,38,0.7669192815380654,0.2330807184619345,0.2084442065358328,0.0
55,39,0.7608812601255802,0.2391187398744197,0.210642884750476,0.0
55,40,0.7608812601255802,0.2391187398744197,0.2136816231859057,0.0
55,41,0.7608812601255802,0.2391187398744197,0.2158030423856086,0.0
55,42,0.7608812601255802,0.2391187398744197,0.2173714171688899,0.0
55,43,0.7567899025413672,0.2432100974586327,0.2185997795117496,0.0
55,44,0.7567899025413672,0.2432100974586327,0.2205899664981872,0.0
55,45,0.7507187588120678,0.2492812411879321,0.2220548037341084,0.0
55,46,0.7507187588120678,0.2492812411879321,0.2246585314843059,0.0
55,47,0.7451856667884876,0.2548143332115123,0.2264841499970369,0.0
55,48,0.7451856667884876,0.2548143332115123,0.2291790445685461,0.0
55,49,0.7451856667884876,0.2548143332115123,0.2310527722701149,0.0
55,50,0.743767732415669,0.256232267584331,0.2324169845515633,0.0
55,51,0.743767732415669,0.256232267584331,0.2338119765153186,0.0
55,52,0.7362293695219148,0.2637706304780852,0.2348684828053311,0.0
55,53,0.7362293695219148,0.2637706304780852,0.2375953812688423,0.0
55,54,0.7362293695219148,0.2637706304780852,0.23947342550685,0.0
55,55,0.7362293695219148,0.2637706304780852,0.2408173537496688,0.0
55,56,0.7360483264297221,0.2639516735702779,0.2418215318208994,0.0
55,57,0.7360483264297221,0.2639516735702779,0.24265274683132,0.0
55,58,0.7303039710346075,0.2696960289653924,0.2433229278490561,0.0
55,59,0.7303039710346075,0.2696960289653924,0.2453666303133201,0.0
55,60,0.7303039710346075,0.2696960289653924,0.2467982274717321,0.0
55,61,0.7303039710346075,0.2696960289653924,0.2478368561302215,0.0
55,62,0.7303039710346075,0.2696960289653924,0.2486205532807899,0.0
55,63,0.7253829179547201,0.2746170820452799,0.2492366040504677,0.0
55,64,0.7243959609501639,0.2756040390498361,0.2510394384178657,0.0
55,65,0.7192844036757821,0.2807155963242179,0.2525662671191941,0.0
55,66,0.7184226971407014,0.2815773028592986,0.2550125963723598,0.0
55,67,0.7184226971407014,0.2815773028592986,0.2569217495820574,0.0
55,68,0.7162042114579533,0.2837957885420467,0.2582507413835953,0.0
55,69,0.7153800666146092,0.2846199333853908,0.2597993414809887,0.0
55,70,0.7112574764111844,0.2887425235888156,0.2611135359476981,0.0
55,71,0.7079199854034138,0.2920800145965861,0.2631718063587915,0.0
55,72,0.7079199854034138,0.2920800145965861,0.2655060539235555,0.0
55,73,0.7079199854034138,0.2920800145965861,0.2671079961355312,0.0
55,74,0.7079199854034138,0.2920800145965861,0.2682273306589858,0.0
55,75,0.7079199854034138,0.2920800145965861,0.2690267325205376,0.0
55,76,0.7079199854034138,0.2920800145965861,0.2696124623949002,0.0
55,77,0.7048775727218602,0.2951224272781397,0.2700541217978718,0.0
55,78,0.7039609550790296,0.2960390449209704,0.2712509383273229,0.0
55,79,0.7039609550790296,0.2960390449209704,0.2723520566043199,0.0
55,80,0.7039609550790296,0.2960390449209704,0.2731295889931666,0.0
55,81,0.7039609550790296,0.2960390449209704,0.2736893774675705,0.0
55,82,0.7039609550790296,0.2960390449209704,0.2741014671287068,0.0
55,83,0.6993625849409096,0.3006374150590903,0.2744123330330306,0.0
55,84,0.6993625849409096,0.3006374150590903,0.2759745040022671,0.0
56,1,0.9553104140209984,0.0446895859790016,0.0,11.6272
56,2,0.933761750081061,0.066238249918939,0.0312153814104069,10.35445
56,3,0.9235221168017098,0.0764778831982901,0.0437737638741871,9.927825
56,4,0.9045041313798876,0.0954958686201122,0.0544866801522435,8.7881
56,5,0.8755664107694673,0.1244335892305327,0.0648376329370643,6.8973
56,6,0.8708910047574033,0.1291089952425966,0.076021734569154,6.711175
56,7,0.8646775672842848,0.1353224327157152,0.0845064596739826,6.4223
56,8,0.849286395821684,0.150713604178316,0.0918637587675115,5.471175
56,9,0.839905816519512,0.1600941834804879,0.0999144344436017,4.8904
56,10,0.839905816519512,0.1600941834804879,0.1072418073632277,4.97655
56,11,0.8381032434984306,0.1618967565015694,0.1126213667776476,4.96975
56,12,0.8206516872313984,0.1793483127686016,0.1172839971730844,3.714675
56,13,0.8196148609018449,0.1803851390981551,0.1242245905271047,3.669
56,14,0.8114206313108241,0.1885793686891759,0.1292513423940893,3.09405
56,15,0.8105229751129058,0.1894770248870941,0.1346149227512221,3.112325
56,16,0.7997693601793792,0.2002306398206208,0.1387262916084804,2.252225
56,17,0.7997693601793792,0.2002306398206208,0.1440387376609605,2.289775
56,18,0.7932693227385318,0.2067306772614682,0.1478362069480052,1.780675
56,19,0.7863821885654603,0.2136178114345397,0.1521003010644493,1.309275
56,20,0.7827355585866232,0.2172644414133767,0.1566442056721952,1.0943
56,21,0.7810657316254791,0.2189342683745209,0.1606574680215871,1.0168
56,22,0.7810657316254791,0.2189342683745209,0.1639676981958019,1.03775
56,23,0.779167085886182,0.220832914113818,0.1665344727237261,0.0
56,24,0.7743963926876495,0.2256036073123505,0.1690644396673658,0.0
56,25,0.7657723798045434,0.2342276201954566,0.1721433058918829,0.0
56,26,0.7657723798045434,0.2342276201954566,0.1763106994521993,0.0
56,27,0.7610964406172736,0.2389035593827264,0.1792249504638809,0.0
56,28,0.7610964406172736,0.2389035593827264,0.1824401077851977,0.0
56,29,0.7610964406172736,0.2389035593827264,0.1847959168505548,0.0
56,30,0.760457731540431,0.239542268459569,0.186654494244371,0.0
56,31,0.7503031779455523,0.2496968220544476,0.1883530526442447,0.0
56,32,0.7503031779455523,0.2496968220544476,0.192048092602124,0.0
56,33,0.7488335396176587,0.2511664603823412,0.1946112341157977,0.0
56,34,0.7420728380864979,0.257927161913502,0.1968477624761929,0.0
56,35,0.7419139529414727,0.2580860470585273,0.200081322386384,0.0
56,36,0.7299623145554618,0.2700376854445382,0.2023877655118246,0.0
56,37,0.7299623145554618,0.2700376854445382,0.2068466333606483,0.0
56,38,0.7271237742347566,0.2728762257652434,0.2098199577520265,0.0
56,39,0.7265934240338403,0.2734065759661597,0.2125758998590517,0.0
56,40,0.7224305906261147,0.2775694093738853,0.2146624116903084,0.0
56,41,0.7178793302190312,0.2821206697809688,0.2171967357212985,0.0
56,42,0.7178793302190312,0.2821206697809688,0.2200870615067251,0.0
56,43,0.7178793302190312,0.2821206697809688,0.2221107727686022,0.0
56,44,0.7178793302190312,0.2821206697809688,0.2236074752589625,0.0
56,45,0.71725435261474,0.28274564738526,0.22477776402677,0.0
56,46,0.71725435261474,0.28274564738526,0.22589172178664,0.0
56,47,0.7106245911653063,0.2893754088346937,0.2268112127879821,0.0
56,48,0.7102748547649268,0.2897251452350732,0.2292198350603456,0.0
56,49,0.7084447781307196,0.2915552218692804,0.2310036393443666,0.0
56,50,0.7084447781307196,0.2915552218692804,0.2327635377862086,0.0
56,51,0.7068330178349459,0.2931669821650541,0.2340521362924233,0.0
56,52,0.7053361246013092,0.2946638753986907,0.2354442677726013,0.0
56,53,0.7035490711901934,0.2964509288098066,0.2368681294911087,0.0
56,54,0.7035490711901934,0.2964509288098066,0.2383812794350431,0.0
56,55,0.7035490711901934,0.2964509288098066,0.2394957592335498,0.0
56,56,0.7035490711901934,0.2964509288098066,0.2403548081253333,0.0
56,57,0.698744551270881,0.301255448729119,0.2410473448159781,0.0
56,58,0.696731711897591,0.303268288102409,0.2428617596118334,0.0
56,59,0.696731711897591,0.303268288102409,0.2446689287610025,0.0
56,60,0.696731711897591,0.303268288102409,0.2459496636363607,0.0
56,61,0.6928991004918905,0.3071008995081095,0.246891609622811,0.0
56,62,0.6928991004918905,0.3071008995081095,0.2486153657880167,0.0
56,63,0.692339357193101,0.307660642806899,0.2498344426179901,0.0
56,64,0.6836231074973531,0.3163768925026469,0.2508741268131572,0.0
56,65,0.6836231074973531,0.3163768925026469,0.2539584449943756,0.0
56,66,0.6836231074973531,0.3163768925026469,0.2560504887159886,0.0
56,67,0.6834417450614816,0.3165582549385184,0.2574998547988713,0.0
56,68,0.6809079169938471,0.3190920830061529,0.2585791211089298,0.0
56,69,0.6779624222728574,0.3220375777271426,0.2600503612346843,0.0
56,70,0.6732526262499238,0.3267473737500762,0.2618893805875175,0.0
56,71,0.6731946762852162,0.3268053237147837,0.2644510954401227,0.0
56,72,0.6722101960225381,0.3277898039774619,0.2662186804903728,0.0
56,73,0.6722101960225381,0.3277898039774619,0.2677189540683077,0.0
56,74,0.6722101960225381,0.3277898039774619,0.268771497242057,0.0
56,75,0.6722101960225381,0.3277898039774619,0.2695269544299205,0.0
56,76,0.6681851311272456,0.3318148688727543,0.2700837366509394,0.0
56,77,0.6681851311272456,0.3318148688727543,0.2716308236424641,0.0
56,78,0.6681851311272456,0.3318148688727543,0.2727082196750853,0.0
56,79,0.6681851311272456,0.3318148688727543,0.2734719610817324,0.0
56,80,0.6681851311272456,0.3318148688727543,0.2740248516270904,0.0
56,81,0.6681851311272456,0.3318148688727543,0.274434793686182,0.0
56,82,0.6681851311272456,0.3318148688727543,0.2747467569569158,0.0
56,83,0.6610968706595505,0.3389031293404495,0.2749906101297311,0.0
56,84,0.6610968706595505,0.3389031293404495,0.2772234758331416,0.0
57,1,1.0,0.0,0.0,14.99265
57,2,1.0,0.0,0.0312153814104069,15.5423
57,3,0.9973994526409516,0.0026005473590483,0.0426223575631783,15.6579
57,4,0.995530868993387,0.0044691310066129,0.0521061353215299,15.940425
57,5,0.9910074635787492,0.0089925364212507,0.0601101402175473,16.004975
57,6,0.97813299147968,0.0218670085203198,0.0672968543969053,15.351675
57,7,0.9677112774347756,0.0322887225652245,0.0748642751655236,14.754075
57,8,0.96661305929776,0.0333869407022401,0.082092575024416,15.05235
57,9,0.9626476063754464,0.0373523936245536,0.0876628736648192,15.0942
57,10,0.9568048771384416,0.0431951228615584,0.0927844666060496,14.91775
57,11,0.9508306184935114,0.0491693815064886,0.0978694884397912,14.65475
57,12,0.9433207684713156,0.0566792315286844,0.1028541832444379,14.18075
57,13,0.9293152658941088,0.0706847341058912,0.1079809692819184,13.21505
57,14,0.9283529316701556,0.0716470683298444,0.11428702384503,13.434675
57,15,0.9262111651615994,0.0737888348384006,0.1187514231792055,13.523025
57,16,0.9262111651615994,0.0737888348384006,0.1225033185231737,13.805225
57,17,0.9262111651615994,0.0737888348384006,0.1254437341819123,14.114925
57,18,0.923742157308998,0.076257842691002,0.1279195598027525,14.04235
57,19,0.923742157308998,0.076257842691002,0.1305850041964376,14.468825
57,20,0.9221981515978268,0.077801848402173,0.1328065910349689,14.55155
57,21,0.9109207213742736,0.0890792786257264,0.135062468347113,13.4579
57,22,0.9052380604016644,0.0947619395983355,0.1392754491235441,13.20695
57,23,0.9052380604016644,0.0947619395983355,0.1433575759375472,13.434875
57,24,0.9052380604016644,0.0947619395983355,0.1461860739852034,13.71075
57,25,0.904572233630562,0.095427766369438,0.1483257921239177,13.8583
57,26,0.9022767345559566,0.0977232654440434,0.1502097296611977,13.8743
57,27,0.8976935768627298,0.1023064231372702,0.1522767895742046,13.614775
57,28,0.8958297151266498,0.1041702848733502,0.1549157200979595,13.5036
57,29,0.8913645845274593,0.1086354154725407,0.1572696668369928,13.1976
57,30,0.8913645845274593,0.1086354154725407,0.1600203949748978,13.364375
57,31,0.884552104222112,0.115447895777888,0.162004384337711,12.798275
57,32,0.884552104222112,0.115447895777888,0.1650518459927632,12.961
57,33,0.884552104222112,0.115447895777888,0.1671819321589274,13.233875
57,34,0.884552104222112,0.115447895777888,0.1687787094050108,13.278675
57,35,0.882947793872483,0.1170522061275169,0.1700564476756668,13.312225
57,36,0.8805941170695913,0.1194058829304086,0.1715009621716957,13.379225
57,37,0.8805941170695913,0.1194058829304086,0.173202966392792,13.505725
57,38,0.8784144231023304,0.1215855768976695,0.1745052411787234,13.42815
57,39,0.8784144231023304,0.1215855768976695,0.1760675804684174,13.506075
57,40,0.8757795650788225,0.1242204349211775,0.1772679819091266,13.220175
57,41,0.8741560720595588,0.1258439279404412,0.1788623815350108,13.271925
57,42,0.8741560720595588,0.1258439279404412,0.1804476273586141,13.4805
57,43,0.8725734508655107,0.1274265491344892,0.1816369967478638,13.349675
57,44,0.8688803284275118,0.1311196715724881,0.1829585649166794,13.205375
57,45,0.8688803284275118,0.1311196715724881,0.1848609295232383,13.31275
57,46,0.8654147262745916,0.1345852737254084,0.1862232464765545,12.889575
57,47,0.8614314608315325,0.1385685391684674,0.1880925014678426,12.4777
57,48,0.8603906878139229,0.139609312186077,0.1903972475401582,12.360425
57,49,0.8603906878139229,0.139609312186077,0.1922495608571977,12.64905
57,50,0.8552197363121743,0.1447802636878257,0.1935653477880492,12.044075
57,51,0.8531744006297597,0.1468255993702403,0.195826928449719,11.848075
57,52,0.8508681553571332,0.1491318446428667,0.1978995787440234,11.5642
57,53,0.8508681553571332,0.1491318446428667,0.1999206859553468,11.774425
57,54,0.8508681553571332,0.1491318446428667,0.2013301458095057,11.947175
57,55,0.8508681553571332,0.1491318446428667,0.2023538155048299,12.0046
57,56,0.8505968946674786,0.1494031053325214,0.2031312109619693,12.096875
57,57,0.8485436287399688,0.1514563712600312,0.203818174076049,11.8654
57,58,0.8449754754203836,0.1550245245796163,0.2049008969762576,11.398225
57,59,0.8415269170977538,0.1584730829022461,0.2066234921630392,10.956175
57,60,0.8415269170977538,0.1584730829022461,0.208723524285281,11.07215
57,61,0.8406265664918156,0.1593734335081844,0.2101692996220676,11.0389
57,62,0.8406265664918156,0.1593734335081844,0.211430828820729,11.345425
57,63,0.8406265664918156,0.1593734335081844,0.2123364472966739,11.310075
57,64,0.8382494650676536,0.1617505349323463,0.2130105821609981,10.946675
57,65,0.8382494650676536,0.1617505349323463,0.2141627018194812,11.16195
57,66,0.8382494650676536,0.1617505349323463,0.2149903111784831,11.06285
57,67,0.8371042657907033,0.1628957342092967,0.2156052701242294,11.2284
57,68,0.8371042657907033,0.1628957342092967,0.2163870933158989,11.39835
57,69,0.8371042657907033,0.1628957342092967,0.2169668124682937,11.491
57,70,0.8371042657907033,0.1628957342092967,0.2174120090116131,11.675125
57,71,0.8366751940012683,0.1633248059987316,0.2177663772114872,11.491975
57,72,0.8365002876819939,0.163499712318006,0.218175638194916,11.61765
57,73,0.8342136050265169,0.1657863949734831,0.2185487325941246,11.19495
57,74,0.8342136050265169,0.1657863949734831,0.2194780933990322,11.572875
57,75,0.8342136050265169,0.1657863949734831,0.2201410884909541,11.398925
57,76,0.8342136050265169,0.1657863949734831,0.220626238078771,11.6006
57,77,0.8342136050265169,0.1657863949734831,0.2209915219009693,11.8442
57,78,0.8342136050265169,0.1657863949734831,0.2212750271296086,11.79475
57,79,0.829432610848655,0.1705673891513449,0.2215018535705929,10.801825
57,80,0.829432610848655,0.1705673891513449,0.2230408607335104,11.0488
57,81,0.8269789743318023,0.1730210256681976,0.2241015800549414,10.71225
57,82,0.8269789743318023,0.1730210256681976,0.2255415162196715,10.797625
57,83,0.8230427020182178,0.1769572979817821,0.2265349879048509,10.04265
57,84,0.8230427020182178,0.1769572979817821,0.2283595378014221,10.073225
58,1,0.9763887260979924,0.0236112739020075,0.0,13.22565
58,2,0.947933167061366,0.052066832938634,0.0312153814104069,11.4655
58,3,0.9295627824837684,0.0704372175162316,0.044142818894302,10.38665
58,4,0.9196685960665908,0.0803314039334091,0.0556928891825068,9.908525
58,5,0.9115874028095284,0.0884125971904715,0.0655636953835518,9.5612
58,6,0.8988948657527462,0.1011051342472537,0.0742045127631902,8.815925
58,7,0.8846770582627858,0.1153229417372142,0.0826372890489098,7.95045
58,8,0.8719582103061997,0.1280417896938003,0.091029093240708,7.1741
58,9,0.8719582103061997,0.1280417896938003,0.0990842251820845,7.341825
58,10,0.8692406359107273,0.1307593640892727,0.1049142297066253,7.289675
58,11,0.8592038956397196,0.1407961043602804,0.1100414733770719,6.60815
58,12,0.857669142833953,0.142330857166047,0.1159487203315763,6.67895
58,13,0.8479576622347326,0.1520423377652674,0.1206437981006296,5.997475
58,14,0.8448569320462035,0.1551430679537965,0.1261442888250605,5.913125
58,15,0.8424595413986292,0.1575404586013707,0.1307591273506342,5.788025
58,16,0.8424595413986292,0.1575404586013707,0.1347536546001286,5.93375
58,17,0.8418255582398447,0.1581744417601552,0.1379236840542074,5.921125
58,18,0.8310486410543807,0.1689513589456193,0.1407375071854166,5.125725
58,19,0.8283075233089053,0.1716924766910946,0.1452972144668344,4.9153
58,20,0.8221625802131238,0.1778374197868761,0.1491208371614972,4.4807
58,21,0.8137219097210625,0.1862780902789375,0.1532222295805161,3.731375
58,22,0.8080259603377652,0.1919740396622348,0.157914592904567,3.280275
58,23,0.8012232757392977,0.1987767242607022,0.1623451909370929,2.704725
58,24,0.8012232757392977,0.1987767242607022,0.1668592608496625,2.733625
58,25,0.7999810728921094,0.2000189271078906,0.1699877310305892,2.68695
58,26,0.7999810728921094,0.2000189271078906,0.1726123392463969,2.776175
58,27,0.7999810728921094,0.2000189271078906,0.1746748697661438,2.774825
58,28,0.7993611381115989,0.200638861888401,0.176402662675439,2.752825
58,29,0.7993611381115989,0.200638861888401,0.1780525764977574,2.82315
58,30,0.7876583484733196,0.2123416515266803,0.1794985806499313,1.6848
58,31,0.7863547125027656,0.2136452874972344,0.1833796622980747,1.58005
58,32,0.7811942622023637,0.2188057377976363,0.1863320639511703,1.1932
58,33,0.7796577105752297,0.2203422894247703,0.1896108317357622,0.0
58,34,0.7761155843901019,0.2238844156098981,0.1922598173213361,0.0
58,35,0.7754883527650729,0.2245116472349271,0.194993068499079,0.0
58,36,0.7706837224297188,0.2293162775702811,0.1971066554461427,0.0
58,37,0.7700793503019199,0.2299206496980801,0.1998070621239933,0.0
58,38,0.7700793503019199,0.2299206496980801,0.2018793506322069,0.0
58,39,0.767667315815531,0.2323326841844689,0.2034346508917601,0.0
58,40,0.7623898747243975,0.2376101252756025,0.205236547397525,0.0
58,41,0.7623898747243975,0.2376101252756025,0.2078494003913334,0.0
58,42,0.7597132408432676,0.2402867591567323,0.2096995737292451,0.0
58,43,0.7597132408432676,0.2402867591567323,0.2117216588935427,0.0
58,44,0.7513742299263165,0.2486257700736834,0.2132043189793436,0.0
58,45,0.7495807817064137,0.2504192182935862,0.2163548812815197,0.0
58,46,0.7495807817064137,0.2504192182935862,0.2189426637039949,0.0
58,47,0.7487285112151271,0.2512714887848729,0.2207524724772102,0.0
58,48,0.7461749145201333,0.2538250854798667,0.2222901614749219,0.0
58,49,0.7424122983189824,0.2575877016810176,0.2240731462290217,0.0
58,50,0.7424122983189824,0.2575877016810176,0.2263026390342687,0.0
58,51,0.7424122983189824,0.2575877016810176,0.2278760408578324,0.0
58,52,0.7424122983189824,0.2575877016810176,0.2290384041891772,0.0
58,53,0.7423446603521539,0.2576553396478461,0.2299395063093784,0.0
58,54,0.7397740332583395,0.2602259667416605,0.2306883780284902,0.0
58,55,0.7365271783881947,0.2634728216118053,0.2319685391808331,0.0
58,56,0.7304975724748483,0.2695024275251517,0.2337518764863995,0.0
58,57,0.7297380618886922,0.2702619381113078,0.2365629580943984,0.0
58,58,0.7297380618886922,0.2702619381113078,0.2386767697308763,0.0
58,59,0.7297380618886922,0.2702619381113078,0.2401525001182847,0.0
58,60,0.7274417301212774,0.2725582698787225,0.2412199472526577,0.0
58,61,0.7274417301212774,0.2725582698787225,0.2426211780636991,0.0
58,62,0.7249156739279,0.2750843260721,0.2436343456518724,0.0
58,63,0.7249156739279,0.2750843260721,0.2450590585213674,0.0
58,64,0.7249156739279,0.2750843260721,0.2460811833392677,0.0
58,65,0.7247781214839638,0.2752218785160362,0.2468408521082445,0.0
58,66,0.7234946397832155,0.2765053602167845,0.2474640491960643,0.0
58,67,0.7234946397832155,0.2765053602167845,0.2483018644129595,0.0
58,68,0.7219925194028066,0.2780074805971934,0.2489319470490036,0.0
58,69,0.7208811054046093,0.2791188945953907,0.2498290272779283,0.0
58,70,0.7208811054046093,0.2791188945953907,0.2507928452613791,0.0
58,71,0.7207763136912319,0.2792236863087681,0.2514961470138598,0.0
58,72,0.7186959613044177,0.2813040386955823,0.2520546859002603,0.0
58,73,0.7186959613044177,0.2813040386955823,0.2530580167841336,0.0
58,74,0.7133074027019144,0.2866925972980856,0.2537798242704566,0.0
58,75,0.7096657833610979,0.2903342166389021,0.2558065625791066,0.0
58,76,0.7096657833610979,0.2903342166389021,0.2582140893699362,0.0
58,77,0.7096657833610979,0.2903342166389021,0.2598604028620976,0.0
58,78,0.7096657833610979,0.2903342166389021,0.2610014809899983,0.0
58,79,0.7063576133733198,0.2936423866266802,0.2618055531701474,0.0
58,80,0.7063576133733198,0.2936423866266802,0.2633191289534895,0.0
58,81,0.7034969104498247,0.2965030895501753,0.2643688679296294,0.0
58,82,0.702223783187219,0.297776216812781,0.2659230676482449,0.0
58,83,0.7007566053347918,0.2992433946652082,0.2673626825175618,0.0
58,84,0.6937973847020937,0.3062026152979062,0.2687818352123207,0.0
59,1,0.9688412691917704,0.0311587308082295,0.0,12.682625
59,2,0.961153765543622,0.0388462344563781,0.0312153814104069,12.419875
59,3,0.9222262325786578,0.0777737674213422,0.0430331227150714,9.862425
59,4,0.9118026691217868,0.0881973308782132,0.0555761540690274,9.307725
59,5,0.897485875016845,0.102514124983155,0.0658686043177495,8.4787
59,6,0.8899679574225847,0.1100320425774152,0.0754080929680379,8.133025
59,7,0.8855144466408985,0.1144855533591014,0.0835829052607953,7.991075
59,8,0.8740719364443285,0.1259280635556715,0.0905345752937699,7.311625
59,9,0.8666760752418051,0.1333239247581948,0.0977867249893181,6.972075
59,10,0.8614025385910772,0.1385974614089228,0.1044100131123944,6.70455
59,11,0.8553351329699063,0.1446648670300937,0.110292441733976,6.307575
59,12,0.8484263134177775,0.1515736865822224,0.1158642013268857,5.9339
59,13,0.8481769203745763,0.1518230796254237,0.121347853218598,5.991725
59,14,0.8398308886936853,0.1601691113063147,0.1255213153784939,5.432375
59,15,0.8335924606083029,0.166407539391697,0.1304679996519775,5.02215
59,16,0.8285974855615758,0.1714025144384242,0.1353379315610596,4.680425
59,17,0.8243813807342901,0.1756186192657098,0.139890701604556,4.416275
59,18,0.8230714082273112,0.1769285917726888,0.144095712769656,4.43195
59,19,0.8139169754091465,0.1860830245908534,0.1475170906026953,3.6703
59,20,0.8135026677469934,0.1864973322530065,0.1520547287764536,3.686225
59,21,0.8074779013508643,0.1925220986491357,0.155386420266928,3.188075
59,22,0.8074779013508643,0.1925220986491357,0.1592005651633004,3.255425
59,23,0.8062412031493628,0.1937587968506372,0.1620068458628174,3.1567
59,24,0.8029818815260841,0.1970181184739159,0.1645048153681979,2.948925
59,25,0.8009283965932115,0.1990716034067885,0.1672301857685479,2.74265
59,26,0.8009283965932115,0.1990716034067885,0.1697982599771248,2.858275
59,27,0.7907298362882423,0.2092701637117576,0.1718196985199242,1.85845
59,28,0.7823009996641884,0.2176990003358115,0.1757078542180289,1.20325
59,29,0.7823009996641884,0.2176990003358115,0.1802401177659074,1.213225
59,30,0.7823009996641884,0.2176990003358115,0.1832955324330446,1.226425
59,31,0.7766465532658092,0.2233534467341907,0.1855146561624305,0.0
59,32,0.7731087133894894,0.2268912866105106,0.1884990900695071,0.0
59,33,0.7731087133894894,0.2268912866105106,0.1914393690214661,0.0
59,34,0.7685169574354438,0.2314830425645562,0.1935540966094139,0.0
59,35,0.7685169574354438,0.2314830425645562,0.196220335397205,0.0
59,36,0.7676657104586795,0.2323342895413205,0.1981549387064002,0.0
59,37,0.7649631307492625,0.2350368692507375,0.1998481010063299,0.0
59,38,0.76333260524572,0.23666739475428,0.2018151541683358,0.0
59,39,0.7602644207392943,0.2397355792607056,0.2036864694225417,0.0
59,40,0.7602644207392943,0.2397355792607056,0.2058283801422841,0.0
59,41,0.7591205788256224,0.2408794211743775,0.2074059356907614,0.0
59,42,0.7591205788256224,0.2408794211743775,0.2089081275561418,0.0
59,43,0.7591082883209719,0.2408917116790281,0.2100855982990596,0.0
59,44,0.7519484032628484,0.2480515967371516,0.2110610407400332,0.0
59,45,0.7501096954239662,0.2498903045760337,0.2136196591544323,0.0
59,46,0.7490593934252435,0.2509406065747565,0.2158561699998523,0.0
59,47,0.7488090520386382,0.2511909479613617,0.2177035378223054,0.0
59,48,0.7442346192391645,0.2557653807608355,0.2191142906521214,0.0
59,49,0.7442346192391645,0.2557653807608355,0.2213118630808124,0.0
59,50,0.7377263367109793,0.2622736632890207,0.2228667556313284,0.0
59,51,0.7377263367109793,0.2622736632890207,0.2256327944543631,0.0
59,52,0.7359182175022028,0.2640817824977972,0.2275333606140248,0.0
59,53,0.7354592727632437,0.2645407272367562,0.2293455721800779,0.0
59,54,0.7336719893454648,0.2663280106545351,0.2307616298901264,0.0
59,55,0.7336719893454648,0.2663280106545351,0.2322618983491209,0.0
59,56,0.7284587047970503,0.2715412952029497,0.2333587107713828,0.0
59,57,0.7284587047970503,0.2715412952029497,0.2355281272221975,0.0
59,58,0.7284587047970503,0.2715412952029497,0.2370405400400479,0.0
59,59,0.7257184655650053,0.2742815344349947,0.2381338167947309,0.0
59,60,0.7227492779895718,0.2772507220104282,0.239666811474245,0.0
59,61,0.7227492779895718,0.2772507220104282,0.2415394324407527,0.0
59,62,0.7157181948730069,0.2842818051269931,0.24285365761279,0.0
59,63,0.7131728553201798,0.2868271446798202,0.2456548560116576,0.0
59,64,0.7131728553201798,0.2868271446798202,0.2482344340168738,0.0
59,65,0.7119970045588575,0.2880029954411425,0.2499992512245619,0.0
59,66,0.7081855316202934,0.2918144683797066,0.2515500200862376,0.0
59,67,0.7057927159527227,0.2942072840472772,0.2536668755398639,0.0
59,68,0.7057927159527227,0.2942072840472772,0.2557728107937726,0.0
59,69,0.7057927159527227,0.2942072840472772,0.2572275501468263,0.0
59,70,0.7054182414117326,0.2945817585882674,0.2582562168999571,0.0
59,71,0.7054182414117326,0.2945817585882674,0.2591060930767074,0.0
59,72,0.7054182414117326,0.2945817585882674,0.2597341398040711,0.0
59,73,0.7054182414117326,0.2945817585882674,0.2602136259004835,0.0
59,74,0.7054182414117326,0.2945817585882674,0.2605922622008786,0.0
59,75,0.7054182414117326,0.2945817585882674,0.2609012268548822,0.0
59,76,0.7021111975732879,0.2978888024267121,0.261160976392038,0.0
59,77,0.7021111975732879,0.2978888024267121,0.2623089091657686,0.0
59,78,0.6985094345750676,0.3014905654249323,0.2631196130882821,0.0
59,79,0.6985094345750676,0.3014905654249323,0.2647188977119125,0.0
59,80,0.6967907278745217,0.3032092721254783,0.2658271724431042,0.0
59,81,0.6866975436170616,0.3133024563829384,0.267094781383027,0.0
59,82,0.6866975436170616,0.3133024563829384,0.2708572902276377,0.0
59,83,0.6859951832736663,0.3140048167263337,0.2734128539357177,0.0
59,84,0.6813673272767523,0.3186326727232477,0.2753620314285063,0.0
60,1,1.0,0.0,0.0,14.966475
60,2,0.9972069076966456,0.0027930923033544,0.0312153814104069,15.2406
60,3,0.9909673918656708,0.0090326081343291,0.0427716004171332,15.178175
60,4,0.9844202833002652,0.0155797166997349,0.0526212893773561,15.0743
60,5,0.9706897068314242,0.0293102931685758,0.0612664162707399,14.319075
60,6,0.9570613662146878,0.0429386337853121,0.0698292684060553,13.510675
60,7,0.9456277717458552,0.0543722282541446,0.0781521359380933,12.83055
60,8,0.9366452589358047,0.0633547410641952,0.0859467235171548,12.385475
60,9,0.9366452589358047,0.0633547410641952,0.0930455818833175,12.666925
60,10,0.933736450157597,0.066263549842403,0.0983224376354461,12.730475
60,11,0.9248376584789514,0.0751623415210486,0.1031057442199739,12.264
60,12,0.9248376584789514,0.0751623415210486,0.1085453945344969,12.54235
60,13,0.9150617062551354,0.0849382937448646,0.1126477688807214,11.918875
60,14,0.9109038294346984,0.0890961705653015,0.1177807689665691,11.845275
60,15,0.90302241908886,0.09697758091114,0.1223203506692501,11.274625
60,16,0.901820056657599,0.0981799433424009,0.1272199269154493,11.36
60,17,0.901820056657599,0.0981799433424009,0.1309903027793357,11.620025
60,18,0.9015393614073594,0.0984606385926406,0.1339207144366841,11.767375
60,19,0.8989645814298995,0.1010354185701004,0.1364280383519231,11.826175
60,20,0.8933076124963969,0.1066923875036031,0.1391206379908072,11.4548
60,21,0.8933076124963969,0.1066923875036031,0.1424837997449151,11.682725
60,22,0.8886482896379814,0.1113517103620186,0.1450166551145553,11.389875
60,23,0.8799208599320321,0.1200791400679679,0.1480381661965925,10.67
60,24,0.8799208599320321,0.1200791400679679,0.1521400360470648,10.984475
60,25,0.8796848806416131,0.1203151193583869,0.1549850616412823,11.01275
60,26,0.8751697054407139,0.124830294559286,0.1571844910330258,10.698
60,27,0.8737020512840464,0.1262979487159535,0.1599220186014851,10.647275
60,28,0.8721486107641531,0.1278513892358469,0.1622845169207444,10.658625
60,29,0.8691655777730887,0.1308344222269113,0.1644420852369705,10.48475
60,30,0.8659925609164484,0.1340074390835516,0.1667813016315165,10.3162
60,31,0.8572096031528145,0.1427903968471855,0.169251405356087,9.440575
60,32,0.855540634437637,0.144459365562363,0.1730282596753953,9.400575
60,33,0.8521962576062455,0.1478037423937545,0.1759639953495282,9.1063
60,34,0.8483111974310814,0.1516888025689186,0.1787919822564146,8.788525
60,35,0.8483111974310814,0.1516888025689186,0.1816768979008061,8.94635
60,36,0.8483111974310814,0.1516888025689186,0.1837087588431619,9.13715
60,37,0.84798975202222,0.1520102479777799,0.1852363172489265,9.08575
60,38,0.84798975202222,0.1520102479777799,0.1865320531128774,9.2769
60,39,0.844591434857831,0.155408565142169,0.1876054245437128,8.92265
60,40,0.842027773811704,0.1579722261882959,0.189327754704032,8.80855
60,41,0.842027773811704,0.1579722261882959,0.1912331221225302,8.9983
60,42,0.842027773811704,0.1579722261882959,0.1926381224349335,9.02675
60,43,0.8354512107652265,0.1645487892347734,0.1937357494695866,8.162275
60,44,0.8329735383921196,0.1670264616078803,0.1962090901996706,8.011125
60,45,0.8284420443060997,0.1715579556939003,0.1985313895602206,7.53475
60,46,0.8283511516804772,0.1716488483195227,0.2012573009562565,7.482475
60,47,0.8283511516804772,0.1716488483195227,0.2031544328448128,7.5829
60,48,0.8283511516804772,0.1716488483195227,0.2045198499878684,7.7056
60,49,0.8283511516804772,0.1716488483195227,0.2055538773499126,7.831375
60,50,0.8283511516804772,0.1716488483195227,0.2063775882862873,7.966725
60,51,0.8283511516804772,0.1716488483195227,0.2070645943751897,7.924225
60,52,0.8283511516804772,0.1716488483195227,0.2076599539980366,8.203125
60,53,0.8270246272015839,0.1729753727984161,0.2081914693081083,7.98245
60,54,0.8245852194195727,0.1754147805804272,0.209010231997032,7.7296
60,55,0.8245852194195727,0.1754147805804272,0.2102859039436069,7.8167
60,56,0.8245852194195727,0.1754147805804272,0.2112269795562363,7.8682
60,57,0.8200721673939575,0.1799278326060425,0.2119529731743465,7.24205
60,58,0.8159851661484897,0.1840148338515103,0.2136964422455346,6.657075
60,59,0.8159851661484897,0.1840148338515103,0.2159769684306564,6.784925
60,60,0.8159851661484897,0.1840148338515103,0.2175435075758944,6.77705
60,61,0.811523764940384,0.1884762350596159,0.2186533839350678,6.2306
60,62,0.811523764940384,0.1884762350596159,0.2206354433080379,6.2364
60,63,0.8085448167229,0.1914551832770999,0.2220074626072644,5.834225
60,64,0.8078838485920508,0.1921161514079492,0.2237720956102566,5.82035
60,65,0.8068367983904704,0.1931632016095296,0.2251767002904855,5.596675
60,66,0.8068367983904704,0.1931632016095296,0.22645070316748,5.710275
60,67,0.8068367983904704,0.1931632016095296,0.2273591292373936,5.871975
60,68,0.8035191749160385,0.1964808250839614,0.2280278391759107,5.245225
60,69,0.8035191749160385,0.1964808250839614,0.2294333865786952,5.298175
60,70,0.8035191749160385,0.1964808250839614,0.2304213849211481,5.34305
60,71,0.803350446374182,0.196649553625818,0.23113458522752,5.423825
60,72,0.7968580837883108,0.2031419162116892,0.2317115306560569,4.309825
60,73,0.7940936027920706,0.2059063972079293,0.2339337295884604,3.809175
60,74,0.7940936027920706,0.2059063972079293,0.2362160864634911,3.87925
60,75,0.7940936027920706,0.2059063972079293,0.2377755719991839,3.883425
60,76,0.7940936027920706,0.2059063972079293,0.2388571859804517,3.97705
60,77,0.7923016650933556,0.2076983349066443,0.2396212467900479,3.65125
60,78,0.7923016650933556,0.2076983349066443,0.240675623491523,3.67145
60,79,0.7923016650933556,0.2076983349066443,0.2414185151349809,3.73575
60,80,0.7923016650933556,0.2076983349066443,0.2419523607635351,3.7333
60,81,0.788715451625714,0.211284548374286,0.242344811126949,3.10745
60,82,0.788715451625714,0.211284548374286,0.2436632001513748,3.13805
60,83,0.7886900757371778,0.2113099242628222,0.2445775191634475,3.2269
60,84,0.7886900757371778,0.2113099242628222,0.245227009024311,3.263775
61,1,0.9923889041985456,0.0076110958014544,0.0,14.42095
61,2,0.9640363719312246,0.0359636280687754,0.0312153814104069,12.6477
61,3,0.9481159124914732,0.0518840875085269,0.0441373138814292,11.775475
61,4,0.9270415155059069,0.0729584844940932,0.0554932749544586,10.491175
61,5,0.9180858022429522,0.0819141977570477,0.066372978391177,10.065075
61,6,0.912340917086284,0.0876590829137159,0.0755516009457463,9.893
61,7,0.9091837551755564,0.0908162448244436,0.0833620608020305,9.83305
61,8,0.9091837551755564,0.0908162448244436,0.089976534141078,10.1528
61,9,0.8895751988411754,0.1104248011588245,0.0953589920718446,8.74
61,10,0.8817667542814127,0.1182332457185872,0.1030541321309343,8.3814
61,11,0.8794206565182825,0.1205793434817175,0.1097921093159361,8.2979
61,12,0.8767446953142753,0.1232553046857246,0.115102150412113,8.233
61,13,0.8675786309337928,0.1324213690662071,0.1197134702041951,7.616025
61,14,0.8636892699040573,0.1363107300959427,0.125064956643038,7.493675
61,15,0.8573312419118627,0.1426687580881372,0.1297421012204175,7.126675
61,16,0.85037457254864,0.1496254274513599,0.134498006186786,6.57645
61,17,0.8395493130426136,0.1604506869573864,0.1393615544035299,5.77455
61,18,0.8395493130426136,0.1604506869573864,0.1449946836465305,5.90965
61,19,0.8322924760373347,0.1677075239626653,0.1488792285149177,5.34095
61,20,0.8314301809608553,0.1685698190391447,0.1532830386709871,5.334425
61,21,0.8314301809608553,0.1685698190391447,0.1566438111646299,5.4603
61,22,0.8301008189997637,0.1698991810002362,0.1592540442673123,5.3599
61,23,0.8265349872691465,0.1734650127308534,0.1617037882613912,5.14615
61,24,0.8265349872691465,0.1734650127308534,0.1644954805045226,5.28015
61,25,0.8261847807295842,0.1738152192704157,0.1666944649984792,5.2977
61,26,0.8153521725477412,0.1846478274522588,0.1686167401853999,4.3086
61,27,0.8153521725477412,0.1846478274522588,0.1725931030307048,4.369725
61,28,0.8145108829790099,0.1854891170209901,0.1753619480954971,4.325
61,29,0.8142962079957003,0.1857037920042996,0.1776311523683083,4.36075
61,30,0.8142962079957003,0.1857037920042996,0.1794671730259976,4.4812
61,31,0.8101242567235621,0.1898757432764378,0.1809927088122727,4.080425
61,32,0.8100249250053434,0.1899750749946566,0.1832458976838662,4.144775
61,33,0.8035607943480562,0.1964392056519438,0.18499137924682,3.433125
61,34,0.8020024325961731,0.1979975674038269,0.1878605461775596,3.333575
61,35,0.7951999247304112,0.2048000752695887,0.1902625193843621,2.57375
61,36,0.793302386273092,0.2066976137269079,0.1935801026765159,2.4214
61,37,0.7860681002056816,0.2139318997943183,0.1963081574072636,1.681725
61,38,0.7837954860561543,0.2162045139438456,0.1999178468010483,1.494775
61,39,0.7831470767034557,0.2168529232965442,0.2028999282414124,1.41605
61,40,0.7819232595819506,0.2180767404180493,0.2051322379996527,1.3494
61,41,0.7819232595819506,0.2180767404180493,0.2070494714335219,1.421425
61,42,0.7803146780959395,0.2196853219040605,0.2084837975357076,1.25085
61,43,0.7803146780959395,0.2196853219040605,0.2100017655493384,1.28365
61,44,0.7732686245400658,0.2267313754599341,0.2111790019639815,0.0
61,45,0.7732686245400658,0.2267313754599341,0.2138323581622114,0.0
61,46,0.7732686245400658,0.2267313754599341,0.2156829076301041,0.0
61,47,0.7716206614751696,0.2283793385248304,0.2170401786801341,0.0
61,48,0.7702295327138575,0.2297704672861424,0.2184914717480124,0.0
61,49,0.7667190757766936,0.2332809242233063,0.2199327258909032,0.0
61,50,0.7642198903693064,0.2357801096306936,0.2218857550707165,0.0
61,51,0.7638847988799454,0.2361152011200545,0.2239036943735354,0.0
61,52,0.7636403589624198,0.2363596410375802,0.2254221132984203,0.0
61,53,0.7636403589624198,0.2363596410375802,0.2266032971900505,0.0
61,54,0.7566468904078847,0.2433531095921153,0.2275076650750623,0.0
61,55,0.753190339570121,0.2468096604298789,0.2300014638527322,0.0
61,56,0.7530232950157228,0.2469767049842771,0.2325998083694153,0.0
61,57,0.7524423141790768,0.2475576858209232,0.2344270161422321,0.0
61,58,0.7524423141790768,0.2475576858209232,0.2358713996582019,0.0
61,59,0.7524423141790768,0.2475576858209232,0.2369208584114957,0.0
61,60,0.7524423141790768,0.2475576858209232,0.2377153703120581,0.0
61,61,0.7524423141790768,0.2475576858209232,0.2383429210097399,0.0
61,62,0.7516479996941815,0.2483520003058185,0.2388590586907381,0.0
61,63,0.7452605005365687,0.2547394994634313,0.2395077363913959,0.0
61,64,0.7446933618221027,0.2553066381778973,0.2417144516680762,0.0
61,65,0.7446933618221027,0.2553066381778973,0.2433865698720747,0.0
61,66,0.7446933618221027,0.2553066381778973,0.2445616284866668,0.0
61,67,0.7431690826796887,0.2568309173203112,0.2454125612810295,0.0
61,68,0.7431690826796887,0.2568309173203112,0.2464598660719238,0.0
61,69,0.7431690826796887,0.2568309173203112,0.2472222659404347,0.0
61,70,0.742007953354408,0.257992046645592,0.247796008095148,0.0
61,71,0.7391720038196931,0.2608279961803069,0.2485595191908694,0.0
61,72,0.7391720038196931,0.2608279961803069,0.2499037804113048,0.0
61,73,0.7391720038196931,0.2608279961803069,0.2508512873714882,0.0
61,74,0.7361588527155698,0.2638411472844302,0.2515358063501223,0.0
61,75,0.7361588527155698,0.2638411472844302,0.2528793265258364,0.0
61,76,0.7361588527155698,0.2638411472844302,0.25382136665124,0.0
61,77,0.7361588527155698,0.2638411472844302,0.2544959373015757,0.0
61,78,0.7265938265349151,0.2734061734650849,0.2549909694984009,0.0
61,79,0.7265938265349151,0.2734061734650849,0.258058683541817,0.0
61,80,0.7265938265349151,0.2734061734650849,0.2601444226412321,0.0
61,81,0.7265938265349151,0.2734061734650849,0.2615756875843233,0.0
61,82,0.7265938265349151,0.2734061734650849,0.2625690217799872,0.0
61,83,0.7265938265349151,0.2734061734650849,0.2632679173888523,0.0
61,84,0.7260340758903183,0.2739659241096817,0.2637676717585896,0.0
62,1,0.9819719207154473,0.0180280792845527,0.0,13.573125
62,2,0.9694812162326194,0.0305187837673805,0.0312153814104069,13.0786
62,3,0.9581314841717318,0.0418685158282682,0.0432897713764226,12.5653
62,4,0.9513238812701664,0.0486761187298335,0.0538230497303126,12.375375
62,5,0.9424836493071126,0.0575163506928874,0.0628515865942808,11.972275
62,6,0.9353142588420704,0.0646857411579294,0.0710935759836892,11.71085
62,7,0.9133856348431202,0.0866143651568798,0.0785148166797875,10.233875
62,8,0.9040609587195764,0.0959390412804236,0.0874304782784577,9.744175
62,9,0.8983344319531704,0.1016655680468295,0.0950891002237567,9.465275
62,10,0.8916161443735602,0.1083838556264398,0.1015564892809132,9.1397
62,11,0.8879718324090854,0.1120281675909146,0.1075503368447362,9.051025
62,12,0.8854996135410337,0.1145003864589663,0.1127113420783858,8.989075
62,13,0.8810399412940217,0.1189600587059782,0.1171833202859087,8.7891
62,14,0.8774073366124228,0.1225926633875772,0.12159105558289,8.7176
62,15,0.8737330764882277,0.1262669235117722,0.1257365920139131,8.531625
62,16,0.8680486468019941,0.1319513531980058,0.1296943522850828,8.2311
62,17,0.8680486468019941,0.1319513531980058,0.1338837168548956,8.37935
62,18,0.8680486468019941,0.1319513531980058,0.1370443805723414,8.485325
62,19,0.8647868684610541,0.1352131315389458,0.1396347099962376,8.364275
62,20,0.8633412120136761,0.1366587879863239,0.1425273541500364,8.4312
62,21,0.8633412120136761,0.1366587879863239,0.1451662100142731,8.588275
62,22,0.8572915678029046,0.1427084321970954,0.1473388363542547,8.109225
62,23,0.8517192964223167,0.1482807035776833,0.1504694846488279,7.71105
62,24,0.8483527230714002,0.1516472769285998,0.1539852643671574,7.41615
62,25,0.8425236711908922,0.1574763288091077,0.157231019513306,6.9413
62,26,0.8358323325860497,0.1641676674139502,0.1608378975274823,6.378875
62,27,0.8313101549866332,0.1686898450133668,0.1648175370555888,6.021125
62,28,0.8311938635974316,0.1688061364025683,0.1685337977880645,6.1251
62,29,0.8258419427928209,0.1741580572071791,0.1711471109730153,5.6526
62,30,0.8232148992234692,0.1767851007765307,0.1742768805422739,5.430625
62,31,0.8198649236171756,0.1801350763828244,0.1770904568205863,5.171425
62,32,0.8198649236171756,0.1801350763828244,0.179877845011561,5.2061
62,33,0.8170455678416788,0.1829544321583212,0.1818962455678877,4.937125
62,34,0.8170455678416788,0.1829544321583212,0.1840957938537391,5.029425
62,35,0.8170455678416788,0.1829544321583212,0.185752627301952,5.15605
62,36,0.8170455678416788,0.1829544321583212,0.1870827408950154,5.261575
62,37,0.8119379420045045,0.1880620579954954,0.1882087193984171,4.643925
62,38,0.8094969909833901,0.1905030090166098,0.1903776972880347,4.372875
62,39,0.8028565246586618,0.1971434753413382,0.192536369312696,3.6625
62,40,0.8028565246586618,0.1971434753413382,0.1956633970942497,3.731025
62,41,0.8011454408812536,0.1988545591187464,0.1978103687942824,3.5557
62,42,0.8003101718341634,0.1996898281658365,0.1997723761409504,3.52265
62,43,0.7939761551821238,0.2060238448178761,0.2014112947916857,2.7165
62,44,0.7939761551821238,0.2060238448178761,0.2041620303841334,2.772025
62,45,0.7907577583544224,0.2092422416455776,0.206066806778835,2.391175
62,46,0.7907577583544224,0.2092422416455776,0.2082310623382594,2.4595
62,47,0.782641898389773,0.2173581016102269,0.209771467866649,1.547475
62,48,0.782641898389773,0.2173581016102269,0.2129050514210847,1.580975
62,49,0.782641898389773,0.2173581016102269,0.2150324758286448,1.56815
62,50,0.782641898389773,0.2173581016102269,0.2165384479240412,1.605225
62,51,0.782641898389773,0.2173581016102269,0.2176560665602523,1.624775
62,52,0.782641898389773,0.2173581016102269,0.2185272704784881,1.651675
62,53,0.7817958370698457,0.2182041629301543,0.2192389493539415,1.563675
62,54,0.7794798886472599,0.22052011135274,0.2200574866633139,0.0
62,55,0.7794798886472599,0.22052011135274,0.2213094983736039,0.0
62,56,0.7794798886472599,0.22052011135274,0.2222429882237941,0.0
62,57,0.7762516325017476,0.2237483674982524,0.222971108605204,0.0
62,58,0.7762516325017476,0.2237483674982524,0.2243927825463557,0.0
62,59,0.7741669904660182,0.2258330095339817,0.2254213552446901,0.0
62,60,0.7724394608257622,0.2275605391742378,0.2267365232847235,0.0
62,61,0.7724394608257622,0.2275605391742378,0.228140385997217,0.0
62,62,0.7693408879719333,0.2306591120280666,0.229148271445825,0.0
62,63,0.7693408879719333,0.2306591120280666,0.2307134246648271,0.0
62,64,0.7661983075842974,0.2338016924157026,0.2318196818634584,0.0
62,65,0.7643193614664595,0.2356806385335405,0.233461117691032,0.0
62,66,0.7643193614664595,0.2356806385335405,0.2351130252722489,0.0
62,67,0.7643193614664595,0.2356806385335405,0.2362695123396261,0.0
62,68,0.7643193614664595,0.2356806385335405,0.2371024405324792,0.0
62,69,0.7643193614664595,0.2356806385335405,0.2377221994353861,0.0
62,70,0.7643193614664595,0.2356806385335405,0.2381999225183667,0.0
62,71,0.7616459539100596,0.2383540460899403,0.2385816057684271,0.0
62,72,0.7616459539100596,0.2383540460899403,0.2396283629933255,0.0
62,73,0.7606588680344674,0.2393411319655326,0.2403777653662327,0.0
62,74,0.7602019232800777,0.2397980767199222,0.2412016357468042,0.0
62,75,0.7602019232800777,0.2397980767199222,0.2419265563530982,0.0
62,76,0.7602019232800777,0.2397980767199222,0.2424572804153523,0.0
62,77,0.7536321708726706,0.2463678291273293,0.2428570985242094,0.0
62,78,0.7529987786793376,0.2470012213206623,0.2450106346537513,0.0
62,79,0.7517046491838348,0.2482953508161651,0.2466637520647746,0.0
62,80,0.7516923123327329,0.248307687667267,0.2481710307018707,0.0
62,81,0.7449069207736653,0.2550930792263347,0.2492178129602548,0.0
62,82,0.7385473361692355,0.2614526638307645,0.2518870011553573,0.0
62,83,0.7359893446481472,0.2640106553518527,0.2555280949725808,0.0
62,84,0.7317207750411588,0.2682792249588411,0.2587372331026313,0.0
63,1,0.9509400995664684,0.0490599004335315,0.0,11.309425
63,2,0.940246155896618,0.0597538441033821,0.0312153814104069,10.91255
63,3,0.9198247727176616,0.0801752272823383,0.0431937653435102,9.66575
63,4,0.9056228010011388,0.0943771989988612,0.0543817763889465,8.839775
63,5,0.8913260582442554,0.1086739417557446,0.0644321742135102,8.088925
63,6,0.8759157427418779,0.1240842572581221,0.0737904860551163,7.142475
63,7,0.8633260216472775,0.1366739783527225,0.0828376894348111,6.37035
63,8,0.8581865332942437,0.1418134667057563,0.0912567472953418,6.1435
63,9,0.8549670227958329,0.145032977204167,0.0981948886609997,6.031
63,10,0.8480363219744785,0.1519636780255214,0.1040360709721547,5.608475
63,11,0.8434350456288415,0.1565649543711584,0.1098429954562907,5.368025
63,12,0.8400316310956475,0.1599683689043525,0.1151237400461394,5.1877
63,13,0.8365420338125394,0.1634579661874605,0.1198496166778028,5.03805
63,14,0.8239606495801993,0.1760393504198006,0.1242353867913737,4.1369
63,15,0.8191520073054531,0.1808479926945468,0.1300454618763358,3.803825
63,16,0.8139657394473104,0.1860342605526895,0.1350564822478088,3.445825
63,17,0.8107629906648738,0.1892370093351262,0.1397117167479532,3.232325
63,18,0.7985203757997458,0.2014796242002542,0.1437696481164637,2.240175
63,19,0.7913841484676177,0.2086158515323822,0.1492611536326582,1.6854
63,20,0.7865937029687347,0.2134062970312653,0.1544567898839178,1.3424
63,21,0.7865937029687347,0.2134062970312653,0.1590207039063369,1.367375
63,22,0.7855721306620831,0.2144278693379169,0.1622672461475202,1.3098
63,23,0.7835454700946487,0.2164545299053513,0.1650020874418709,1.212025
63,24,0.7835454700946487,0.2164545299053513,0.1676403261445775,1.2086
63,25,0.7685684784204988,0.2314315215795012,0.1697709605277554,0.0
63,26,0.7659550581199431,0.2340449418800568,0.1747615740989063,0.0
63,27,0.7627820147285624,0.2372179852714375,0.1786746246314084,0.0
63,28,0.7627820147285624,0.2372179852714375,0.1821118108919731,0.0
63,29,0.7586684749767311,0.2413315250232689,0.184589129962947,0.0
63,30,0.7582492369236112,0.2417507630763887,0.1874127879930882,0.0
63,31,0.7582492369236112,0.2417507630763887,0.1896057180718804,0.0
63,32,0.7582492369236112,0.2417507630763887,0.1913334514690299,0.0
63,33,0.7457547090231715,0.2542452909768284,0.1927781079989836,0.0
63,34,0.7457547090231715,0.2542452909768284,0.1968473417067269,0.0
63,35,0.743508965668393,0.256491034331607,0.1996059079291884,0.0
63,36,0.7374471826507114,0.2625528173492886,0.2021116143868515,0.0
63,37,0.7374471826507114,0.2625528173492886,0.2053372460614741,0.0
63,38,0.7374293899122888,0.2625706100877112,0.2075870938160619,0.0
63,39,0.7364202303767245,0.2635797696232754,0.2092603900884621,0.0
63,40,0.7355490773438614,0.2644509226561385,0.2108140178540018,0.0
63,41,0.7329191050537628,0.2670808949462372,0.2122542673615142,0.0
63,42,0.7329191050537628,0.2670808949462372,0.2140320558419464,0.0
63,43,0.7314561750097986,0.2685438249902013,0.215381399128139,0.0
63,44,0.7314561750097986,0.2685438249902013,0.2168130728023517,0.0
63,45,0.7308369492751826,0.2691630507248174,0.2179359901887286,0.0
63,46,0.7308369492751826,0.2691630507248174,0.2190121152222734,0.0
63,47,0.7303774294589408,0.2696225705410592,0.2199012231422719,0.0
63,48,0.721871850128187,0.278128149871813,0.2207792381996494,0.0
63,49,0.7187243992098383,0.2812756007901617,0.2236153832363229,0.0
63,50,0.7178131657062871,0.2821868342937129,0.226341680160818,0.0
63,51,0.7176490726580408,0.2823509273419592,0.2284481055529075,0.0
63,52,0.7176490726580408,0.2823509273419592,0.229982549742047,0.0
63,53,0.7176490726580408,0.2823509273419592,0.2311160490831528,0.0
63,54,0.7063450879314669,0.2936549120685331,0.2319939442337536,0.0
63,55,0.7063450879314669,0.2936549120685331,0.2355642771453922,0.0
63,56,0.7012722029847817,0.2987277970152183,0.2379647320113368,0.0
63,57,0.700708134152935,0.299291865847065,0.2409233191386242,0.0
63,58,0.6996836645154882,0.3003163354845117,0.2430828761763382,0.0
63,59,0.6969620136888,0.3030379863112,0.2448542764899907,0.0
63,60,0.6930887855036203,0.3069112144963797,0.2468174928346644,0.0
63,61,0.6930887855036203,0.3069112144963797,0.2492035633026727,0.0
63,62,0.6930887855036203,0.3069112144963797,0.2508499612418328,0.0
63,63,0.6905696944495751,0.3094303055504249,0.2520204329335205,0.0
63,64,0.6905502820716191,0.3094497179283809,0.2535470076961528,0.0
63,65,0.6864751358340678,0.3135248641659321,0.2546401525472238,0.0
63,66,0.6864751358340678,0.3135248641659321,0.2565308514971648,0.0
63,67,0.6856211725946868,0.3143788274053132,0.2578499165853467,0.0
63,68,0.6856211725946868,0.3143788274053132,0.2590254454353712,0.0
63,69,0.6850378580858841,0.3149621419141158,0.2598754379243556,0.0
63,70,0.6850378580858841,0.3149621419141158,0.2606684187555661,0.0
63,71,0.6815838902681598,0.3184161097318402,0.261262842946077,0.0
63,72,0.6787858753646034,0.3212141246353965,0.2626687790118663,0.0
63,73,0.6769551962066581,0.3230448037933419,0.2644287274967176,0.0
63,74,0.6737443448952689,0.3262556551047311,0.2661564947820365,0.0
63,75,0.6737443448952689,0.3262556551047311,0.268246429584669,0.0
63,76,0.6687411574399081,0.3312588425600918,0.2696852293502446,0.0
63,77,0.667792869153145,0.332207130846855,0.2720898294169357,0.0
63,78,0.667792869153145,0.332207130846855,0.274002562459803,0.0
63,79,0.667792869153145,0.332207130846855,0.2753221142248725,0.0
63,80,0.667792869153145,0.332207130846855,0.2762456840096925,0.0
63,81,0.667792869153145,0.332207130846855,0.2769034368846252,0.0
63,82,0.6613013842482972,0.3386986157517028,0.2773814950234733,0.0
63,83,0.6613013842482972,0.3386986157517028,0.2795953063300196,0.0
63,84,0.6590620477144148,0.3409379522855852,0.2811139201403691,0.0
64,1,1.0,0.0,0.0,14.9932
64,2,0.9860716083122184,0.0139283916877817,0.0312153814104069,14.42315
64,3,0.982507358131846,0.0174926418681541,0.0433665910867143,14.505275
64,4,0.958534341395555,0.0414656586044449,0.0533348977143853,12.848525
64,5,0.948348570783156,0.0516514292168439,0.0637958944926854,12.4564
64,6,0.9443300608041736,0.0556699391958263,0.0728012390267669,12.37885
64,7,0.9365005455382706,0.0634994544617294,0.0801951455076652,12.127
64,8,0.927372608439096,0.072627391560904,0.0871822774907316,11.646175
64,9,0.9189590129920824,0.0810409870079177,0.0940042240925507,11.193125
64,10,0.904063007226965,0.095936992773035,0.1005132627721445,10.084325
64,11,0.8997542127640278,0.1002457872359722,0.107848570184546,10.007375
64,12,0.894790684316051,0.1052093156839489,0.1137245494705075,9.7851
64,13,0.894790684316051,0.1052093156839489,0.1189730703657198,10.0609
64,14,0.8930704399715919,0.1069295600284081,0.1229617717078424,10.088125
64,15,0.8903429080199025,0.1096570919800975,0.1265744207104017,10.12715
64,16,0.8817337322438529,0.1182662677561471,0.130108333290912,9.456175
64,17,0.8802973169533592,0.1197026830466407,0.1346528608153145,9.52105
64,18,0.8792496786577434,0.1207503213422566,0.138272952735827,9.6429
64,19,0.8792496786577434,0.1207503213422566,0.1413075829579529,9.8584
64,20,0.8792496786577434,0.1207503213422566,0.1437876635725883,9.969575
64,21,0.8768719049239033,0.1231280950760966,0.1459319760931107,9.99905
64,22,0.8623553618085132,0.1376446381914867,0.1483365704941814,8.630325
64,23,0.8623553618085132,0.1376446381914867,0.1533346498384938,8.770475
64,24,0.8577318190741045,0.1422681809258955,0.1566940537689709,8.4338
64,25,0.8542463904308918,0.1457536095691082,0.1601314661844777,8.233125
64,26,0.8528602130762026,0.1471397869237973,0.1633575488933542,8.23205
64,27,0.8478523011966083,0.1521476988033917,0.1660082803627829,7.808875
64,28,0.8450261799939657,0.1549738200060343,0.1691052238193413,7.627325
64,29,0.8417348255416245,0.1582651744583755,0.1719656896720236,7.462175
64,30,0.8404781337328043,0.1595218662671956,0.1747854447752275,7.373
64,31,0.8404781337328043,0.1595218662671956,0.1771253963131287,7.4924
64,32,0.8404781337328043,0.1595218662671956,0.1789037197816954,7.595525
64,33,0.8359945396567744,0.1640054603432256,0.1803469574232356,7.17805
64,34,0.8359945396567744,0.1640054603432256,0.1825881556180229,7.329775
64,35,0.8302290946102673,0.1697709053897327,0.1842657095499161,6.6965
64,36,0.8300416255741493,0.1699583744258507,0.186916557575966,6.80385
64,37,0.8276247246516056,0.1723752753483943,0.1888529189569355,6.53125
64,38,0.8276247246516056,0.1723752753483943,0.1908767789806837,6.75455
64,39,0.8253357657890391,0.1746642342109609,0.1923852177276752,6.5154
64,40,0.8192896736477243,0.1807103263522756,0.1941133061441848,5.8461
64,41,0.8192896736477243,0.1807103263522756,0.196846098678944,5.86295
64,42,0.8160938737393089,0.1839061262606911,0.1987522987439826,5.4617
64,43,0.814657600708021,0.185342399291979,0.2009165779148042,5.470775
64,44,0.8125366830821455,0.1874633169178544,0.2028139404798254,5.253325
64,45,0.8125366830821455,0.1874633169178544,0.2047105097223565,5.301425
64,46,0.8123390202218754,0.1876609797781245,0.2060916684461056,5.2782
64,47,0.804043747294943,0.195956252705057,0.207200750450951,4.225425
64,48,0.8023292366903366,0.1976707633096633,0.2101117415344578,4.065825
64,49,0.8023292366903366,0.1976707633096633,0.2125202857933242,4.0966
64,50,0.8023292366903366,0.1976707633096633,0.2141971782256671,4.186525
64,51,0.8023292366903366,0.1976707633096633,0.2154184668800406,4.2709
64,52,0.8008406337564962,0.1991593662435038,0.2163521712986369,4.03975
64,53,0.8008406337564962,0.1991593662435038,0.2174737438203197,4.095525
64,54,0.8001829739659811,0.1998170260340188,0.2183341651846937,4.0583
64,55,0.7969271052562986,0.2030728947437013,0.2191918947076648,3.6076
64,56,0.79445563556202,0.2055443644379799,0.2207034892366656,3.283625
64,57,0.79445563556202,0.2055443644379799,0.2224263654414559,3.283525
64,58,0.791239397563622,0.2087606024363779,0.2236485250450892,2.85085
64,59,0.7897959029586551,0.2102040970413449,0.2253794192456561,2.74165
64,60,0.7897959029586551,0.2102040970413449,0.2269752887712985,2.727375
64,61,0.7897959029586551,0.2102040970413449,0.2281086649731968,2.75675
64,62,0.7851981439721101,0.2148018560278899,0.2289434879161646,2.0966
64,63,0.7851981439721101,0.2148018560278899,0.2307914506948661,2.203825
64,64,0.7835174316960343,0.2164825683039657,0.232079634165611,1.96835
64,65,0.7835174316960343,0.2164825683039657,0.2334508279873652,1.970925
64,66,0.7835174316960343,0.2164825683039657,0.2344275153002637,1.97335
64,67,0.7801268691503576,0.2198731308496424,0.2351461910724429,1.6262
64,68,0.7798230325172151,0.2201769674827849,0.2366056586772854,0.0
64,69,0.7780234699561968,0.2219765300438032,0.2377152380614322,0.0
64,70,0.7780234699561968,0.2219765300438032,0.2390006083003577,0.0
64,71,0.7780234699561968,0.2219765300438032,0.2399108152524493,0.0
64,72,0.7780234699561968,0.2219765300438032,0.2405731606686547,0.0
64,73,0.7780234699561968,0.2219765300438032,0.2410702485131145,0.0
64,74,0.7780234699561968,0.2219765300438032,0.24145584350333,0.0
64,75,0.7774385378923224,0.2225614621076775,0.2417650561712944,0.0
64,76,0.7774385378923224,0.2225614621076775,0.2421836377093367,0.0
64,77,0.7774385378923224,0.2225614621076775,0.2425091081749371,0.0
64,78,0.7696965059806177,0.2303034940193823,0.2427701797531151,0.0
64,79,0.7696965059806177,0.2303034940193823,0.2451666534000698,0.0
64,80,0.7662230677381737,0.2337769322618262,0.2468030183429428,0.0
64,81,0.7662230677381737,0.2337769322618262,0.2489186898515073,0.0
64,82,0.7645019345203444,0.2354980654796555,0.2503680668942418,0.0
64,83,0.7645019345203444,0.2354980654796555,0.2518637208286478,0.0
64,84,0.7645019345203444,0.2354980654796555,0.2528970139635704,0.0
65,1,1.0,0.0,0.0,15.0417
65,2,0.9958233810242708,0.0041766189757291,0.0312153814104069,15.198225
65,3,0.9787816891306136,0.0212183108693865,0.0428455261763571,14.226225
65,4,0.9756269133138048,0.0243730866861952,0.0535783904781748,14.328475
65,5,0.9715759301703992,0.0284240698296006,0.0623042927611255,14.38
65,6,0.9630063843246698,0.0369936156753302,0.0698455831358235,14.06955
65,7,0.9505105061184196,0.0494894938815805,0.0771141046362693,13.3857
65,8,0.948014842103692,0.051985157896308,0.0845938926383656,13.47715
65,9,0.9385294092777472,0.0614705907222529,0.0905511255931918,12.847675
65,10,0.9310735941995584,0.0689264058004415,0.096777714875089,12.50455
65,11,0.9302369221798452,0.0697630778201549,0.1026904155622145,12.779775
65,12,0.9170412333342024,0.0829587666657976,0.1072526364656059,11.848825
65,13,0.9102006842733944,0.0897993157266054,0.1132506194168488,11.41145
65,14,0.9102006842733944,0.0897993157266054,0.1187407306347767,11.69115
65,15,0.8995503894045576,0.1004496105954424,0.122695500680561,10.98185
65,16,0.8934885467255943,0.1065114532744057,0.1278376976590875,10.60495
65,17,0.8934885467255943,0.1065114532744057,0.1326577411551661,10.812725
65,18,0.8904087740513326,0.1095912259486674,0.1361193395873036,10.64735
65,19,0.8820944460905014,0.1179055539094986,0.1394577799925238,10.17055
65,20,0.8820944460905014,0.1179055539094986,0.1437325349865286,10.303775
65,21,0.8796936959285592,0.1203063040714408,0.1467956255048704,10.2198
65,22,0.8727928028708538,0.1272071971291462,0.1496855297719259,9.744825
65,23,0.8714221829568046,0.1285778170431953,0.1533785832886942,9.76095
65,24,0.8689161364992843,0.1310838635007156,0.1563328440308747,9.6035
65,25,0.8674319997548116,0.1325680002451884,0.1591086563847741,9.65135
65,26,0.8641698042670497,0.1358301957329503,0.1615511605353515,9.4514
65,27,0.861930240629469,0.138069759370531,0.1641696381743623,9.435275
65,28,0.860365271047146,0.139634728952854,0.1666474374664749,9.31675
65,29,0.860365271047146,0.139634728952854,0.1688850445675565,9.421175
65,30,0.857561817797607,0.142438182202393,0.1706306644028039,9.33655
65,31,0.8524211307671479,0.1475788692328521,0.1726976771837532,8.915975
65,32,0.8502098894849556,0.1497901105150444,0.1754493319229742,8.759675
65,33,0.8458267909989646,0.1541732090010353,0.1779299323790278,8.33355
65,34,0.8458267909989646,0.1541732090010353,0.1807356549546038,8.521525
65,35,0.8458267909989646,0.1541732090010353,0.1827336957915848,8.582275
65,36,0.8442247807930455,0.1557752192069544,0.1842549995301824,8.477625
65,37,0.8416602691353149,0.1583397308646851,0.1858535884912882,8.3941
65,38,0.8365642908109016,0.1634357091890984,0.1877087115576751,7.78425
65,39,0.8365642908109016,0.1634357091890984,0.1902939463897823,7.908975
65,40,0.8365642908109016,0.1634357091890984,0.1921208207859754,7.993025
65,41,0.8365642908109016,0.1634357091890984,0.1934910208509022,8.16125
65,42,0.8365642908109016,0.1634357091890984,0.1945801359601965,8.23025
65,43,0.8318180769057419,0.168181923094258,0.1954911564924804,7.7019
65,44,0.8318180769057419,0.168181923094258,0.1974176559143799,7.7996
65,45,0.8226667733138234,0.1773332266861765,0.198816445112502,6.65295
65,46,0.8187085895125238,0.1812914104874762,0.202097163220702,6.17055
65,47,0.8187085895125238,0.1812914104874762,0.2052713868222377,6.260825
65,48,0.8154360535146304,0.1845639464853695,0.2074198924494311,5.91495
65,49,0.8154360535146304,0.1845639464853695,0.2097398743024841,5.999825
65,50,0.8154360535146304,0.1845639464853695,0.2113596778807981,5.979225
65,51,0.8154360535146304,0.1845639464853695,0.2125432236933594,6.011925
65,52,0.8125235354684902,0.1874764645315098,0.213451160909773,5.6818
65,53,0.8125235354684902,0.1874764645315098,0.2149109131301987,5.7863
65,54,0.8125235354684902,0.1874764645315098,0.2159807107585563,5.96205
65,55,0.8103852547522331,0.1896147452477669,0.2168017184316976,5.629225
65,56,0.8102747793016941,0.1897252206983058,0.2180046401350948,5.624
65,57,0.8102747793016941,0.1897252206983058,0.2189282297286395,5.745925
65,58,0.8102747793016941,0.1897252206983058,0.2196427234814205,5.776575
65,59,0.8073221824038646,0.1926778175961354,0.2202199768045121,5.4523
65,60,0.8073221824038646,0.1926778175961354,0.2214700934406474,5.49
65,61,0.8073221824038646,0.1926778175961354,0.2223800810579223,5.551625
65,62,0.8073221824038646,0.1926778175961354,0.2230692325477656,5.5744
65,63,0.8043921398115607,0.1956078601884393,0.2236129875274598,5.11625
65,64,0.8030281022361426,0.1969718977638573,0.2248326953282279,4.996675
65,65,0.8027508768314947,0.1972491231685053,0.2260727972686085,4.9927
65,66,0.8007654023008809,0.1992345976991191,0.2270357369078486,4.7096
65,67,0.8007654023008809,0.1992345976991191,0.2282740846263568,4.6901
65,68,0.8007654023008809,0.1992345976991191,0.2291574242402932,4.803
65,69,0.8007654023008809,0.1992345976991191,0.2298074129154592,4.93475
65,70,0.8007654023008809,0.1992345976991191,0.2303024260653262,4.95005
65,71,0.7933076969875357,0.2066923030124643,0.2306931246495261,3.60765
65,72,0.7933076969875357,0.2066923030124643,0.2330522843117105,3.69285
65,73,0.7888897565237589,0.211110243476241,0.234662239472392,2.955725
65,74,0.7876259994406589,0.212374000559341,0.2369978255093819,2.7626
65,75,0.7876259994406589,0.212374000559341,0.2389427321799205,2.74475
65,76,0.7861253732686798,0.2138746267313201,0.2402794155152076,2.58655
65,77,0.7851727508279902,0.2148272491720098,0.241631980633445,2.5021
65,78,0.7851727508279902,0.2148272491720098,0.242841926544688,2.50695
65,79,0.783978794925257,0.2160212050747429,0.2436886626175034,2.3432
65,80,0.783978794925257,0.2160212050747429,0.2446297721455952,2.442325
65,81,0.7832765015707635,0.2167234984292365,0.2452945266839041,2.305275
65,82,0.7832765015707635,0.2167234984292365,0.245973164415421,2.253275
65,83,0.7825401203986361,0.2174598796013639,0.2464590800860048,2.224325
65,84,0.7803361232946214,0.2196638767053785,0.2470255497369826,1.8752
66,1,1.0,0.0,0.0,15.032
66,2,1.0,0.0,0.0312153814104069,15.4628
66,3,0.9945017900977954,0.0054982099022046,0.0426223575631783,15.4916
66,4,0.991925100705389,0.008074899294611,0.0523321376545509,15.6014
66,5,0.9679229998381252,0.0320770001618747,0.060510236985236,14.12225
66,6,0.9679229998381252,0.0320770001618747,0.0700306951788801,14.437125
66,7,0.954702004224124,0.045297995775876,0.0769829723567565,13.634275
66,8,0.9512099529010186,0.0487900470989813,0.08443188681897,13.64795
66,9,0.944739120698255,0.0552608793017449,0.0905207665042957,13.43905
66,10,0.9417039884501224,0.0582960115498777,0.0963272517351542,13.501125
66,11,0.9398005730610468,0.060199426938953,0.1013210477172223,13.67815
66,12,0.9343063764003424,0.0656936235996576,0.1056322967238901,13.356325
66,13,0.9291992990297052,0.0708007009702949,0.1101418229380761,13.27035
66,14,0.9252251215200834,0.0747748784799166,0.1145909453645842,13.125675
66,15,0.9197378719543242,0.0802621280456757,0.1187379784925618,12.89965
66,16,0.9197378719543242,0.0802621280456757,0.1229645468494673,13.109825
66,17,0.9197378719543242,0.0802621280456757,0.1261398757888913,13.45545
66,18,0.9192130073767296,0.0807869926232704,0.1287372214769195,13.639375
66,19,0.9146686549531058,0.0853313450468942,0.1310877971442526,13.54145
66,20,0.9104636848838518,0.0895363151161482,0.1340570266415996,13.246125
66,21,0.9044028275821112,0.0955971724178886,0.1372388805956602,12.85855
66,22,0.9005188214379175,0.0994811785620825,0.1408820143382808,12.6404
66,23,0.8994449528689364,0.1005550471310635,0.1443042121091578,12.663575
66,24,0.8937780438939799,0.1062219561060201,0.1470112242923482,12.353525
66,25,0.8913934012968631,0.1086065987031369,0.1502773765535761,12.287625
66,26,0.8913934012968631,0.1086065987031369,0.1531392102116269,12.557325
66,27,0.8913934012968631,0.1086065987031369,0.1552587690124788,12.686825
66,28,0.8889082970019403,0.1110917029980597,0.1569513054003066,12.628025
66,29,0.8862734428109098,0.1137265571890902,0.1589239594682651,12.566925
66,30,0.8862734428109098,0.1137265571890902,0.1610679455412779,12.6862
66,31,0.8858148934660289,0.114185106533971,0.1627150009297128,12.858275
66,32,0.8843664584485308,0.1156335415514692,0.1641668235354394,12.871525
66,33,0.8776108714326775,0.1223891285673225,0.1657120667658631,12.22135
66,34,0.8745426688386041,0.1254573311613959,0.1684884805549447,12.1368
66,35,0.8688124659971681,0.1311875340028319,0.1711371240163423,11.6312
66,36,0.8688124659971681,0.1311875340028319,0.1743149946840947,11.6718
66,37,0.8688124659971681,0.1311875340028319,0.1764910422416097,11.914525
66,38,0.865317968348761,0.134682031651239,0.1780762214388469,11.51615
66,39,0.865317968348761,0.134682031651239,0.1801155197002664,11.707975
66,40,0.8606940568289693,0.1393059431710307,0.1816039549047818,11.2144
66,41,0.8606940568289693,0.1393059431710307,0.1838423044793118,11.367275
66,42,0.8606940568289693,0.1393059431710307,0.1854354277828331,11.59595
66,43,0.8586961463651012,0.1413038536348988,0.1866361473647083,11.460025
66,44,0.8586961463651012,0.1413038536348988,0.1880699339198641,11.76105
66,45,0.8577418194250708,0.1422581805749292,0.1891599282715946,11.69285
66,46,0.8577418194250708,0.1422581805749292,0.1902645270529378,11.7676
66,47,0.8512998345628476,0.1487001654371523,0.1911403134053529,10.988025
66,48,0.8497045081666855,0.1502954918333144,0.1934403582274007,10.895
66,49,0.8489349996335354,0.1510650003664646,0.1954286874211377,10.86065
66,50,0.8489349996335354,0.1510650003664646,0.1970208540407693,11.01875
66,51,0.8478237409693857,0.1521762590306142,0.1981749661664243,10.923575
66,52,0.8478237409693857,0.1521762590306142,0.1993296927714714,11.123675
66,53,0.8478237409693857,0.1521762590306142,0.2002030309444412,11.197525
66,54,0.8428290038199512,0.1571709961800488,0.200895692530313,10.5579
66,55,0.8428290038199512,0.1571709961800488,0.2027328431123173,10.64875
66,56,0.8423880201720823,0.1576119798279177,0.2040219282447418,10.759925
66,57,0.8423880201720823,0.1576119798279177,0.2050754869362614,10.941
66,58,0.8423880201720823,0.1576119798279177,0.2058639482335284,11.0128
66,59,0.8407606577186876,0.1592393422813124,0.2064803495918095,10.8422
66,60,0.8407606577186876,0.1592393422813124,0.2074046701731058,10.874225
66,61,0.8381321610693105,0.1618678389306894,0.2080996575408586,10.732925
66,62,0.8359015866539838,0.1640984133460161,0.2093318380648871,10.51005
66,63,0.8359015866539838,0.1640984133460161,0.2108037682024345,10.42865
66,64,0.8359015866539838,0.1640984133460161,0.2118414719306205,10.73085
66,65,0.833529144927121,0.1664708550728789,0.2125971904090041,10.34
66,66,0.8321934059938886,0.1678065940061114,0.2137999284739317,10.1383
66,67,0.8321934059938886,0.1678065940061114,0.2150149700329817,10.1741
66,68,0.8321226786749918,0.1678773213250082,0.2158785860498518,10.3943
66,69,0.8321226786749918,0.1678773213250082,0.2165304910049818,10.53085
66,70,0.830783280207945,0.169216719792055,0.2170226637386179,10.252275
66,71,0.830783280207945,0.169216719792055,0.2177724309305727,10.39195
66,72,0.830783280207945,0.169216719792055,0.2183235398954966,10.387425
66,73,0.8305446617881196,0.1694553382118804,0.2187418181336172,10.5604
66,74,0.8305446617881196,0.1694553382118804,0.2191359538795099,10.66135
66,75,0.8305446617881196,0.1694553382118804,0.2194457358618453,10.97335
66,76,0.8305446617881196,0.1694553382118804,0.2196972107548365,10.937
66,77,0.8305446617881196,0.1694553382118804,0.2199075028307092,10.922725
66,78,0.8242502937875748,0.1757497062124252,0.2200879221543453,9.800075
66,79,0.8242502937875748,0.1757497062124252,0.2220190390732408,10.01375
66,80,0.8242502937875748,0.1757497062124252,0.223341578912959,9.9546
66,81,0.8242502937875748,0.1757497062124252,0.2242578209053889,10.10825
66,82,0.8187892780685845,0.1812107219314155,0.2249015327007663,9.114375
66,83,0.8187892780685845,0.1812107219314155,0.2269247060188051,9.1612
66,84,0.8126687065429481,0.1873312934570519,0.2283092254326942,8.020125
67,1,0.9881265830566388,0.011873416943361,0.0,14.097375
67,2,0.9578469801181356,0.0421530198818643,0.0312153814104069,12.1601
67,3,0.9547809296362544,0.0452190703637455,0.0442402827401363,12.291975
67,4,0.935476504039402,0.0645234959605979,0.0546503059403987,11.152325
67,5,0.9212935603343136,0.0787064396656864,0.0649269932510557,10.2663
67,6,0.916636628718716,0.0833633712812839,0.0743889058077155,10.2148
67,7,0.8989624216344841,0.1010375783655158,0.082117662851549,9.07035
67,8,0.8953191740248644,0.1046808259751356,0.090690974461997,8.9804
67,9,0.888366965684693,0.111633034315307,0.097452451074617,8.624575
67,10,0.8767080958253307,0.1232919041746692,0.1037890653670303,7.90565
67,11,0.8732277902156435,0.1267722097843565,0.1105839854678156,7.7964
67,12,0.8711221000759507,0.1288778999240493,0.1161262473325887,7.76745
67,13,0.8687345164124638,0.1312654835875362,0.1207584118667535,7.700725
67,14,0.8554909385733555,0.1445090614266445,0.1249146354066373,6.7769
67,15,0.8365477154277117,0.1634522845722883,0.130746148448423,5.285575
67,16,0.8352322462697325,0.1647677537302675,0.1384224419773788,5.2776
67,17,0.8352322462697325,0.1647677537302675,0.1436660916914703,5.34505
67,18,0.8325644502550001,0.1674355497449998,0.1474265923603679,5.26375
67,19,0.8319467586006416,0.1680532413993584,0.1509169372180581,5.253975
67,20,0.8319467586006416,0.1680532413993584,0.1538146895699316,5.400825
67,21,0.8283529172275216,0.1716470827724784,0.156233866730817,5.164925
67,22,0.8283529172275216,0.1716470827724784,0.1590854624531758,5.25735
67,23,0.8258119658858377,0.1741880341141622,0.1613873426583598,5.10605
67,24,0.809568340349062,0.190431659650938,0.1638865681489497,3.58545
67,25,0.809568340349062,0.190431659650938,0.1693313062576485,3.6369
67,26,0.806622113490331,0.193377886509669,0.1729381213871237,3.3841
67,27,0.8009557272004013,0.1990442727995987,0.1761637058156436,2.895575
67,28,0.7961989512066342,0.2038010487933658,0.1797518350120204,2.4465
67,29,0.7961989512066342,0.2038010487933658,0.1833356842557011,2.48485
67,30,0.7899834323909308,0.2100165676090691,0.1858728592011862,1.862175
67,31,0.7856848681579226,0.2143151318420774,0.1891758958269411,1.506125
67,32,0.7804357636006668,0.2195642363993332,0.1924807343091605,1.126625
67,33,0.7800589990149701,0.2199410009850299,0.1959942470882357,1.128275
67,34,0.7800589990149701,0.2199410009850299,0.1985313907072497,1.13555
67,35,0.7783594592394133,0.2216405407605867,0.2004130392793092,0.0
67,36,0.7783594592394133,0.2216405407605867,0.2022891733650363,0.0
67,37,0.769343524138622,0.230656475861378,0.2037612384408346,0.0
67,38,0.766278157004494,0.233721842995506,0.2070605344257462,0.0
67,39,0.7654924168656073,0.2345075831343926,0.210055957373107,0.0
67,40,0.7624809177735429,0.2375190822264571,0.2123394619352959,0.0
67,41,0.7624809177735429,0.2375190822264571,0.2147171484738101,0.0
67,42,0.7622304129960757,0.2377695870039242,0.2164367797372112,0.0
67,43,0.7622304129960757,0.2377695870039242,0.2178139326499341,0.0
67,44,0.758716491333486,0.241283508666514,0.2189162828698395,0.0
67,45,0.758716491333486,0.241283508666514,0.2206859872651601,0.0
67,46,0.758716491333486,0.241283508666514,0.2220081755100738,0.0
67,47,0.7532832745971382,0.2467167254028618,0.2230503604399507,0.0
67,48,0.7522235814459576,0.2477764185540424,0.2252383489948781,0.0
67,49,0.7508356604882661,0.2491643395117339,0.2270570017169749,0.0
67,50,0.7461927294209527,0.2538072705790473,0.2287257911646763,0.0
67,51,0.7461927294209527,0.2538072705790473,0.2311050748832858,0.0
67,52,0.7461927294209527,0.2538072705790473,0.2327701266378417,0.0
67,53,0.7461927294209527,0.2538072705790473,0.2339871041688433,0.0
67,54,0.7432216030647499,0.25677839693525,0.2349192571343868,0.0
67,55,0.7421192987107891,0.2578807012892109,0.2364185076859494,0.0
67,56,0.7401259022525962,0.2598740977474038,0.237797549935999,0.0
67,57,0.737622570788716,0.262377429211284,0.2393254700991524,0.0
67,58,0.7341256078091959,0.2658743921908041,0.2410767589739592,0.0
67,59,0.7341256078091959,0.2658743921908041,0.243225557920172,0.0
67,60,0.7341256078091959,0.2658743921908041,0.244722874204748,0.0
67,61,0.7341256078091959,0.2658743921908041,0.2458023792301507,0.0
67,62,0.7305085013866929,0.2694914986133071,0.2466112488878137,0.0
67,63,0.728727400355604,0.271272599644396,0.2481929448786017,0.0
67,64,0.7282501203362891,0.2717498796637109,0.2497875445536576,0.0
67,65,0.7274083750471111,0.2725916249528889,0.2510444330876383,0.0
67,66,0.7274083750471111,0.2725916249528889,0.2521782626598843,0.0
67,67,0.7274083750471111,0.2725916249528889,0.2530052642129521,0.0
67,68,0.7221949100079126,0.2778050899920874,0.253629948561012,0.0
67,69,0.7221949100079126,0.2778050899920874,0.2555270209021223,0.0
67,70,0.7219334818869484,0.2780665181130516,0.2568438435340706,0.0
67,71,0.716528770540234,0.283471229459766,0.2578510072764597,0.0
67,72,0.7118235760199575,0.2881764239800425,0.2600601757778628,0.0
67,73,0.7118235760199575,0.2881764239800425,0.2628710910513747,0.0
67,74,0.7118235760199575,0.2881764239800425,0.2647853945543418,0.0
67,75,0.7118235760199575,0.2881764239800425,0.2661085267907771,0.0
67,76,0.7118235760199575,0.2881764239800425,0.2670399004640295,0.0
67,77,0.7118235760199575,0.2881764239800425,0.2677100335620146,0.0
67,78,0.7118235760199575,0.2881764239800425,0.2682045732805886,0.0
67,79,0.7078144279039061,0.2921855720960938,0.2685798754168797,0.0
67,80,0.7078144279039061,0.2921855720960938,0.2700070802579457,0.0
67,81,0.7078144279039061,0.2921855720960938,0.2710001506266729,0.0
67,82,0.7037235110258031,0.2962764889741969,0.271701682945862,0.0
67,83,0.7036912176740814,0.2963087823259186,0.2733773110117513,0.0
67,84,0.692115598399957,0.307884401600043,0.2745432014948445,0.0
68,1,0.9312961647987408,0.0687038352012591,0.0,9.8961
68,2,0.918795115931168,0.0812048840688318,0.0312153814104069,9.300525
68,3,0.908872405027666,0.0911275949723339,0.0432903241062768,8.837175
68,4,0.8935986337753327,0.1064013662246673,0.0537126063957494,8.031025
68,5,0.8914962506452521,0.1085037493547479,0.0635221468051363,8.0892
68,6,0.8745332467758256,0.1254667532241744,0.0713293324575868,7.016825
68,7,0.8641324004492023,0.1358675995507977,0.0798527769510227,6.419175
68,8,0.8477122547809417,0.1522877452190583,0.0876450391211533,5.327475
68,9,0.8409291155772776,0.1590708844227224,0.0959064901629119,4.949875
68,10,0.8409291155772776,0.1590708844227224,0.1028166135822781,5.057425
68,11,0.8349416006340956,0.1650583993659043,0.1079241935817862,4.720675
68,12,0.8260805855337102,0.1739194144662897,0.1130964368375304,4.08025
68,13,0.8123747243270056,0.1876252756729943,0.1186993352862277,3.110025
68,14,0.8078799878652339,0.1921200121347661,0.1253123786533522,2.833375
68,15,0.806808096282206,0.193191903717794,0.1306976044482081,2.816125
68,16,0.806808096282206,0.193191903717794,0.1348119315534847,2.878275
68,17,0.806741706364645,0.1932582936353549,0.138040719385806,2.894575
68,18,0.795497169769343,0.2045028302306569,0.1407746124321941,1.9631
68,19,0.7874486284974477,0.2125513715025523,0.145386441454042,1.392125
68,20,0.7816567906151203,0.2183432093848797,0.150292405742233,1.025475
68,21,0.7816567906151203,0.2183432093848797,0.1548841670290044,1.029975
68,22,0.7796431754217151,0.2203568245782848,0.1581221658132972,0.0
68,23,0.7796431754217151,0.2203568245782848,0.1610354292913433,0.0
68,24,0.7796431754217151,0.2203568245782848,0.1633286208985903,0.0
68,25,0.7722274071410036,0.2277725928589964,0.1652565077412364,0.0
68,26,0.7622201679786155,0.2377798320213845,0.1685210925565783,0.0
68,27,0.7578378270234696,0.2421621729765304,0.1730502632123666,0.0
68,28,0.7518756585185341,0.2481243414814659,0.1770656236061488,0.0
68,29,0.7518756585185341,0.2481243414814659,0.1811379325464383,0.0
68,30,0.7460365185151292,0.2539634814848708,0.1839402242914384,0.0
68,31,0.7460365185151292,0.2539634814848708,0.1873036181232039,0.0
68,32,0.745828084174919,0.254171915825081,0.1896854651899926,0.0
68,33,0.743752522037817,0.2562474779621829,0.1915439289281872,0.0
68,34,0.7396992507347934,0.2603007492652066,0.1935070127893415,0.0
68,35,0.7396992507347934,0.2603007492652066,0.1959642741684809,0.0
68,36,0.7374423160613913,0.2625576839386087,0.197777560652191,0.0
68,37,0.7374423160613913,0.2625576839386087,0.1997213359186259,0.0
68,38,0.7363087967541332,0.2636912032458668,0.2012119992018823,0.0
68,39,0.7289614410439719,0.2710385589560281,0.2026872048838385,0.0
68,40,0.7283331840320842,0.2716668159679157,0.2055915018708107,0.0
68,41,0.7283331840320842,0.2716668159679157,0.2077684667173782,0.0
68,42,0.7251885943876896,0.2748114056123104,0.2093586537736911,0.0
68,43,0.7239476635960344,0.2760523364039656,0.2113356188991546,0.0
68,44,0.7194022553679407,0.2805977446320593,0.2130867848721659,0.0
68,45,0.7194022553679407,0.2805977446320593,0.2154890640160474,0.0
68,46,0.7169513671161344,0.2830486328838656,0.2171891597996292,0.0
68,47,0.7126913771734061,0.2873086228265938,0.2190510105192027,0.0
68,48,0.712295141079654,0.287704858920346,0.2214500144115476,0.0
68,49,0.712295141079654,0.287704858920346,0.2232318754561466,0.0
68,50,0.712295141079654,0.287704858920346,0.2245323865451685,0.0
68,51,0.7112328502187366,0.2887671497812634,0.225529844121139,0.0
68,52,0.709387200165655,0.2906127998343449,0.2265975051387031,0.0
68,53,0.7084007984913615,0.2915992015086385,0.2278998018965156,0.0
68,54,0.7084007984913615,0.2915992015086385,0.2291289695931752,0.0
68,55,0.7052709434680752,0.2947290565319248,0.2300590225170642,0.0
68,56,0.7052709434680752,0.2947290565319248,0.2315912501479225,0.0
68,57,0.7052709434680752,0.2947290565319248,0.2327028258089195,0.0
68,58,0.7052709434680752,0.2947290565319248,0.2335444262194136,0.0
68,59,0.6944476311572253,0.3055523688427747,0.2342101632583034,0.0
68,60,0.6905658166545297,0.3094341833454703,0.2375632498006752,0.0
68,61,0.6905658166545297,0.3094341833454703,0.2408336133465186,0.0
68,62,0.6905658166545297,0.3094341833454703,0.2430417228944804,0.0
68,63,0.6876386670176903,0.3123613329823097,0.2445689618507538,0.0
68,64,0.687352950903671,0.312647049096329,0.2464294938901422,0.0
68,65,0.6868266178106847,0.3131733821893153,0.2478056880598413,0.0
68,66,0.6841053777728999,0.3158946222271001,0.2489313672969172,0.0
68,67,0.6827905745993922,0.3172094254006078,0.2504800646808771,0.0
68,68,0.6802970960380136,0.3197029039619864,0.2519260778762849,0.0
68,69,0.6802970960380136,0.3197029039619864,0.2536230495216129,0.0
68,70,0.6802970960380136,0.3197029039619864,0.2548086937232468,0.0
68,71,0.6802970960380136,0.3197029039619864,0.2556582611417722,0.0
68,72,0.6743317430522563,0.3256682569477437,0.2562851620692162,0.0
68,73,0.6734767798019909,0.326523220198009,0.2584017339778389,0.0
68,74,0.6734767798019909,0.326523220198009,0.260093665060258,0.0
68,75,0.6734767798019909,0.326523220198009,0.2612690136348655,0.0
68,76,0.6703367029701127,0.3296632970298873,0.2621016510794061,0.0
68,77,0.6703367029701127,0.3296632970298873,0.2635826562634626,0.0
68,78,0.6685943192633638,0.3314056807366362,0.2646146925632174,0.0
68,79,0.6683035831946013,0.3316964168053987,0.2658376769183817,0.0
68,80,0.6683035831946013,0.3316964168053987,0.2667776037058487,0.0
68,81,0.6683035831946013,0.3316964168053987,0.2674448670783146,0.0
68,82,0.6655167681915923,0.3344832318084076,0.2679279850849961,0.0
68,83,0.6619750565644344,0.3380249434355655,0.2690834494202895,0.0
68,84,0.6619750565644344,0.3380249434355655,0.2709082884307868,0.0
69,1,1.0,0.0,0.0,15.040625
69,2,0.9873183155288124,0.0126816844711875,0.0312153814104069,14.470725
69,3,0.975735570707172,0.0242644292928281,0.0432999759795704,13.904475
69,4,0.9665837303643458,0.0334162696356542,0.0538570411299672,13.6342
69,5,0.9656334711611616,0.0343665288388385,0.0631278497371428,13.89035
69,6,0.9560179469062664,0.0439820530937334,0.0705712232579534,13.37295
69,7,0.95280922328892,0.04719077671108,0.0779691594284627,13.50565
69,8,0.9375367051304496,0.0624632948695503,0.0842291227837008,12.451325
69,9,0.9365487361569456,0.0634512638430543,0.0915829573101526,12.7618
69,10,0.9364318502689456,0.0635681497310544,0.0970884863403038,12.9846
69,11,0.9338054945171288,0.0661945054828713,0.1014870246820511,13.09575
69,12,0.9286176502816618,0.0713823497183382,0.1056594846773883,12.8929
69,13,0.921026892401177,0.078973107598823,0.1100527133041418,12.437325
69,14,0.9153820543259716,0.0846179456740284,0.114893374899154,12.1887
69,15,0.910337853391721,0.0896621466082789,0.119535238477346,11.995375
69,16,0.903533685880418,0.0964663141195819,0.1239238037382259,11.518925
69,17,0.9009040541661846,0.0990959458338154,0.1284833433151084,11.42165
69,18,0.8991877723663722,0.1008122276336278,0.1322913247370561,11.6024
69,19,0.8991877723663722,0.1008122276336278,0.135506981157838,11.83985
69,20,0.8991877723663722,0.1008122276336278,0.1380399130426938,12.0437
69,21,0.8991877723663722,0.1008122276336278,0.1401763481228099,12.2811
69,22,0.8970520037925661,0.1029479962074338,0.1420610650237619,12.331275
69,23,0.8964397984109533,0.1035602015890466,0.1442094074730582,12.461375
69,24,0.886990807328755,0.1130091926712449,0.1461466396513653,11.626425
69,25,0.8767031894961338,0.1232968105038662,0.1497908862046931,10.63325
69,26,0.8749206466691996,0.1250793533308004,0.1545255340174253,10.638425
69,27,0.8749206466691996,0.1250793533308004,0.1580476975700478,10.789225
69,28,0.8749206466691996,0.1250793533308004,0.1605179730325485,11.05255
69,29,0.8749206466691996,0.1250793533308004,0.1623927957789341,11.13865
69,30,0.8749206466691996,0.1250793533308004,0.1639173967208577,11.402925
69,31,0.8749206466691996,0.1250793533308004,0.1652254285966014,11.594575
69,32,0.8749206466691996,0.1250793533308004,0.1663909887003125,11.7851
69,33,0.8749206466691996,0.1250793533308004,0.1674560500220916,11.907625
69,34,0.872799900161367,0.127200099838633,0.1684450628939196,11.930475
69,35,0.872799900161367,0.127200099838633,0.1698521990618276,12.139675
69,36,0.872799900161367,0.127200099838633,0.1710060971779119,12.2851
69,37,0.8682107849734751,0.1317892150265248,0.1719993243556692,11.70295
69,38,0.865970446854084,0.134029553145916,0.1739424764309254,11.6171
69,39,0.865970446854084,0.134029553145916,0.1758944690466276,11.865275
69,40,0.865970446854084,0.134029553145916,0.177324689124659,11.979375
69,41,0.8658370227480526,0.1341629772519473,0.1784374812070606,12.1798
69,42,0.8658370227480526,0.1341629772519473,0.1793834338417607,12.33165
69,43,0.8557115775579547,0.1442884224420453,0.1801885050966326,11.159975
69,44,0.8536316946630153,0.1463683053369847,0.1833157186530081,10.79935
69,45,0.8509896399046237,0.1490103600953762,0.1859222558808703,10.664175
69,46,0.8509896399046237,0.1490103600953762,0.1883504857459312,10.778975
69,47,0.8509896399046237,0.1490103600953762,0.1900304754458731,10.96115
69,48,0.8494783153460489,0.1505216846539511,0.1912498456669413,10.7977
69,49,0.8458444441981715,0.1541555558018285,0.1925521199668466,10.34475
69,50,0.8458444441981715,0.1541555558018285,0.1944250844961472,10.44725
69,51,0.8458444441981715,0.1541555558018285,0.1957505884745079,10.6886
69,52,0.8458444441981715,0.1541555558018285,0.1967328997446252,10.82745
69,53,0.8458444441981715,0.1541555558018285,0.197496877021896,11.0028
69,54,0.8448241668493944,0.1551758331506055,0.1981192331477719,10.8072
69,55,0.8448241668493944,0.1551758331506055,0.1989053667809327,11.003175
69,56,0.8448241668493944,0.1551758331506055,0.1995311419201678,11.279425
69,57,0.8448241668493944,0.1551758331506055,0.2000509557949412,11.2031
69,58,0.8402429108033583,0.1597570891966416,0.2004988098264626,10.634275
69,59,0.8402429108033583,0.1597570891966416,0.2020773875398147,10.670925
69,60,0.8385890342190075,0.1614109657809924,0.2031898881780535,10.56115
69,61,0.837443994196175,0.162556005803825,0.2044333236172877,10.52065
69,62,0.837443994196175,0.162556005803825,0.2056266391867505,10.706175
69,63,0.837443994196175,0.162556005803825,0.2064858543866674,10.69295
69,64,0.837443994196175,0.162556005803825,0.2071276184384654,10.841875
69,65,0.8310809246226776,0.1689190753773224,0.2076261024721067,9.91505
69,66,0.8310809246226776,0.1689190753773224,0.2097236741189725,9.8464
69,67,0.8310809246226776,0.1689190753773224,0.2111596754873189,10.052925
69,68,0.8310809246226776,0.1689190753773224,0.2121654915540622,10.033625
69,69,0.8310809246226776,0.1689190753773224,0.2128896791362252,10.33225
69,70,0.8303555040511085,0.1696444959488915,0.2134279038460731,10.20595
69,71,0.8303555040511085,0.1696444959488915,0.214039533297611,10.198975
69,72,0.8303555040511085,0.1696444959488915,0.2144990623461042,10.532925
69,73,0.8303555040511085,0.1696444959488915,0.2148561882778842,10.532175
69,74,0.8303555040511085,0.1696444959488915,0.2151432910180092,10.72745
69,75,0.8289296704509513,0.1710703295490486,0.2153815476453566,10.4725
69,76,0.8289296704509513,0.1710703295490486,0.2159815582137773,10.618025
69,77,0.8284861711059234,0.1715138288940766,0.2164220124878621,10.51595
69,78,0.8201716315144671,0.1798283684855328,0.2168789853021411,8.93845
69,79,0.8201716315144671,0.1798283684855328,0.2195625458446687,9.1726
69,80,0.8196242442395852,0.1803757557604147,0.2213861056756444,9.1316
69,81,0.8196242442395852,0.1803757557604147,0.2227920083279021,9.1815
69,82,0.8182252956165721,0.1817747043834279,0.2237630416341194,9.165825
69,83,0.811768919071524,0.1882310809284759,0.2248425557549551,7.8131
69,84,0.811768919071524,0.1882310809284759,0.2274489661803474,7.83525
70,1,0.9956683507263184,0.0043316492736814,0.0,14.652175
70,2,0.984574129639244,0.015425870360756,0.0312153814104069,14.269575
70,3,0.9824304263292156,0.0175695736707842,0.0432151533026723,14.512
70,4,0.9735433128800238,0.0264566871199761,0.0529893665453228,14.141075
70,5,0.9660476687988128,0.0339523312011872,0.0618653917297589,13.87785
70,6,0.9500082331042368,0.0499917668957633,0.0698350300479875,12.98165
70,7,0.935090238809321,0.064909761190679,0.0782351802471484,11.98415
70,8,0.922849382394717,0.0771506176052829,0.086552907866384,11.23345
70,9,0.921423654457083,0.078576345542917,0.0943744587847442,11.4149
70,10,0.9052707531752844,0.0947292468247155,0.1002156261545099,10.2469
70,11,0.903434619862358,0.0965653801376419,0.1074608843141917,10.30175
70,12,0.903434619862358,0.0965653801376419,0.1128691006868924,10.641375
70,13,0.8931701600403779,0.1068298399596221,0.1170222611912996,9.953475
70,14,0.8908438231290742,0.1091561768709258,0.1223239627167409,9.96
70,15,0.8908438231290742,0.1091561768709258,0.1266588337826611,10.1184
70,16,0.8764537099204522,0.1235462900795477,0.1300283395720565,9.0264
70,17,0.8764537099204522,0.1235462900795477,0.1355939531402015,9.146525
70,18,0.874603147127364,0.125396852872636,0.1394471777010435,9.181825
70,19,0.874603147127364,0.125396852872636,0.142764584041987,9.377
70,20,0.8725604143922213,0.1274395856077786,0.1453975096400531,9.287675
70,21,0.8609795494315273,0.1390204505684726,0.1480409576118379,8.350475
70,22,0.8607900948572046,0.1392099051427954,0.152588463184559,8.47105
70,23,0.8555201940692547,0.1444798059307452,0.1557839153551005,8.034
70,24,0.8549618461824361,0.1450381538175639,0.1592960194923894,8.120875
70,25,0.8549618461824361,0.1450381538175639,0.1619741294556764,8.314625
70,26,0.8549618461824361,0.1450381538175639,0.1640615984840031,8.476925
70,27,0.8457251197864398,0.1542748802135601,0.1658007980517037,7.595975
70,28,0.8360111700785454,0.1639888299214545,0.1693069734018169,6.725975
70,29,0.8360111700785454,0.1639888299214545,0.1738864699834159,6.731225
70,30,0.8360111700785454,0.1639888299214545,0.1769492939391577,6.88195
70,31,0.8360111700785454,0.1639888299214545,0.179154986506164,6.968525
70,32,0.8330770683518393,0.1669229316481607,0.1808628517391306,6.76315
70,33,0.8330770683518393,0.1669229316481607,0.1829253001236728,6.825625
70,34,0.8330770683518393,0.1669229316481607,0.1845192223128421,6.9173
70,35,0.8303378820240935,0.1696621179759064,0.1858288986107067,6.7386
70,36,0.8299725119650857,0.1700274880349143,0.18758169563798,6.786175
70,37,0.8299725119650857,0.1700274880349143,0.1890379862224153,6.802525
70,38,0.8241415782664258,0.1758584217335742,0.1902247598251861,6.2185
70,39,0.8138483237921893,0.1861516762078107,0.192591886482787,5.046875
70,40,0.8138483237921893,0.1861516762078107,0.196693895141107,5.02785
70,41,0.8138483237921893,0.1861516762078107,0.1994209434583418,5.117025
70,42,0.8138483237921893,0.1861516762078107,0.2013273413199425,5.187475
70,43,0.8126791604739513,0.1873208395260487,0.2027368174891456,5.197025
70,44,0.8125979317147666,0.1874020682852334,0.2041186606706524,5.22035
70,45,0.8071905236796885,0.1928094763203115,0.205215861409106,4.5794
70,46,0.8070405041649321,0.1929594958350678,0.2074174327308494,4.650625
70,47,0.8070405041649321,0.1929594958350678,0.2090160966295762,4.6375
70,48,0.8065727385346495,0.1934272614653505,0.2102049227022075,4.668225
70,49,0.797639931345465,0.202360068654535,0.211250702006215,3.5202
70,50,0.797639931345465,0.202360068654535,0.2142888594194188,3.4704
70,51,0.7973953866314268,0.2026046133685731,0.2163519422382855,3.510925
70,52,0.7958705140862206,0.2041294859137794,0.2178696539603311,3.337775
70,53,0.7951977992545451,0.2048022007454548,0.2193650978721848,3.2741
70,54,0.7951977992545451,0.2048022007454548,0.2206297263233658,3.278675
70,55,0.7936857192700746,0.2063142807299254,0.2215760791581907,3.11435
70,56,0.7936857192700746,0.2063142807299254,0.2227018308795984,3.16745
70,57,0.7936857192700746,0.2063142807299254,0.2235514880426398,3.216475
70,58,0.7936857192700746,0.2063142807299254,0.2242219675276991,3.26345
70,59,0.7936857192700746,0.2063142807299254,0.2247738827163636,3.3187
70,60,0.7930255393698182,0.2069744606301817,0.2252453421059364,3.2137
70,61,0.7930255393698182,0.2069744606301817,0.225832306173957,3.29095
70,62,0.7930255393698182,0.2069744606301817,0.2263164598473081,3.292775
70,63,0.7930255393698182,0.2069744606301817,0.2267301931039192,3.361875
70,64,0.786605975465931,0.2133940245340689,0.2270941800971547,2.402
70,65,0.7841779824078022,0.2158220175921977,0.2291240455122367,2.0782
70,66,0.7802037103494398,0.2197962896505602,0.2311716277464786,1.613925
70,67,0.777110960796696,0.222889039203304,0.2336465394085247,0.0
70,68,0.777110960796696,0.222889039203304,0.2361662723118303,0.0
70,69,0.777110960796696,0.222889039203304,0.2378840427420616,0.0
70,70,0.777110960796696,0.222889039203304,0.2390784111743953,0.0
70,71,0.775274407010086,0.224725592989914,0.239929115422899,0.0
70,72,0.7729143024888203,0.2270856975111796,0.2410548110714934,0.0
70,73,0.7729143024888203,0.2270856975111796,0.2425047811248049,0.0
70,74,0.771712245860931,0.228287754139069,0.2435181054234286,0.0
70,75,0.7668158932951782,0.2331841067048218,0.2445749844716317,0.0
70,76,0.7647196630530662,0.2352803369469338,0.2466879866846162,0.0
70,77,0.7638245575336997,0.2361754424663003,0.2487225274656379,0.0
70,78,0.7638245575336997,0.2361754424663003,0.2503703546530566,0.0
70,79,0.7638245575336997,0.2361754424663003,0.2515096295106526,0.0
70,80,0.7638245575336997,0.2361754424663003,0.2523092393569174,0.0
70,81,0.7627311274429446,0.2372688725570554,0.2528806668354574,0.0
70,82,0.7608437762556411,0.2391562237443588,0.253609449268348,0.0
70,83,0.7604582816682552,0.2395417183317447,0.2546702283265598,0.0
70,84,0.75981915866408,0.24018084133592,0.2555227101511543,0.0
71,1,1.0,0.0,0.0,15.027975
71,2,0.996377942481144,0.003622057518856,0.0312153814104069,15.159375
71,3,0.9954943028484456,0.0045056971515543,0.0428158943828007,15.52455
71,4,0.9645072518145574,0.0354927481854425,0.0522722172292761,13.429075
71,5,0.9558289696577354,0.0441710303422645,0.0631416459806405,13.0393
71,6,0.9510720586476578,0.0489279413523422,0.0720918860796692,13.0496
71,7,0.9479743870355004,0.0520256129644994,0.0795268820981497,13.02055
71,8,0.9444723395698338,0.0555276604301662,0.085842557153785,13.13435
71,9,0.9294718932397182,0.0705281067602817,0.0915042492353081,12.1055
71,10,0.9294718932397182,0.0705281067602817,0.0984979257870317,12.360275
71,11,0.9157465953512676,0.0842534046487325,0.103553636696307,11.408325
71,12,0.908700277269253,0.091299722730747,0.1099439327239596,11.0616
71,13,0.908700277269253,0.091299722730747,0.1157341667886253,11.34515
71,14,0.9073398530776418,0.0926601469223582,0.1199309796455565,11.3869
71,15,0.9061404797119108,0.0938595202880893,0.12354053257439,11.5463
71,16,0.8952191851332548,0.1047808148667451,0.126755679647097,10.8017
71,17,0.893898934494238,0.106101065505762,0.1315553499375209,10.8932
71,18,0.893898934494238,0.106101065505762,0.1352534234431168,11.096175
71,19,0.893898934494238,0.106101065505762,0.1380991044668889,11.2751
71,20,0.893898934494238,0.106101065505762,0.1404621199432831,11.465275
71,21,0.8833159460943308,0.1166840539056691,0.1425262612995001,10.54955
71,22,0.8701205395544157,0.1298794604455843,0.146540070425584,9.421175
71,23,0.8683897115262597,0.1316102884737403,0.152099653180693,9.455825
71,24,0.8664454706922179,0.1335545293077821,0.1561095441544097,9.339975
71,25,0.8664454706922179,0.1335545293077821,0.1593300758603159,9.543175
71,26,0.8664454706922179,0.1335545293077821,0.1616991506556122,9.619025
71,27,0.8524981653410678,0.1475018346589321,0.1635826097515719,8.294725
71,28,0.8509890107284664,0.1490109892715335,0.1681729518755155,8.2457
71,29,0.8465899453113085,0.1534100546886915,0.1715694065323287,7.982975
71,30,0.845806168746277,0.154193831253723,0.1749279065552165,7.996925
71,31,0.845806168746277,0.154193831253723,0.1774659908097345,8.087375
71,32,0.843864350921277,0.156135649078723,0.1793569320581927,7.991625
71,33,0.843864350921277,0.156135649078723,0.1812983226252442,8.14895
71,34,0.843864350921277,0.156135649078723,0.1828193935529315,8.202775
71,35,0.843864350921277,0.156135649078723,0.1840835751697727,8.369475
71,36,0.843864350921277,0.156135649078723,0.1851833628964047,8.5511
71,37,0.8418123044753921,0.1581876955246078,0.1861718663670805,8.371775
71,38,0.8303845993117579,0.1696154006882421,0.1875529082846214,7.003625
71,39,0.8303845993117579,0.1696154006882421,0.1913270220858534,7.21405
71,40,0.825870468686951,0.1741295313130489,0.1938575643331407,6.599525
71,41,0.825870468686951,0.1741295313130489,0.1967067871695381,6.707275
71,42,0.8248510057858166,0.1751489942141834,0.1986822058951012,6.7128
71,43,0.8248510057858166,0.1751489942141834,0.2003714154207314,6.748075
71,44,0.8193635123734712,0.1806364876265288,0.2016395552511015,6.12805
71,45,0.8193635123734712,0.1806364876265288,0.2039624684827534,6.2102
71,46,0.8193635123734712,0.1806364876265288,0.2056014327220522,6.331575
71,47,0.8192952736790594,0.1807047263209406,0.2068190697641741,6.373425
71,48,0.8151271663549466,0.1848728336450533,0.2077893201160104,5.911225
71,49,0.8126534463905593,0.1873465536094407,0.209606010316696,5.55175
71,50,0.8109609595580336,0.1890390404419664,0.2115254070481495,5.393325
71,51,0.8109609595580336,0.1890390404419664,0.2133137344429823,5.45695
71,52,0.8109374373652661,0.1890625626347338,0.2145975693870083,5.485675
71,53,0.8109374373652661,0.1890625626347338,0.215569006843809,5.5354
71,54,0.8059573273339328,0.1940426726660672,0.2163342401342695,4.911675
71,55,0.8058413011308175,0.1941586988691824,0.2182239351599624,4.881
71,56,0.8058413011308175,0.1941586988691824,0.2195857839117941,4.97475
71,57,0.8058413011308175,0.1941586988691824,0.2205823796292051,5.006125
71,58,0.8028019288692851,0.1971980711307148,0.2213440373564081,4.656525
71,59,0.8005415704884241,0.1994584295115758,0.2227358811397863,4.38355
71,60,0.7983957125970321,0.2016042874029678,0.2243262599842085,4.030725
71,61,0.7983957125970321,0.2016042874029678,0.2260133837588707,4.016575
71,62,0.7983957125970321,0.2016042874029678,0.227201465951835,4.074425
71,63,0.7983957125970321,0.2016042874029678,0.2280671582020755,4.10455
71,64,0.7983957125970321,0.2016042874029678,0.2287224056270066,4.1823
71,65,0.7969643240645539,0.2030356759354461,0.2292384110017865,3.9579
71,66,0.7939138718497913,0.2060861281502086,0.2300419448330893,3.560275
71,67,0.7937323954921678,0.2062676045078322,0.2314630660140287,3.593875
71,68,0.793005437609156,0.206994562390844,0.2325150134670771,3.494825
71,69,0.7927512070573783,0.2072487929426216,0.2334721439093143,3.493575
71,70,0.7907593966025551,0.2092406033974448,0.2342376745966725,3.22235
71,71,0.7862777351832472,0.2137222648167528,0.235348933468211,2.517675
71,72,0.7829719717975724,0.2170280282024276,0.2373677041380021,2.0417
71,73,0.7826783433248009,0.2173216566751991,0.2396632529006765,2.02605
71,74,0.7826783433248009,0.2173216566751991,0.2413136294414388,2.03345
71,75,0.7826783433248009,0.2173216566751991,0.2424572984327223,2.101
71,76,0.7826783433248009,0.2173216566751991,0.2432649908325843,2.08485
71,77,0.780188422087742,0.219811577912258,0.243848458135665,1.748025
71,78,0.7785553608517554,0.2214446391482446,0.2449795493465195,0.0
71,79,0.7785553608517554,0.2214446391482446,0.2462342250000607,0.0
71,80,0.7740382364424901,0.2259617635575098,0.2471098880771957,0.0
71,81,0.7740382364424901,0.2259617635575098,0.2490141246780533,0.0
71,82,0.7740382364424901,0.2259617635575098,0.2503220907103373,0.0
71,83,0.7668782966515225,0.2331217033484774,0.2512302689020715,0.0
71,84,0.7660422398541411,0.2339577601458589,0.2539269365876223,0.0
72,1,0.9494831340098084,0.0505168659901915,0.0,11.281025
72,2,0.9284254521871144,0.0715745478128857,0.0312153814104069,10.01715
72,3,0.9172093423589566,0.0827906576410434,0.0437475293053079,9.5134
72,4,0.902885262702036,0.0971147372979639,0.0545221752758802,8.693575
72,5,0.8797011732610122,0.1202988267389878,0.0644381132759366,7.1764
72,6,0.8674815490626288,0.1325184509373712,0.0747682485595312,6.468575
72,7,0.8563402500374936,0.1436597499625064,0.0838318386541042,5.8217
72,8,0.8521473132060757,0.1478526867939242,0.0920902335264206,5.6611
72,9,0.8444778767290532,0.1555221232709468,0.0988444365575417,5.235225
72,10,0.8361871283531075,0.1638128716468925,0.1053248424055475,4.723775
72,11,0.8255180604829718,0.1744819395170281,0.1116598972921357,3.9735
72,12,0.815576641064388,0.184423358935612,0.1182402116927642,3.29825
72,13,0.8109710065202526,0.1890289934797474,0.1247490687203986,3.00525
72,14,0.8109710065202526,0.1890289934797474,0.130224565744369,3.078425
72,15,0.8109710065202526,0.1890289934797474,0.1343049356960355,3.141025
72,16,0.7901574159606874,0.2098425840393125,0.1376307841903676,1.4859
72,17,0.7887555221444459,0.2112444778555541,0.1444686673243979,1.433175
72,18,0.7867809484033477,0.2132190515966523,0.1492931233032908,1.339575
72,19,0.7781097786770729,0.2218902213229271,0.153192853141621,0.0
72,20,0.7747839182872586,0.2252160817127414,0.1579144108150559,0.0
72,21,0.7727267373471336,0.2272732626528664,0.1619618273477954,0.0
72,22,0.7686277148314712,0.2313722851685288,0.1653758088302339,0.0
72,23,0.7685881189032594,0.2314118810967406,0.1688468811244418,0.0
72,24,0.762586451726926,0.237413548273074,0.1714797276236027,0.0
72,25,0.7577084468386156,0.2422915531613844,0.174881912211184,0.0
72,26,0.7511474005918104,0.2488525994081896,0.1784422352793497,0.0
72,27,0.7469752453488555,0.2530247546511445,0.182433743686179,0.0
72,28,0.7446776891787383,0.2553223108212616,0.1861415780334085,0.0
72,29,0.7398349106689915,0.2601650893310084,0.1892789747443253,0.0
72,30,0.7382822149180098,0.2617177850819902,0.19264284813375,0.0
72,31,0.7330972869907849,0.2669027130092151,0.1954021338250285,0.0
72,32,0.7330972869907849,0.2669027130092151,0.198612791790412,0.0
72,33,0.7321835972528471,0.2678164027471529,0.2009168877261242,0.0
72,34,0.7321835972528471,0.2678164027471529,0.2028949238692339,0.0
72,35,0.7274333675916708,0.2725666324083292,0.2044645554210836,0.0
72,36,0.7274333675916708,0.2725666324083292,0.2068625272934527,0.0
72,37,0.7270717009190024,0.2729282990809976,0.2086465718204591,0.0
72,38,0.7221192566641149,0.2778807433358851,0.2101430453288844,0.0
72,39,0.7139975701770358,0.2860024298229642,0.2125218244729946,0.0
72,40,0.7139975701770358,0.2860024298229642,0.2161557716381803,0.0
72,41,0.7072605635198386,0.2927394364801614,0.2186340655548119,0.0
72,42,0.7072605635198386,0.2927394364801614,0.2220087118389845,0.0
72,43,0.7020286788223314,0.2979713211776685,0.224325045725737,0.0
72,44,0.7020286788223314,0.2979713211776685,0.2272490953334566,0.0
72,45,0.7017044763002485,0.2982955236997515,0.2292860491894319,0.0
72,46,0.6965017092816334,0.3034982907183666,0.230858284251019,0.0
72,47,0.6965017092816334,0.3034982907183666,0.2333244747882707,0.0
72,48,0.6927447501702565,0.3072552498297435,0.2350683647727624,0.0
72,49,0.6927447501702565,0.3072552498297435,0.2372852493650645,0.0
72,50,0.6927447501702565,0.3072552498297435,0.2388665435367834,0.0
72,51,0.6901173794681164,0.3098826205318836,0.2400499594163109,0.0
72,52,0.6887159646035194,0.3112840353964806,0.2416346835600241,0.0
72,53,0.6854058938163456,0.3145941061836543,0.243159349754019,0.0
72,54,0.6854058938163456,0.3145941061836543,0.2451233005712686,0.0
72,55,0.6847005761116507,0.3152994238883493,0.2465250063963551,0.0
72,56,0.6847005761116507,0.3152994238883493,0.2477485213957108,0.0
72,57,0.6847005761116507,0.3152994238883493,0.2486755450214254,0.0
72,58,0.6847005761116507,0.3152994238883493,0.249409913346559,0.0
72,59,0.6762424510361628,0.3237575489638372,0.25001657700334,0.0
72,60,0.6762424510361628,0.3237575489638372,0.2527277553639429,0.0
72,61,0.6762424510361628,0.3237575489638372,0.2545857820807843,0.0
72,62,0.6753800189748261,0.3246199810251738,0.2558969462919399,0.0
72,63,0.6707918142159865,0.3292081857840134,0.2570812814661752,0.0
72,64,0.6690486872613612,0.3309513127386387,0.2591651403371783,0.0
72,65,0.6645079249134103,0.3354920750865897,0.261077019653842,0.0
72,66,0.6614152687336733,0.3385847312663267,0.26362350020291,0.0
72,67,0.6614152687336733,0.3385847312663267,0.2661976745406303,0.0
72,68,0.6614152687336733,0.3385847312663267,0.2679618635239904,0.0
72,69,0.6613010462743178,0.3386989537256821,0.2691980640974259,0.0
72,70,0.6613010462743178,0.3386989537256821,0.2701187674240686,0.0
72,71,0.6613010462743178,0.3386989537256821,0.2707994817471618,0.0
72,72,0.6613010462743178,0.3386989537256821,0.2713198310834011,0.0
72,73,0.6613010462743178,0.3386989537256821,0.2717315426111147,0.0
72,74,0.6613010462743178,0.3386989537256821,0.2720683417488372,0.0
72,75,0.6585424047215743,0.3414575952784257,0.2723523073555244,0.0
72,76,0.6562363620340029,0.343763637965997,0.2733654602693601,0.0
72,77,0.6540385993301401,0.3459614006698599,0.2747352850020925,0.0
72,78,0.6540385993301401,0.3459614006698599,0.2763121394040378,0.0
72,79,0.648221429729097,0.351778570270903,0.2774086961282223,0.0
72,80,0.648221429729097,0.351778570270903,0.2798293323541604,0.0
72,81,0.6470180250246889,0.3529819749753111,0.2814871194909763,0.0
72,82,0.640072306100432,0.359927693899568,0.2829778373362635,0.0
72,83,0.6344123874023929,0.3655876125976071,0.2860009728331033,0.0
72,84,0.6238010105998725,0.3761989894001275,0.289690333128615,0.0
73,1,0.9974773987071144,0.0025226012928857,0.0,14.828175
73,2,0.9837304038864266,0.0162695961135733,0.0312153814104069,14.2169
73,3,0.9764535992439148,0.0235464007560851,0.0433568985369511,13.962325
73,4,0.9676310568947502,0.0323689431052498,0.0536094333713191,13.674775
73,5,0.9676310568947502,0.0323689431052498,0.062711670768502,14.039875
73,6,0.9508966677000288,0.0491033322999712,0.0699558598230485,12.96645
73,7,0.9378400982427496,0.0621599017572505,0.0781651192742385,12.2431
73,8,0.9286398352792874,0.0713601647207126,0.0861419551229341,11.80925
73,9,0.9244509362883208,0.0755490637116792,0.0933547410854716,11.6248
73,10,0.9220772356005774,0.0779227643994225,0.0993480332981771,11.728975
73,11,0.9159879879829528,0.0840120120170472,0.1043760773778134,11.527875
73,12,0.9123964132115852,0.0876035867884148,0.1094684187213066,11.359075
73,13,0.9096569873548882,0.0903430126451118,0.1140566705771531,11.375375
73,14,0.906770930259104,0.093229069740896,0.1181679186399209,11.355875
73,15,0.9002568737685167,0.0997431262314832,0.1219971866869216,11.03355
73,16,0.8941816402465674,0.1058183597534325,0.1262973286579316,10.639225
73,17,0.8936380049329345,0.1063619950670654,0.1306966114359437,10.770325
73,18,0.8936380049329345,0.1063619950670654,0.1340399310236668,10.976875
73,19,0.8936380049329345,0.1063619950670654,0.1366993788874341,11.238875
73,20,0.89351112223016,0.1064888777698399,0.1389587909581287,11.56035
73,21,0.8915875510314004,0.1084124489685995,0.1409862671471767,11.441625
73,22,0.8863106241284423,0.1136893758715577,0.1432104695737456,11.109675
73,23,0.8788226760811293,0.1211773239188707,0.1461882278099315,10.5144
73,24,0.8788226760811293,0.1211773239188707,0.1500009416041346,10.726625
73,25,0.8788226760811293,0.1211773239188707,0.1526824144714081,10.91275
73,26,0.8788226760811293,0.1211773239188707,0.1547346883364766,11.04085
73,27,0.8760967389418887,0.1239032610581113,0.1564203612728461,11.021725
73,28,0.8760967389418887,0.1239032610581113,0.1584653064116296,11.1483
73,29,0.8760967389418887,0.1239032610581113,0.1600988169181909,11.315675
73,30,0.8760967389418887,0.1239032610581113,0.1614824119493206,11.4724
73,31,0.859121443272973,0.1408785567270269,0.1627047207790741,9.637475
73,32,0.859121443272973,0.1408785567270269,0.1675756298379626,9.830475
73,33,0.8576111348763463,0.1423888651236536,0.170746924926484,9.718775
73,34,0.8576111348763463,0.1423888651236536,0.1732857491773949,9.938625
73,35,0.8576111348763463,0.1423888651236536,0.1751145077014484,10.0185
73,36,0.8515698504702301,0.1484301495297698,0.176522681488709,9.452325
73,37,0.8515698504702301,0.1484301495297698,0.179057349926505,9.5691
73,38,0.8515698504702301,0.1484301495297698,0.1808566904943073,9.76355
73,39,0.8515698504702301,0.1484301495297698,0.1822164519211701,9.896375
73,40,0.8515698504702301,0.1484301495297698,0.1833069332418617,9.94605
73,41,0.8483589128390685,0.1516410871609315,0.1842270387747153,9.78385
73,42,0.8483589128390685,0.1516410871609315,0.1857923643676424,9.862825
73,43,0.8483589128390685,0.1516410871609315,0.1869769100646995,9.99395
73,44,0.8455790426070915,0.1544209573929085,0.1879246166643883,9.722075
73,45,0.8448108844823898,0.1551891155176101,0.1893878658373142,9.7172
73,46,0.8441476007692902,0.1558523992307098,0.1906742400621694,9.8418
73,47,0.8441476007692902,0.1558523992307098,0.1918221068955412,9.8578
73,48,0.8381216442203137,0.1618783557796863,0.1927178915044575,9.218925
73,49,0.8381216442203137,0.1618783557796863,0.1949300169166612,9.188125
73,50,0.8359438028811121,0.1640561971188878,0.1964699221218243,9.0192
73,51,0.8353843238207638,0.1646156761792362,0.1981309041299178,9.152025
73,52,0.8321776128179486,0.1678223871820514,0.1994626752921414,8.645275
73,53,0.8307332883699158,0.1692667116300842,0.2012491318616459,8.5955
73,54,0.8307332883699158,0.1692667116300842,0.2028763892715822,8.723025
73,55,0.8307332883699158,0.1692667116300842,0.2040376351956933,8.831175
73,56,0.8286448009837418,0.1713551990162581,0.204902638890747,8.51665
73,57,0.8286448009837418,0.1713551990162581,0.2061100308633038,8.599625
73,58,0.8273282975662736,0.1726717024337264,0.2069964141645687,8.48925
73,59,0.8273282975662736,0.1726717024337264,0.2080150403234768,8.60585
73,60,0.8273282975662736,0.1726717024337264,0.2087744630964317,8.684975
73,61,0.825648388319923,0.1743516116800769,0.2093649387830998,8.499
73,62,0.8245174652227986,0.1754825347772014,0.2102827750508122,8.443375
73,63,0.8245174652227986,0.1754825347772014,0.2112645542177275,8.4887
73,64,0.8223683224774865,0.1776316775225135,0.2119872100221415,8.19445
73,65,0.8223073323429011,0.1776926676570989,0.2131097484804207,8.354775
73,66,0.8223073323429011,0.1776926676570989,0.2139340750565697,8.551175
73,67,0.820278360687616,0.179721639312384,0.2145465202875099,8.220375
73,68,0.8170692114987933,0.1829307885012067,0.2155638873933815,7.6355
73,69,0.8170692114987933,0.1829307885012067,0.2171630982311861,7.776375
73,70,0.8170692114987933,0.1829307885012067,0.2182737063167012,7.89885
73,71,0.8170692114987933,0.1829307885012067,0.2190635780270266,7.9645
73,72,0.8165084409101705,0.1834915590898295,0.219641331467257,7.908125
73,73,0.8165084409101705,0.1834915590898295,0.2202315021087198,8.03805
73,74,0.8165084409101705,0.1834915590898295,0.2206733428072312,8.0257
73,75,0.8142360181017079,0.1857639818982921,0.2210149489089709,7.52845
73,76,0.8141889000815675,0.1858110999184324,0.2219200210093742,7.695425
73,77,0.813457060721641,0.1865429392783589,0.2225769200059562,7.7108
73,78,0.80784826565317,0.1921517343468299,0.223259602624576,6.70395
73,79,0.80784826565317,0.1921517343468299,0.2253322068427792,6.704175
73,80,0.80784826565317,0.1921517343468299,0.2267495636752,6.746875
73,81,0.8047108553761184,0.1952891446238815,0.2277296167797306,6.2784
73,82,0.8047108553761184,0.1952891446238815,0.2293110614989017,6.228275
73,83,0.8037535236515746,0.1962464763484254,0.2303998353248155,6.132825
73,84,0.7966180844497176,0.2033819155502824,0.231432640636049,4.797125
74,1,0.990219290566612,0.009780709433388,0.0,14.2612
74,2,0.9678536262617884,0.0321463737382116,0.0312153814104069,12.94645
74,3,0.958734089436304,0.0412659105636959,0.0438174185239068,12.569525
74,4,0.9501815361815664,0.0498184638184336,0.0544669854212676,12.3119
74,5,0.930790444477077,0.0692095555229229,0.0637633570544215,11.03785
74,6,0.9142177135148664,0.0857822864851335,0.073377740858562,10.00225
74,7,0.8996698567297834,0.1003301432702166,0.0826569444015326,9.1714
74,8,0.8947559479194584,0.1052440520805415,0.0914380198396248,8.92905
74,9,0.8943178458351672,0.1056821541648328,0.0984978595361995,9.146125
74,10,0.8858470628296568,0.1141529371703432,0.1039595697348057,8.63325
74,11,0.8824224364239649,0.1175775635760351,0.1098530293307799,8.58795
74,12,0.8704245302107351,0.1295754697892649,0.114972121258056,7.720625
74,13,0.8581434559569642,0.1418565440430358,0.1211290455192667,6.8234
74,14,0.8551508435698559,0.144849156430144,0.1277741142545817,6.754225
74,15,0.8461825597284719,0.1538174402715281,0.1329267965844936,6.11665
74,16,0.8456520921201928,0.1543479078798072,0.1384318476008272,6.156975
74,17,0.8437932930014763,0.1562067069985236,0.1424706760578415,6.147325
74,18,0.8241996893629594,0.1758003106370406,0.1459871247168868,4.514875
74,19,0.8241996893629594,0.1758003106370406,0.1526673586106219,4.544
74,20,0.8241996893629594,0.1758003106370406,0.1570683331466876,4.68535
74,21,0.8192970135743906,0.1807029864256094,0.1602771420272577,4.32045
74,22,0.8117238527180716,0.1882761472819284,0.1638264688701731,3.6507
74,23,0.8072263501521268,0.1927736498478731,0.1680748436780862,3.310525
74,24,0.8072263501521268,0.1927736498478731,0.1720407016458111,3.373525
74,25,0.8014028328826668,0.1985971671173332,0.1748989016644538,2.8153
74,26,0.8014028328826668,0.1985971671173332,0.1783662470967928,2.862025
74,27,0.798627899607637,0.2013721003923629,0.1809077987669835,2.62905
74,28,0.798627899607637,0.2013721003923629,0.1835158884344412,2.6874
74,29,0.7928658363883255,0.2071341636116744,0.1855400344232186,2.139275
74,30,0.7928658363883255,0.2071341636116744,0.1884744252330356,2.153275
74,31,0.7907939125801745,0.2092060874198255,0.190640110724233,1.987625
74,32,0.787554334099983,0.212445665900017,0.1928141131673304,1.712225
74,33,0.7821998345073014,0.2178001654926986,0.1952382805633313,1.27195
74,34,0.7754083524957095,0.2245916475042905,0.1982692478031748,0.0
74,35,0.7754083524957095,0.2245916475042905,0.201969371490401,0.0
74,36,0.7724724559022033,0.2275275440977967,0.2045131566562535,0.0
74,37,0.7724724559022033,0.2275275440977967,0.2070497440403944,0.0
74,38,0.7667089202650669,0.2332910797349331,0.2088999022019218,0.0
74,39,0.7660379743626393,0.2339620256373606,0.2116724125181383,0.0
74,40,0.7660379743626393,0.2339620256373606,0.2138000679969549,0.0
74,41,0.7660379743626393,0.2339620256373606,0.2153810381219509,0.0
74,42,0.7568454360862793,0.2431545639137207,0.2166266085423387,0.0
74,43,0.7568454360862793,0.2431545639137207,0.2198419857614466,0.0
74,44,0.754767715984978,0.2452322840150219,0.2220527038051033,0.0
74,45,0.7510716654890245,0.2489283345109755,0.2241511115349261,0.0
74,46,0.7478809568188284,0.2521190431811716,0.2265684622842846,0.0
74,47,0.7476746318251654,0.2523253681748346,0.2290566994581081,0.0
74,48,0.7440390727916611,0.2559609272083388,0.2308600847980175,0.0
74,49,0.7432715816936839,0.2567284183063161,0.2330796896426447,0.0
74,50,0.7432715816936839,0.2567284183063161,0.2348480361700737,0.0
74,51,0.7432715816936839,0.2567284183063161,0.2361436530315561,0.0
74,52,0.7404537471274463,0.2595462528725537,0.2371404006428223,0.0
74,53,0.7404537471274463,0.2595462528725537,0.2386500918313609,0.0
74,54,0.7404537471274463,0.2595462528725537,0.2397685275399035,0.0
74,55,0.7404537471274463,0.2595462528725537,0.2406365982671335,0.0
74,56,0.7404537471274463,0.2595462528725537,0.2413414830828043,0.0
74,57,0.7400426242009425,0.2599573757990575,0.2419374159835253,0.0
74,58,0.7394044393613504,0.2605955606386496,0.2425638450616172,0.0
74,59,0.7347623206078735,0.2652376793921265,0.2432627248110767,0.0
74,60,0.726658982961633,0.273341017038367,0.2450402877190066,0.0
74,61,0.7246912758945494,0.2753087241054506,0.2484081602876075,0.0
74,62,0.7204278390541686,0.2795721609458313,0.2511969233919917,0.0
74,63,0.7204278390541686,0.2795721609458313,0.2542205969900981,0.0
74,64,0.7204278390541686,0.2795721609458313,0.2562750692778068,0.0
74,65,0.7204278390541686,0.2795721609458313,0.2577045774289945,0.0
74,66,0.7188329679123905,0.2811670320876095,0.2587283425811411,0.0
74,67,0.7188329679123905,0.2811670320876095,0.259913180481042,0.0
74,68,0.7182939416318832,0.2817060583681168,0.2607726995693242,0.0
74,69,0.7139310720686107,0.2860689279313892,0.2615630254055881,0.0
74,70,0.7139310720686107,0.2860689279313892,0.2633424675137067,0.0
74,71,0.7139310720686107,0.2860689279313892,0.264582923964191,0.0
74,72,0.7139310720686107,0.2860689279313892,0.2654685207461235,0.0
74,73,0.7120694690140844,0.2879305309859156,0.2661186928226787,0.0
74,74,0.7120694690140844,0.2879305309859156,0.2671247179405171,0.0
74,75,0.7088899426163565,0.2911100573836435,0.2678491092825137,0.0
74,76,0.7064535928782164,0.2935464071217836,0.2692695887503675,0.0
74,77,0.7064535928782164,0.2935464071217836,0.2709448532118532,0.0
74,78,0.7029730838047842,0.2970269161952158,0.2721072070372601,0.0
74,79,0.697255933290073,0.302744066709927,0.2739077739145572,0.0
74,80,0.697255933290073,0.302744066709927,0.2767686976618578,0.0
74,81,0.6959714181642167,0.3040285818357833,0.2787199822771322,0.0
74,82,0.6876818388400885,0.3123181611599115,0.2804297604568522,0.0
74,83,0.6876818388400885,0.3123181611599115,0.2839840734028793,0.0
74,84,0.686363115939388,0.3136368840606119,0.2864030755329417,0.0
75,1,0.9965078193700668,0.0034921806299331,0.0,14.7828
75,2,0.9861643107698356,0.0138356892301643,0.0312153814104069,14.3709
75,3,0.969408255899812,0.0305917441001879,0.0431750406025294,13.46435
75,4,0.9603899953994992,0.0396100046005006,0.0540668759193164,13.06535
75,5,0.9519149964133232,0.0480850035866767,0.0634692497639407,12.673675
75,6,0.9355107542392086,0.0644892457607914,0.0718500828435704,11.709875
75,7,0.9355107542392086,0.0644892457607914,0.0805514330910568,11.99455
75,8,0.9249768410058036,0.0750231589941964,0.0869815646948073,11.40635
75,9,0.9249768410058036,0.0750231589941964,0.0937771244229443,11.7472
75,10,0.922322736215876,0.0776772637841238,0.098942795426416,11.7635
75,11,0.915817680595582,0.0841823194044181,0.1036485108194121,11.4209
75,12,0.913721021187016,0.0862789788129839,0.1086555939725402,11.572225
75,13,0.9046163684347832,0.0953836315652169,0.112930840418048,10.914825
75,14,0.8930856513600376,0.1069143486399624,0.118026841506889,10.130825
75,15,0.8930856513600376,0.1069143486399624,0.1239066311026941,10.3152
75,16,0.8898234270912392,0.1101765729087608,0.1279874605293736,10.25495
75,17,0.8823332433897656,0.1176667566102344,0.1317594589591862,9.75675
75,18,0.8739788600603376,0.1260211399396623,0.1361467004363043,9.051225
75,19,0.8698909617009232,0.1301090382990768,0.1409833022687718,8.844525
75,20,0.8665462991117702,0.1334537008882298,0.1451860324404329,8.7056
75,21,0.8661089263539532,0.1338910736460468,0.1488941394401119,8.86765
75,22,0.8643530319965999,0.1356469680034001,0.1517302323804815,8.8547
75,23,0.8643530319965999,0.1356469680034001,0.1543476222709695,8.9031
75,24,0.8643530319965999,0.1356469680034001,0.1564531173525375,9.08955
75,25,0.8643530319965999,0.1356469680034001,0.1582511909909622,9.298325
75,26,0.8534092471371147,0.1465907528628852,0.1598498645544012,8.253875
75,27,0.8534092471371147,0.1465907528628852,0.1636418065442209,8.405075
75,28,0.8487964153528424,0.1512035846471575,0.1662789931066236,8.088775
75,29,0.8463874350786403,0.1536125649213596,0.169263836185445,7.97005
75,30,0.843779754072974,0.156220245927026,0.1719520889242312,7.729325
75,31,0.8419019518294909,0.1580980481705091,0.1745076727686263,7.602125
75,32,0.8407528734773253,0.1592471265226747,0.1768167757449432,7.687125
75,33,0.8374443014163644,0.1625556985836356,0.1788125573598372,7.3493
75,34,0.8374443014163644,0.1625556985836356,0.1811020365157539,7.5106
75,35,0.8374443014163644,0.1625556985836356,0.1828041677812631,7.52885
75,36,0.833986346143547,0.1660136538564529,0.1841545563793737,7.285425
75,37,0.833986346143547,0.1660136538564529,0.1860785395818754,7.34425
75,38,0.8293999452018426,0.1706000547981574,0.1875334142771393,6.907275
75,39,0.8272634804285879,0.1727365195714121,0.189765077188286,6.74715
75,40,0.8272634804285879,0.1727365195714121,0.1918805373571038,6.843625
75,41,0.8272634804285879,0.1727365195714121,0.1934216228018073,6.87895
75,42,0.8269897054198062,0.1730102945801938,0.194612520536163,7.003225
75,43,0.8262132014825715,0.1737867985174285,0.1956495086803178,6.935625
75,44,0.825208136931359,0.174791863068641,0.1967046589157568,6.93915
75,45,0.8246925968944524,0.1753074031055476,0.1978173619979636,6.880925
75,46,0.8204584262711995,0.1795415737288005,0.1988396106397692,6.4228
75,47,0.8202968966357885,0.1797031033642114,0.2007016470499186,6.4118
75,48,0.8149223573583803,0.1850776426416197,0.2020825245788426,5.7996
75,49,0.8149223573583803,0.1850776426416197,0.2044416472252332,5.864575
75,50,0.8149223573583803,0.1850776426416197,0.2060807553456448,6.0447
75,51,0.8149223573583803,0.1850776426416197,0.2072716929705313,6.034775
75,52,0.8149223573583803,0.1850776426416197,0.2081799125640637,6.120875
75,53,0.8139100598262975,0.1860899401737025,0.2089066242971782,5.918275
75,54,0.8122134540556826,0.1877865459443174,0.2097687879923184,5.8624
75,55,0.8105763279670951,0.1894236720329049,0.2108843570319308,5.577575
75,56,0.8105763279670951,0.1894236720329049,0.2121412027763085,5.76985
75,57,0.8064740184562152,0.1935259815437847,0.213066908683728,5.124825
75,58,0.8000388059913806,0.1999611940086194,0.214831965035438,4.233675
75,59,0.8000388059913806,0.1999611940086194,0.2177323188913343,4.122575
75,60,0.8000388059913806,0.1999611940086194,0.219694148572351,4.305375
75,61,0.8000388059913806,0.1999611940086194,0.2210573166935265,4.39145
75,62,0.8000388059913806,0.1999611940086194,0.2220357599657444,4.38585
75,63,0.8000388059913806,0.1999611940086194,0.2227646185701149,4.459
75,64,0.8000388059913806,0.1999611940086194,0.2233295703518498,4.432625
75,65,0.7910150899933113,0.2089849100066887,0.22378514742263,3.0016
75,66,0.7910150899933113,0.2089849100066887,0.2265699880972256,3.069675
75,67,0.7910150899933113,0.2089849100066887,0.2284575205082157,3.17925
75,68,0.7904955006110511,0.2095044993889488,0.2297626265157513,3.081
75,69,0.7886293443148421,0.2113706556851579,0.2308277111024861,2.763975
75,70,0.7885365327930005,0.2114634672069995,0.2320999782922954,2.8353
75,71,0.7875847670614146,0.2124152329385854,0.2330248868654408,2.6533
75,72,0.7875847670614146,0.2124152329385854,0.2339553228929157,2.727975
75,73,0.7843781094962138,0.2156218905037862,0.2346268421338671,2.249025
75,74,0.7834055169118298,0.2165944830881702,0.2360103794376216,2.20825
75,75,0.7832765519599789,0.216723448040021,0.237246243899239,2.09165
75,76,0.7832765519599789,0.216723448040021,0.2381496632976581,2.07925
75,77,0.7815680343707196,0.2184319656292803,0.2387955313934539,1.9618
75,78,0.7815680343707196,0.2184319656292803,0.2397478953263228,1.92915
75,79,0.779428765583027,0.220571234416973,0.2404227773687885,0.0
75,80,0.779428765583027,0.220571234416973,0.2415162144029271,0.0
75,81,0.777754514450019,0.222245485549981,0.2422822050844091,0.0
75,82,0.777754514450019,0.222245485549981,0.2433052783708361,0.0
75,83,0.7754355818942494,0.2245644181057505,0.2440216615873615,0.0
75,84,0.7744845740026545,0.2255154259973455,0.2451973980290523,0.0
76,1,0.9978935462052626,0.0021064537947373,0.0,14.857625
76,2,0.9958356880080144,0.0041643119919855,0.0312153814104069,15.111575
76,3,0.9660041617875268,0.0339958382124733,0.0427323147708305,13.17345
76,4,0.9493999918916352,0.0506000081083648,0.0544004465601257,12.222925
76,5,0.9458143521021668,0.0541856478978332,0.0648717616749791,12.22205
76,6,0.9410225432819878,0.0589774567180122,0.0731852212351527,12.172775
76,7,0.931816245549714,0.068183754450286,0.0804235922907525,11.722575
76,8,0.9271108890059748,0.0728891109940251,0.0875492649894704,11.66095
76,9,0.9176458113319458,0.0823541886680542,0.093777180307643,11.105725
76,10,0.9121593550568606,0.0878406449431393,0.1001939561467836,10.882125
76,11,0.910663418512195,0.0893365814878049,0.1059353945151562,11.0543
76,12,0.9048781226596416,0.0951218773403582,0.1105902383992795,10.7245
76,13,0.8967048765567233,0.1032951234432767,0.1153813612408692,10.2744
76,14,0.8946994110235207,0.1053005889764793,0.1205807108641036,10.24145
76,15,0.8895297774329981,0.1104702225670019,0.1247883188685535,10.041525
76,16,0.8895297774329981,0.1104702225670019,0.1290462262272838,10.2257
76,17,0.8806073246324203,0.1193926753675796,0.1322922335224816,9.5594
76,18,0.8806073246324203,0.1193926753675796,0.1367017060744562,9.70295
76,19,0.8746970698106749,0.1253029301893251,0.1399135796096348,9.3735
76,20,0.8746970698106749,0.1253029301893251,0.1436492834042747,9.561725
76,21,0.8695756994145976,0.1304243005854024,0.1464358015171478,9.22115
76,22,0.8695756994145976,0.1304243005854024,0.1497340772408744,9.4343
76,23,0.8587661005497381,0.1412338994502618,0.1522221847922504,8.459025
76,24,0.8489725160574668,0.1510274839425331,0.156493969375272,7.515425
76,25,0.844260151001659,0.155739848998341,0.1615010732683153,7.14415
76,26,0.844260151001659,0.155739848998341,0.1658374527674839,7.31015
76,27,0.8436854542319682,0.1563145457680318,0.1688048641383022,7.407075
76,28,0.8436854542319682,0.1563145457680318,0.1711317040871224,7.5204
76,29,0.8405141989427839,0.1594858010572161,0.1729611598236762,7.26435
76,30,0.8403238975244675,0.1596761024755325,0.1751842877313334,7.292775
76,31,0.8377750721927618,0.1622249278072381,0.176956632018638,7.080025
76,32,0.8377750721927618,0.1622249278072381,0.1789790135276619,7.28775
76,33,0.8377750721927618,0.1622249278072381,0.1805609746004987,7.407825
76,34,0.8377750721927618,0.1622249278072381,0.181875048250675,7.5418
76,35,0.8377750721927618,0.1622249278072381,0.1830182515483603,7.597675
76,36,0.830658784040662,0.169341215959338,0.1840459698739085,6.81915
76,37,0.8271511797054106,0.1728488202945893,0.1866197911791389,6.56685
76,38,0.8271511797054106,0.1728488202945893,0.1892635517191478,6.598225
76,39,0.8271511797054106,0.1728488202945893,0.1911335045425873,6.761025
76,40,0.8271511797054106,0.1728488202945893,0.1925393269467134,6.855975
76,41,0.8271511797054106,0.1728488202945893,0.1936603032505742,6.866325
76,42,0.8158901500836969,0.184109849916303,0.1946010716509375,5.46355
76,43,0.8063545786634626,0.1936454213365374,0.1980954522399895,4.300675
76,44,0.8063545786634626,0.1936454213365374,0.2027222202606222,4.41985
76,45,0.8001655894750944,0.1998344105249055,0.2057586890494072,3.64595
76,46,0.7989502363971209,0.201049763602879,0.2093259516314538,3.4835
76,47,0.7989502363971209,0.201049763602879,0.2120169794700816,3.544825
76,48,0.7989502363971209,0.201049763602879,0.2138768252178403,3.6275
76,49,0.7988486491470351,0.2011513508529648,0.215223313006984,3.574675
76,50,0.7969724600941461,0.2030275399058538,0.2162733563448025,3.371425
76,51,0.7969724600941461,0.2030275399058538,0.2175737420010206,3.396975
76,52,0.7969724600941461,0.2030275399058538,0.2185582861274682,3.475025
76,53,0.7969724600941461,0.2030275399058538,0.2193405572106721,3.48055
76,54,0.7969724600941461,0.2030275399058538,0.2199903901937215,3.503675
76,55,0.7967696194356573,0.2032303805643427,0.2205509916927692,3.5771
76,56,0.7954807322137883,0.2045192677862116,0.2211008338325926,3.41955
76,57,0.7954807322137883,0.2045192677862116,0.2219154373667982,3.43705
76,58,0.7918372037968758,0.2081627962031241,0.2225627702800565,2.9453
76,59,0.7918372037968758,0.2081627962031241,0.2240385568525334,2.9797
76,60,0.7918372037968758,0.2081627962031241,0.2250974143173691,2.98075
76,61,0.7885470077650326,0.2114529922349673,0.2258872170858474,2.5395
76,62,0.7877545171244993,0.2122454828755007,0.2273616721610891,2.5335
76,63,0.7877545171244993,0.2122454828755007,0.2286193707413431,2.52135
76,64,0.7873997166365118,0.2126002833634882,0.229526980464312,2.496625
76,65,0.7860311443941957,0.2139688556058042,0.2303001272588824,2.297525
76,66,0.7860311443941957,0.2139688556058042,0.2312535637565314,2.3128
76,67,0.7860311443941957,0.2139688556058042,0.2319560113146837,2.33705
76,68,0.7805004186082499,0.21949958139175,0.2324925092784538,1.64315
76,69,0.7746468864766353,0.2253531135233647,0.2344109122126483,0.0
76,70,0.7746468864766353,0.2253531135233647,0.2373224199981099,0.0
76,71,0.7746468864766353,0.2253531135233647,0.2392958142946767,0.0
76,72,0.773730071335179,0.2262699286648209,0.240654981858489,0.0
76,73,0.773730071335179,0.2262699286648209,0.2418617573068682,0.0
76,74,0.773730071335179,0.2262699286648209,0.2427148055494321,0.0
76,75,0.773730071335179,0.2262699286648209,0.2433327243378078,0.0
76,76,0.773730071335179,0.2262699286648209,0.2437930031565311,0.0
76,77,0.773730071335179,0.2262699286648209,0.2441464176895731,0.0
76,78,0.773730071335179,0.2262699286648209,0.2444263427114758,0.0
76,79,0.7731219392914213,0.2268780607085787,0.2446547915712915,0.0
76,80,0.768988403391071,0.231011596608929,0.2450183463046575,0.0
76,81,0.7689639279722115,0.2310360720277885,0.2464714333210588,0.0
76,82,0.7674298700992589,0.2325701299007411,0.2474842641867542,0.0
76,83,0.7614550935332947,0.2385449064667053,0.2486334698426213,0.0
76,84,0.7614550935332947,0.2385449064667053,0.2511510127060791,0.0
77,1,1.0,0.0,0.0,15.0079
77,2,0.999838779802484,0.0001612201975159,0.0312153814104069,15.48435
77,3,0.999838779802484,0.0001612201975159,0.0426309720161856,15.935925
77,4,0.9875524895281748,0.0124475104718252,0.05191665922655,15.3059
77,5,0.9845596239359774,0.0154403760640225,0.0608539003451371,15.4692
77,6,0.9806990008443544,0.0193009991556455,0.0682684294897667,15.5413
77,7,0.9660519434143636,0.0339480565856363,0.0748077309510911,14.603125
77,8,0.9443374395776972,0.0556625604223027,0.0822111168812969,13.1179
77,9,0.9443374395776972,0.0556625604223027,0.0909447034236833,13.4295
77,10,0.9409127003910052,0.0590872996089948,0.0968655442633455,13.397225
77,11,0.9346239254234452,0.0653760745765547,0.101984163884428,13.127675
77,12,0.9325194754028236,0.0674805245971764,0.1071090672207049,13.230625
77,13,0.9234446825682388,0.0765553174317612,0.1114158917928307,12.629825
77,14,0.9214914524420472,0.0785085475579526,0.1165012597164143,12.78315
77,15,0.9214914524420472,0.0785085475579526,0.1205985408283822,13.03745
77,16,0.9214914524420472,0.0785085475579526,0.1237923804042677,13.3198
77,17,0.9214914524420472,0.0785085475579526,0.1264733130798642,13.580475
77,18,0.9176951961671044,0.0823048038328955,0.1288296192769017,13.453
77,19,0.9111507962255768,0.0888492037744232,0.131702581898451,13.0786
77,20,0.9095494003300963,0.0904505996699036,0.1353379955833371,13.17105
77,21,0.9078355987029696,0.0921644012970305,0.138344880250592,13.2849
77,22,0.9068288741019312,0.0931711258980687,0.1410189732221478,13.31855
77,23,0.8980214693545374,0.1019785306454625,0.1433430366835824,12.646425
77,24,0.8946303993739386,0.1053696006260613,0.1470708261064114,12.501775
77,25,0.8946303993739386,0.1053696006260613,0.1504050727953626,12.74125
77,26,0.8946303993739386,0.1053696006260613,0.1527998461196879,12.9459
77,27,0.8844182574617658,0.1155817425382341,0.1546644349305353,11.95645
77,28,0.8844182574617658,0.1155817425382341,0.1584108580860107,12.08165
77,29,0.8844182574617658,0.1155817425382341,0.1609833781950583,12.22695
77,30,0.8820656065864991,0.1179343934135008,0.1628917959231816,12.2423
77,31,0.8820656065864991,0.1179343934135008,0.1649294033197439,12.442925
77,32,0.8820656065864991,0.1179343934135008,0.1665056363088069,12.514225
77,33,0.880851987070555,0.1191480129294449,0.1678040963026622,12.6627
77,34,0.8784751583024718,0.1215248416975282,0.1691997632253773,12.58945
77,35,0.8748305402550246,0.1251694597449754,0.1709001061503042,12.2792
77,36,0.8748305402550246,0.1251694597449754,0.173054811620913,12.436225
77,37,0.86996089974184,0.13003910025816,0.174633693833503,11.997525
77,38,0.866820952379964,0.1331790476200359,0.1769884538147681,11.76565
77,39,0.8635526275431591,0.1364473724568409,0.1793959037594955,11.518
77,40,0.8631246668456324,0.1368753331543676,0.1818627447476119,11.61305
77,41,0.8630654124973995,0.1369345875026004,0.183697801777025,11.7036
77,42,0.8570793506980098,0.1429206493019902,0.1850642629757359,10.995875
77,43,0.8546424590213016,0.1453575409786983,0.187549196456053,10.854075
77,44,0.8546424590213016,0.1453575409786983,0.1898614315084529,11.144425
77,45,0.8544425221762532,0.1455574778237468,0.1914842723535673,11.07435
77,46,0.8525828673216665,0.1474171326783334,0.1927327163792968,10.979375
77,47,0.8525828673216665,0.1474171326783334,0.1941499299913114,11.26435
77,48,0.8525828673216665,0.1474171326783334,0.1952127742553976,11.231125
77,49,0.8525828673216665,0.1474171326783334,0.1960521571205278,11.4207
77,50,0.851032173466297,0.148967826533703,0.1967473180915368,11.4861
77,51,0.851032173466297,0.148967826533703,0.1977308012862815,11.57175
77,52,0.8397913161810534,0.1602086838189466,0.1985025046063084,9.786125
77,53,0.8383614554767277,0.1616385445232723,0.2019508133690384,9.8371
77,54,0.8383614554767277,0.1616385445232723,0.2046130980338762,9.884525
77,55,0.8383614554767277,0.1616385445232723,0.2064242285927828,9.916275
77,56,0.8383614554767277,0.1616385445232723,0.2076993958107161,10.064475
77,57,0.8383614554767277,0.1616385445232723,0.2086338695753646,10.2916
77,58,0.8383614554767277,0.1616385445232723,0.2093491219544615,10.269325
77,59,0.8383614554767277,0.1616385445232723,0.209921046424641,10.367825
77,60,0.8383614554767277,0.1616385445232723,0.2103972858791575,10.599775
77,61,0.8383614554767277,0.1616385445232723,0.2108079106669377,10.649325
77,62,0.8327245104125659,0.1672754895874341,0.2111720215721493,9.8391
77,63,0.8327245104125659,0.1672754895874341,0.2129829833145222,9.912325
77,64,0.8327245104125659,0.1672754895874341,0.2142396804156548,10.16275
77,65,0.8327245104125659,0.1672754895874341,0.2151375892691222,10.14305
77,66,0.8323097440332824,0.1676902559667176,0.2158012448842658,10.2344
77,67,0.8317831642833414,0.1682168357166585,0.2164212397313666,10.2086
77,68,0.8295883915544736,0.1704116084455263,0.2170403419890137,9.977875
77,69,0.8295883915544736,0.1704116084455263,0.2181068585167404,9.97775
77,70,0.8269516872530559,0.1730483127469441,0.2188701050115835,9.623
77,71,0.8266496662613406,0.1733503337386593,0.2201510418400034,9.54575
77,72,0.8253819768869547,0.1746180231130453,0.2211336307749531,9.62265
77,73,0.8253819768869547,0.1746180231130453,0.2221843574214214,9.660125
77,74,0.8253819768869547,0.1746180231130453,0.2229299028101437,9.60905
77,75,0.8253819768869547,0.1746180231130453,0.2234724019954575,9.7038
77,76,0.8253819768869547,0.1746180231130453,0.2238785940828985,9.931025
77,77,0.820484693048579,0.179515306951421,0.2241922162238719,8.952275
77,78,0.8185477569264981,0.1814522430735019,0.2258158832315984,8.656
77,79,0.8185477569264981,0.1814522430735019,0.2274804577282614,8.77045
77,80,0.8167672672227946,0.1832327327772054,0.2286262561976709,8.5142
77,81,0.8156721660439058,0.1843278339560942,0.2299309227352097,8.361475
77,82,0.8074942607873448,0.1925057392126552,0.2311474711950936,6.9287
77,83,0.807157990709093,0.192842009290907,0.23433305939399,6.810575
77,84,0.807157990709093,0.192842009290907,0.2365954148828791,6.841375
78,1,0.9961081376374225,0.0038918623625775,0.0,14.6679
78,2,0.9893727743048504,0.0106272256951495,0.0312153814104069,14.579325
78,3,0.9676929743690096,0.0323070256309904,0.0429822471539982,13.321125
78,4,0.9573581799658438,0.0426418200341561,0.0541520626032495,12.81665
78,5,0.9441822022306884,0.0558177977693117,0.0637968314969133,12.1605
78,6,0.9387674053295436,0.0612325946704563,0.0728318917470781,11.9791
78,7,0.9358683892572004,0.0641316107427997,0.0804189624856873,12.00645
78,8,0.9266430102221416,0.0733569897778583,0.0868005025213207,11.5783
78,9,0.9100961536885837,0.0899038463114164,0.0933746501786029,10.45795
78,10,0.9040778368319624,0.0959221631680374,0.101045489504248,10.2018
78,11,0.9018842020601032,0.0981157979398966,0.1074375084712991,10.2441
78,12,0.8883981524213502,0.1116018475786497,0.1125266773002598,9.24555
78,13,0.8883981524213502,0.1116018475786497,0.1188941119796364,9.485525
78,14,0.8863681139082753,0.1136318860917247,0.1233993939414052,9.4386
78,15,0.8767907084734393,0.1232092915265606,0.1273172422827043,8.858325
78,16,0.8767907084734393,0.1232092915265606,0.1322880235893453,8.977175
78,17,0.8762951196911309,0.123704880308869,0.1359100688016961,9.178625
78,18,0.8679339487962956,0.1320660512037044,0.1389035063661448,8.5629
78,19,0.8627805478598433,0.1372194521401567,0.1430652441926838,8.17385
78,20,0.8582250844477933,0.1417749155522066,0.147152221840202,7.8932
78,21,0.855778432847884,0.1442215671521159,0.151056658378283,7.789225
78,22,0.8478952564493397,0.1521047435506602,0.1544152970013467,7.1866
78,23,0.8469537556047388,0.1530462443952611,0.158579729918073,7.20635
78,24,0.8469537556047388,0.1530462443952611,0.1617184186557336,7.339125
78,25,0.844274068929267,0.1557259310707329,0.1640906395541529,7.25215
78,26,0.844274068929267,0.1557259310707329,0.166588424417214,7.22705
78,27,0.844274068929267,0.1557259310707329,0.1685598387830237,7.3721
78,28,0.8374527280326922,0.1625472719673077,0.1702167877169424,6.8326
78,29,0.836892572046251,0.163107427953749,0.1731516554090647,6.80885
78,30,0.8341988157259058,0.1658011842740941,0.1754199961129432,6.642
78,31,0.8328186891271923,0.1671813108728077,0.1777689259487723,6.574375
78,32,0.8328186891271923,0.1671813108728077,0.1798596929572619,6.668175
78,33,0.8328186891271923,0.1671813108728077,0.1814826086909454,6.807475
78,34,0.8320048836989575,0.1679951163010424,0.1828221721299656,6.77835
78,35,0.827953286246922,0.172046713753078,0.1841660075310963,6.383825
78,36,0.827953286246922,0.172046713753078,0.1862338135042456,6.518525
78,37,0.8220748844984281,0.1779251155015718,0.1877870286822863,5.8757
78,38,0.8220748844984281,0.1779251155015718,0.1903825450819114,5.9313
78,39,0.8192454875253139,0.1807545124746861,0.1922260249506122,5.6476
78,40,0.8160305711520305,0.1839694288479695,0.1942777309481812,5.38905
78,41,0.8132887888418957,0.1867112111581043,0.1965386849061131,5.1582
78,42,0.8068334605778454,0.1931665394221545,0.1988100404089395,4.303575
78,43,0.8068334605778454,0.1931665394221545,0.2019665617719074,4.3769
78,44,0.8068334605778454,0.1931665394221545,0.2041193958472607,4.419775
78,45,0.8053563722465206,0.1946436277534794,0.2056628991415935,4.32555
78,46,0.8053563722465206,0.1946436277534794,0.2071873550498284,4.284025
78,47,0.8053563722465206,0.1946436277534794,0.2083369349393336,4.40845
78,48,0.8033579199502284,0.1966420800497715,0.2092504571400211,4.251375
78,49,0.8028735879312633,0.1971264120687367,0.2105016841505392,4.21735
78,50,0.8020472818845191,0.1979527181154808,0.211583099863525,4.09245
78,51,0.798297316123019,0.2017026838769809,0.2126386898509857,3.65665
78,52,0.7979189378027174,0.2020810621972826,0.2144013245879387,3.646925
78,53,0.7979189378027174,0.2020810621972826,0.215759558062602,3.671025
78,54,0.7979189378027174,0.2020810621972826,0.2167665609357927,3.692725
78,55,0.7963973717463949,0.2036026282536051,0.2175487615192961,3.525225
78,56,0.7914307803291839,0.2085692196708161,0.2185710574945797,2.8259
78,57,0.7914307803291839,0.2085692196708161,0.2206212053910236,2.8626
78,58,0.7914307803291839,0.2085692196708161,0.2220493045796501,2.9089
78,59,0.7886506109365917,0.2113493890634082,0.2230806307288722,2.513875
78,60,0.7886506109365917,0.2113493890634082,0.2245764984712911,2.595925
78,61,0.7886506109365917,0.2113493890634082,0.2256448548844225,2.527975
78,62,0.7818413999988105,0.2181586000011894,0.2264368953689828,1.7399
78,63,0.7784774459730964,0.2215225540269035,0.22883734199674,0.0
78,64,0.7776905962392169,0.2223094037607831,0.2313679996815787,0.0
78,65,0.7776905962392169,0.2223094037607831,0.2333030341972009,0.0
78,66,0.7763792712054328,0.2236207287945671,0.2346441508586096,0.0
78,67,0.7717159354382225,0.2282840645617775,0.235949957671204,0.0
78,68,0.7717159354382225,0.2282840645617775,0.2381331963910485,0.0
78,69,0.7717159354382225,0.2282840645617775,0.2396325099985735,0.0
78,70,0.7666991474015571,0.2333008525984429,0.2406848456693909,0.0
78,71,0.7666991474015571,0.2333008525984429,0.2428094308721969,0.0
78,72,0.7665147355629326,0.2334852644370674,0.2442686755765821,0.0
78,73,0.7638118285551113,0.2361881714448886,0.2453409351436475,0.0
78,74,0.7638118285551113,0.2361881714448886,0.2468519383982633,0.0
78,75,0.7614415761686789,0.2385584238313211,0.2479049074563752,0.0
78,76,0.7614415761686789,0.2385584238313211,0.2493132326802806,0.0
78,77,0.7614415761686789,0.2385584238313211,0.2502958156553507,0.0
78,78,0.7614415761686789,0.2385584238313211,0.2509945289354322,0.0
78,79,0.7614415761686789,0.2385584238313211,0.2515026516674226,0.0
78,80,0.7614415761686789,0.2385584238313211,0.2518816720899635,0.0
78,81,0.7614415761686789,0.2385584238313211,0.2521722338180339,0.0
78,82,0.7614415761686789,0.2385584238313211,0.2524012829047026,0.0
78,83,0.7614415761686789,0.2385584238313211,0.252586744544421,0.0
78,84,0.7500055592881169,0.2499944407118831,0.2527405898928284,0.0
79,1,0.9913029469383776,0.0086970530616223,0.0,14.39575
79,2,0.9877328459525028,0.0122671540474973,0.0312153814104069,14.4584
79,3,0.978230834540985,0.0217691654590149,0.0428131181976906,14.10385
79,4,0.9688336614970484,0.0311663385029516,0.0529401013632599,13.76975
79,5,0.9428427968647538,0.0571572031352461,0.0619969493751218,11.956075
79,6,0.9365226989009062,0.0634773010990937,0.0721736909129394,11.776575
79,7,0.9365226989009062,0.0634773010990937,0.0802975648907514,12.113275
79,8,0.913467490804872,0.0865325091951279,0.0864850176624146,10.484925
79,9,0.9070392399307852,0.0929607600692149,0.0950403560598073,10.14135
79,10,0.9056809206624048,0.0943190793375953,0.1019984376922617,10.37055
79,11,0.9017259326592943,0.0982740673407055,0.107333518753459,10.212025
79,12,0.8934642569738389,0.106535743026161,0.1122506301731894,9.75085
79,13,0.8913520633178589,0.1086479366821411,0.1176199212191663,9.69955
79,14,0.8866058469212282,0.1133941530787717,0.1220264641877608,9.539025
79,15,0.878917569154997,0.121082430845003,0.1263810929394806,9.0198
79,16,0.878917569154997,0.121082430845003,0.1311974718438657,9.204275
79,17,0.8701743623037833,0.1298256376962167,0.1347345293725763,8.51055
79,18,0.863030641840053,0.136969358159947,0.1392727895614767,8.084825
79,19,0.863030641840053,0.136969358159947,0.1439702703326911,8.24905
79,20,0.8607363129929597,0.1392636870070402,0.1473096863797029,8.1322
79,21,0.8500823114171743,0.1499176885828257,0.1503772074313486,7.229625
79,22,0.8500823114171743,0.1499176885828257,0.1549687097044976,7.379675
79,23,0.8495443419214475,0.1504556580785525,0.1581603442898467,7.458825
79,24,0.8416489007647233,0.1583510992352766,0.1606989718636289,6.743975
79,25,0.8416489007647233,0.1583510992352766,0.1644013180939287,6.9243
79,26,0.8412088633463851,0.1587911366536148,0.1670500848583936,6.95845
79,27,0.8374357004038607,0.1625642995961392,0.1691990589158741,6.707375
79,28,0.8341640199480551,0.1658359800519449,0.1717666575075568,6.427525
79,29,0.8341640199480551,0.1658359800519449,0.1744399590623313,6.55655
79,30,0.8341640199480551,0.1658359800519449,0.1764443621689047,6.615475
79,31,0.8303221215250002,0.1696778784749998,0.1780558347581771,6.34445
79,32,0.82549840947503,0.17450159052497,0.1802767707408979,5.848775
79,33,0.8213499990225341,0.1786500009774658,0.183050526556511,5.455525
79,34,0.8213499990225341,0.1786500009774658,0.1859826477459617,5.564425
79,35,0.8210052805340323,0.1789947194659676,0.1880645246378316,5.61955
79,36,0.8210052805340323,0.1789947194659676,0.1897234066577515,5.672025
79,37,0.8210052805340323,0.1789947194659676,0.1910454848268502,5.84835
79,38,0.819320385311201,0.180679614688799,0.192157378484791,5.651025
79,39,0.819320385311201,0.180679614688799,0.1935227023920895,5.762
79,40,0.813377419304263,0.186622580695737,0.1946343096015183,5.079575
79,41,0.813377419304263,0.186622580695737,0.1969778752418991,5.15385
79,42,0.8098779973656077,0.1901220026343922,0.1986522072794663,4.750975
79,43,0.8074589739230041,0.1925410260769958,0.2007495316412671,4.50605
79,44,0.8074589739230041,0.1925410260769958,0.2028409285376013,4.5332
79,45,0.8074589739230041,0.1925410260769958,0.2043457933802092,4.591475
79,46,0.8074409431007948,0.1925590568992051,0.2054889078658522,4.6336
79,47,0.7999187915936291,0.2000812084063709,0.206408769287585,3.677325
79,48,0.7952588517822535,0.2047411482177464,0.2090146708222903,3.059525
79,49,0.7952588517822535,0.2047411482177464,0.2119571645077445,3.081575
79,50,0.7934931110130662,0.2065068889869338,0.2139625182730984,2.979375
79,51,0.7921507663163897,0.2078492336836103,0.215824245943291,2.75915
79,52,0.7913165192206097,0.2086834807793902,0.2174900180952185,2.67275
79,53,0.7868343511875325,0.2131656488124674,0.218904459272935,2.132525
79,54,0.7855440549446531,0.2144559450553469,0.2210766442337473,1.9918
79,55,0.7855440549446531,0.2144559450553469,0.2229183705986901,2.05645
79,56,0.7824242468418854,0.2175757531581146,0.224223680557798,1.680425
79,57,0.7824242468418854,0.2175757531581146,0.2259842399656176,1.724725
79,58,0.7790324789838059,0.2209675210161941,0.227232353125416,0.0
79,59,0.7790324789838059,0.2209675210161941,0.2290269960143753,0.0
79,60,0.7790324789838059,0.2209675210161941,0.2302913885882286,0.0
79,61,0.7790324789838059,0.2209675210161941,0.2312149612999755,0.0
79,62,0.7764102371386925,0.2235897628613075,0.2319170540170021,0.0
79,63,0.7759909774549035,0.2240090225450964,0.2331621511354941,0.0
79,64,0.7746468510920584,0.2253531489079415,0.2341742890962367,0.0
79,65,0.7746468510920584,0.2253531489079415,0.2352790854338669,0.0
79,66,0.7746468510920584,0.2253531489079415,0.2360842711888617,0.0
79,67,0.7746468510920584,0.2253531489079415,0.2366924154952757,0.0
79,68,0.7746468510920584,0.2253531489079415,0.2371692926977582,0.0
79,69,0.7746468510920584,0.2253531489079415,0.2375572404685992,0.0
79,70,0.7657155645509963,0.2342844354490036,0.2378836257775338,0.0
79,71,0.7657155645509963,0.2342844354490036,0.2405986564408398,0.0
79,72,0.7657155645509963,0.2342844354490036,0.2424443727332715,0.0
79,73,0.7657155645509963,0.2342844354490036,0.2437194144059219,0.0
79,74,0.763804601070118,0.2361953989298819,0.244617858794583,0.0
79,75,0.7636108767748971,0.2363891232251028,0.2457955935132552,0.0
79,76,0.760882523905351,0.2391174760946489,0.2466804153987443,0.0
79,77,0.760882523905351,0.2391174760946489,0.2480778990032326,0.0
79,78,0.7561910348052647,0.2438089651947352,0.2490516146031894,0.0
79,79,0.7542320264251691,0.2457679735748309,0.2510638508533868,0.0
79,80,0.7542320264251691,0.2457679735748309,0.2529992015098182,0.0
79,81,0.7457415325356523,0.2542584674643476,0.2543289970638521,0.0
79,82,0.7457415325356523,0.2542584674643476,0.2576743676686014,0.0
79,83,0.7432845208026692,0.2567154791973308,0.2599487378007936,0.0
79,84,0.7432845208026692,0.2567154791973308,0.2622118858669841,0.0
80,1,0.99394042539543,0.00605957460457,0.0,14.525225
80,2,0.9898028607430404,0.0101971392569596,0.0312153814104069,14.654725
80,3,0.9660902596598606,0.0339097403401393,0.0428434393929496,13.21095
80,4,0.9660902596598606,0.0339097403401393,0.0540954514501499,13.62565
80,5,0.959636014257021,0.0403639857429789,0.0627510606846461,13.3926
80,6,0.9554967566902218,0.0445032433097781,0.0705685817691931,13.409325
80,7,0.9433115915540388,0.0566884084459612,0.0774077593831632,12.624175
80,8,0.9320714571656384,0.0679285428343615,0.0846809619383669,12.03025
80,9,0.9320714571656384,0.0679285428343615,0.0918645002176876,12.378675
80,10,0.9320714571656384,0.0679285428343615,0.0971486838617801,12.650875
80,11,0.9245874358626814,0.0754125641373185,0.1014329097242959,12.203275
80,12,0.9188155466255872,0.0811844533744127,0.106380566643129,11.977325
80,13,0.9164141687899606,0.0835858312100393,0.1112389152288098,12.010325
80,14,0.9164141687899606,0.0835858312100393,0.1153773748562911,12.240175
80,15,0.9164141687899606,0.0835858312100393,0.1186569377707916,12.56825
80,16,0.911144207007287,0.0888557929927129,0.1214395401868699,12.41195
80,17,0.9083031301803858,0.0916968698196142,0.1249034879143931,12.239
80,18,0.904078968631246,0.095921031368754,0.1281829227921003,12.106775
80,19,0.8967585842006534,0.1032414157993466,0.1315964298301004,11.602225
80,20,0.8932581970433654,0.1067418029566346,0.1356589974131093,11.43525
80,21,0.8881064548254498,0.1118935451745501,0.1392687386899107,11.139975
80,22,0.8881064548254498,0.1118935451745501,0.1429597550136249,11.296425
80,23,0.8836171005785088,0.1163828994214911,0.1456189672239295,11.013825
80,24,0.882677234146512,0.117322765853488,0.1486379590845386,11.144375
80,25,0.882677234146512,0.117322765853488,0.1510869035396575,11.363575
80,26,0.8801224669959035,0.1198775330040965,0.1530075882833755,11.27075
80,27,0.8776925502721834,0.1223074497278166,0.1551602216151579,11.225575
80,28,0.8722626896797215,0.1277373103202784,0.1573929564801252,10.6967
80,29,0.8696167578718424,0.1303832421281575,0.1603032855955621,10.7073
80,30,0.8651650939513281,0.1348349060486718,0.1629752392756633,10.18965
80,31,0.8642475841834583,0.1357524158165417,0.165902390168749,10.23245
80,32,0.8642475841834583,0.1357524158165417,0.1681860342864725,10.41505
80,33,0.8611221013501119,0.1388778986498881,0.1698901342881091,10.22085
80,34,0.8611221013501119,0.1388778986498881,0.1719515977540405,10.365975
80,35,0.8590468950297178,0.1409531049702822,0.1735031653074613,10.28395
80,36,0.8550206863084817,0.1449793136915182,0.1752200182018606,9.971075
80,37,0.8550206863084817,0.1449793136915182,0.1774702972744241,10.004475
80,38,0.8509509846532438,0.1490490153467562,0.1791006015221403,9.64175
80,39,0.8509509846532438,0.1490490153467562,0.1813014570654381,9.836575
80,40,0.8497375467711817,0.1502624532288182,0.1828871638789663,9.8187
80,41,0.8481859164751612,0.1518140835248388,0.1843851433350613,9.64085
80,42,0.8480497480567845,0.1519502519432155,0.1859037188832052,9.7736
80,43,0.8440920230103153,0.1559079769896847,0.187092725291339,9.298425
80,44,0.843115739231762,0.156884260768238,0.1889877273253447,9.3897
80,45,0.843115739231762,0.156884260768238,0.1905917386517512,9.60435
80,46,0.8393340230735702,0.1606659769264298,0.1917795099532147,9.0641
80,47,0.8393340230735702,0.1606659769264298,0.1936250665824926,9.28615
80,48,0.8393340230735702,0.1606659769264298,0.1949493146807181,9.239975
80,49,0.8361870978447966,0.1638129021552034,0.195948904549064,9.00305
80,50,0.8350384274239028,0.1649615725760972,0.197518428290357,8.865075
80,51,0.8350384274239028,0.1649615725760972,0.1989436032533836,9.0293
80,52,0.8350384274239028,0.1649615725760972,0.1999903677687287,9.096425
80,53,0.8309191859273458,0.1690808140726541,0.200796997981223,8.696
80,54,0.8291231024192175,0.1708768975807825,0.2024848666516179,8.40895
80,55,0.8254421707874596,0.1745578292125403,0.2041380008514708,7.908425
80,56,0.8254421707874596,0.1745578292125403,0.2062477335607612,8.051075
80,57,0.8254421707874596,0.1745578292125403,0.2077076109794686,8.078075
80,58,0.8217273510192374,0.1782726489807625,0.2087546532014282,7.6518
80,59,0.8217273510192374,0.1782726489807625,0.2104946059064006,7.637925
80,60,0.8200924984286632,0.1799075015713368,0.2117142831689643,7.5168
80,61,0.8174418082463631,0.1825581917536368,0.2130254726253301,7.141975
80,62,0.8174418082463631,0.1825581917536368,0.2146600503758131,7.290325
80,63,0.8174418082463631,0.1825581917536368,0.2158064437171722,7.402925
80,64,0.8174418082463631,0.1825581917536368,0.2166369341616773,7.44845
80,65,0.8174418082463631,0.1825581917536368,0.217260998715436,7.412175
80,66,0.8174418082463631,0.1825581917536368,0.2177484530537692,7.674
80,67,0.8174418082463631,0.1825581917536368,0.2181439915470985,7.71115
80,68,0.8174418082463631,0.1825581917536368,0.2184763495403267,7.762775
80,69,0.8146139037517329,0.185386096248267,0.2187640937973933,7.324425
80,70,0.8146139037517329,0.185386096248267,0.2197861200993086,7.45285
80,71,0.8136590360216663,0.1863409639783336,0.2205184888376026,7.231925
80,72,0.8136590360216663,0.1863409639783336,0.2213201286414353,7.359625
80,73,0.8136590360216663,0.1863409639783336,0.2219037764877906,7.39155
80,74,0.8136590360216663,0.1863409639783336,0.2223417270346039,7.556975
80,75,0.8136590360216663,0.1863409639783336,0.2226811451189334,7.43165
80,76,0.8136590360216663,0.1863409639783336,0.2229529018914098,7.605875
80,77,0.8118418343988573,0.1881581656011427,0.2231772779764041,7.32175
80,78,0.8118418343988573,0.1881581656011427,0.2238774425985928,7.5107
80,79,0.8090702825636265,0.1909297174363735,0.2243818411805994,6.922725
80,80,0.8071735836270854,0.1928264163729146,0.2255379285776093,6.526925
80,81,0.800759525161772,0.199240474838228,0.2268820064451122,5.408
80,82,0.798185029141039,0.201814970858961,0.2296410970879109,4.951225
80,83,0.798185029141039,0.201814970858961,0.2322560545737749,4.9289
80,84,0.798185029141039,0.201814970858961,0.2340384579480928,5.0201
81,1,0.9992564148141748,0.000743585185825,0.0,14.98435
81,2,0.9799859280995564,0.0200140719004435,0.0312153814104069,13.83345
81,3,0.9670075947190352,0.0329924052809648,0.0436520343951743,13.258725
81,4,0.9490338690298242,0.0509661309701757,0.0545115975589355,12.1269
81,5,0.9400775201828084,0.0599224798171916,0.0648178772844187,11.8224
81,6,0.9382489795641716,0.0617510204358282,0.0736829004149831,11.986925
81,7,0.9227939588195464,0.0772060411804534,0.080779360511727,10.976875
81,8,0.9162991098875636,0.0837008901124364,0.0887372573301225,10.674975
81,9,0.913695669383117,0.086304330616883,0.0956131803502829,10.699275
81,10,0.9099498545769332,0.0900501454230667,0.1012680950432622,10.726325
81,11,0.909061606230226,0.0909383937697739,0.1064137276123529,10.89955
81,12,0.8940466732437217,0.1059533267562783,0.1107084529054004,9.7297
81,13,0.890350737799901,0.1096492622000989,0.1169559425442169,9.71225
81,14,0.888469666810496,0.111530333189504,0.122044755443838,9.700675
81,15,0.886915821503442,0.113084178496558,0.1261943503861968,9.720025
81,16,0.8824479137988611,0.1175520862011388,0.129761512161818,9.5257
81,17,0.8813201272445621,0.1186798727554379,0.1335298009452558,9.6116
81,18,0.8813201272445621,0.1186798727554379,0.1366982396902586,9.816575
81,19,0.8786839353518804,0.1213160646481196,0.1392899014202788,9.72365
81,20,0.8765572029579691,0.1234427970420308,0.1420565193743855,9.736425
81,21,0.8608502762058737,0.1391497237941262,0.1447650273687715,8.272475
81,22,0.8578759664014634,0.1421240335985366,0.150167634807797,8.119575
81,23,0.8549181619626266,0.1450818380373734,0.1543709606707487,8.060475
81,24,0.8503391513443193,0.1496608486556807,0.1579292109290785,7.6486
81,25,0.850184313300225,0.1498156866997749,0.1614687450852648,7.8449
81,26,0.850184313300225,0.1498156866997749,0.164050886427568,7.93825
81,27,0.850184313300225,0.1498156866997749,0.1660587639937283,8.040925
81,28,0.8500355024587529,0.149964497541247,0.1677271184530783,8.18635
81,29,0.8428259067918066,0.1571740932081934,0.169214504007177,7.52755
81,30,0.8373912139588912,0.1626087860411088,0.1721179837930818,6.9309
81,31,0.8355780683332718,0.1644219316667282,0.1754163476874108,6.935775
81,32,0.8355780683332718,0.1644219316667282,0.1781323679416891,6.983875
81,33,0.8328727382608072,0.1671272617391928,0.180106024087485,6.844225
81,34,0.8310954001667866,0.1689045998332133,0.1822503374230831,6.661425
81,35,0.8310954001667866,0.1689045998332133,0.1842732606593967,6.7737
81,36,0.8310954001667866,0.1689045998332133,0.1858120342786459,6.863075
81,37,0.8310954001667866,0.1689045998332133,0.1870569156269205,7.0138
81,38,0.828490430801912,0.171509569198088,0.1881166085286192,6.770375
81,39,0.8154760972001576,0.1845239027998424,0.1896577731147136,5.21225
81,40,0.8144669993079323,0.1855330006920676,0.1939019510897428,5.179975
81,41,0.8144669993079323,0.1855330006920676,0.1969459084508807,5.246875
81,42,0.8144669993079323,0.1855330006920676,0.19903776248111,5.274375
81,43,0.8134675489988341,0.1865324510011659,0.2005552669284449,5.24785
81,44,0.8132974845486028,0.1867025154513971,0.2019588531351465,5.337325
81,45,0.8132974845486028,0.1867025154513971,0.2030879382623577,5.3903
81,46,0.8117216126382246,0.1882783873617753,0.2040016634735314,5.2112
81,47,0.807187841964497,0.192812158035503,0.2051581658087753,4.69775
81,48,0.8060494898713882,0.1939505101286117,0.2071785853409323,4.5823
81,49,0.8042604853008336,0.1957395146991664,0.208896369498418,4.392675
81,50,0.8025801616266118,0.1974198383733881,0.2105853949677681,4.2152
81,51,0.8025801616266118,0.1974198383733881,0.2122274529122236,4.29195
81,52,0.8025801616266118,0.1974198383733881,0.2134196403084721,4.298425
81,53,0.8025801616266118,0.1974198383733881,0.2143272149667021,4.297575
81,54,0.7984218810503396,0.2015781189496603,0.215051641119979,3.762975
81,55,0.7960936025812214,0.2039063974187785,0.2167070518101565,3.511725
81,56,0.7952489978445518,0.2047510021554481,0.2184827866331597,3.43675
81,57,0.7952489978445518,0.2047510021554481,0.2199553934560166,3.448875
81,58,0.7952489978445518,0.2047510021554481,0.2210177761489158,3.486225
81,59,0.7952489978445518,0.2047510021554481,0.2218165078944481,3.5038
81,60,0.7952489978445518,0.2047510021554481,0.2224434155637797,3.493425
81,61,0.7952489978445518,0.2047510021554481,0.2229562820473471,3.5801
81,62,0.7913083147426542,0.2086916852573458,0.2233916473309264,3.0221
81,63,0.7871795553619827,0.2128204446380173,0.2248081855677532,2.4385
81,64,0.7871795553619827,0.2128204446380173,0.2269061756185892,2.45125
81,65,0.7871795553619827,0.2128204446380173,0.2283517398459551,2.5056
81,66,0.7871795553619827,0.2128204446380173,0.2293745304750052,2.55115
81,67,0.7853404911830966,0.2146595088169034,0.2301212339628692,2.27185
81,68,0.7849272661364202,0.2150727338635798,0.2311801546041381,2.224425
81,69,0.7849272661364202,0.2150727338635798,0.2320566893259103,2.273525
81,70,0.7849272661364202,0.2150727338635798,0.232700246340003,2.268275
81,71,0.784683161256574,0.215316838743426,0.2331888057260158,2.2072
81,72,0.784683161256574,0.215316838743426,0.2336396637931923,2.3061
81,73,0.7824926895134879,0.217507310486512,0.2339960200804699,1.98975
81,74,0.7824926895134879,0.217507310486512,0.2348915540936044,2.044575
81,75,0.7766687042481456,0.2233312957518544,0.2355357289287845,0.0
81,76,0.7753894251957881,0.2246105748042118,0.2376320313745113,0.0
81,77,0.7753894251957881,0.2246105748042118,0.2394254701815333,0.0
81,78,0.7727390640107584,0.2272609359892415,0.2406604174188372,0.0
81,79,0.7727390640107584,0.2272609359892415,0.2422699842016579,0.0
81,80,0.770574652688858,0.2294253473111419,0.2433815032189734,0.0
81,81,0.7640079229368851,0.2359920770631148,0.2447745099233187,0.0
81,82,0.7640079229368851,0.2359920770631148,0.2476123213213073,0.0
81,83,0.7640079229368851,0.2359920770631148,0.2495453023580938,0.0
81,84,0.7640079229368851,0.2359920770631148,0.2508719037272502,0.0
82,1,1.0,0.0,0.0,15.039725
82,2,0.99600293469849,0.00399706530151,0.0312153814104069,15.147375
82,3,0.980704400412348,0.019295599587652,0.0428359321136237,14.28025
82,4,0.9746211920764568,0.025378807923543,0.0534275621456095,14.1807
82,5,0.9611680443116448,0.0388319556883552,0.0623752787993586,13.5142
82,6,0.9576367550447584,0.0423632449552414,0.0710888792667268,13.60575
82,7,0.9477771382317854,0.0522228617682145,0.0782267219004767,13.056825
82,8,0.9330239800668552,0.0669760199331447,0.0853240001046448,12.07715
82,9,0.928041429509087,0.071958570490913,0.0929794837560012,11.969925
82,10,0.926886825487764,0.0731131745122358,0.0992770153922465,12.203275
82,11,0.9151842540191432,0.0848157459808568,0.104235550657187,11.363325
82,12,0.9119796637881205,0.0880203362118795,0.1102501560076514,11.34005
82,13,0.9100581558173734,0.0899418441826266,0.1152009658978515,11.4061
82,14,0.9079798155696832,0.0920201844303166,0.1193479038964518,11.5169
82,15,0.8958993538098162,0.1041006461901837,0.1230591674243422,10.544925
82,16,0.8958993538098162,0.1041006461901837,0.1283564454330551,10.784275
82,17,0.8933258914918744,0.1066741085081256,0.1321013358033352,10.838175
82,18,0.8869627024668337,0.1130372975331662,0.1355263672617052,10.3683
82,19,0.8837448322988005,0.1162551677011994,0.1394866814981952,10.2699
82,20,0.8705134645994609,0.1294865354005391,0.1430629325355221,9.11895
82,21,0.8705134645994609,0.1294865354005391,0.1484268503615204,9.277025
82,22,0.865731479357494,0.134268520642506,0.1520289023095116,8.9548
82,23,0.8589196187551797,0.1410803812448202,0.155670943883675,8.3937
82,24,0.8582794143341941,0.1417205856658059,0.1597388098119098,8.572925
82,25,0.8582794143341941,0.1417205856658059,0.1627326154281648,8.693425
82,26,0.8582794143341941,0.1417205856658059,0.1649931319665215,8.7515
82,27,0.8472095918112456,0.1527904081887544,0.1668297714796553,7.77455
82,28,0.8472095918112456,0.1527904081887544,0.170786944773055,7.890025
82,29,0.8472095918112456,0.1527904081887544,0.173515214933781,8.0201
82,30,0.8432816068028962,0.1567183931971038,0.1755474422530587,7.596375
82,31,0.8432816068028962,0.1567183931971038,0.1780359339029595,7.739775
82,32,0.8371173501758068,0.1628826498241932,0.1799003837619363,7.20955
82,33,0.8371173501758068,0.1628826498241932,0.1827698766136149,7.37395
82,34,0.8318949330174551,0.1681050669825449,0.1848244636090252,6.8114
82,35,0.8318949330174551,0.1681050669825449,0.1875800783993963,6.9422
82,36,0.8316973665574897,0.1683026334425102,0.1895490275622498,6.980825
82,37,0.829756465337843,0.170243534662157,0.1910962611861735,6.77965
82,38,0.8275847094193276,0.1724152905806724,0.1927870034174538,6.6094
82,39,0.8235507983821612,0.1764492016178388,0.1946063275288393,6.2777
82,40,0.8235507983821612,0.1764492016178388,0.1969284082883331,6.3131
82,41,0.819304793879958,0.1806952061200419,0.1985996184380901,5.8845
82,42,0.819304793879958,0.1806952061200419,0.2008771784975909,5.9335
82,43,0.819304793879958,0.1806952061200419,0.2025083511629949,6.1133
82,44,0.819304793879958,0.1806952061200419,0.20374426502796,6.14615
82,45,0.819304793879958,0.1806952061200419,0.2047333643721996,6.147725
82,46,0.8160448567843167,0.1839551432156833,0.2055640184055781,5.857025
82,47,0.8119672302863297,0.1880327697136703,0.2070801629875358,5.362825
82,48,0.8119672302863297,0.1880327697136703,0.2092111856275287,5.383675
82,49,0.8104965044074363,0.1895034955925637,0.2107196631897941,5.289675
82,50,0.805917333361744,0.194082666638256,0.2122029287022097,4.75275
82,51,0.805917333361744,0.194082666638256,0.2144374722208893,4.69725
82,52,0.7990521971141996,0.2009478028858004,0.2159991030131398,3.793825
82,53,0.7984115247005509,0.2015884752994491,0.2188573504873584,3.71885
82,54,0.7984115247005509,0.2015884752994491,0.2209648804211005,3.84785
82,55,0.7984115247005509,0.2015884752994491,0.2224397315781799,3.817825
82,56,0.7984115247005509,0.2015884752994491,0.2235140689609867,3.847325
82,57,0.7980227794927464,0.2019772205072536,0.2243318114846476,3.858425
82,58,0.7975460503531697,0.2024539496468302,0.2250823255567476,3.81225
82,59,0.7975460503531697,0.2024539496468302,0.2258084263697357,3.85485
82,60,0.7975460503531697,0.2024539496468302,0.2263912610780451,3.961225
82,61,0.7923154519463987,0.2076845480536012,0.2268780120210032,3.1246
82,62,0.7923154519463987,0.2076845480536012,0.2286665484018291,3.1028
82,63,0.7923154519463987,0.2076845480536012,0.2299180874090498,3.180875
82,64,0.7923154519463987,0.2076845480536012,0.230822296235595,3.208575
82,65,0.7923154519463987,0.2076845480536012,0.2314996938623875,3.275125
82,66,0.7911080237142736,0.2088919762857264,0.2320271321367757,3.11015
82,67,0.7796018673395745,0.2203981326604255,0.2327768952636929,0.0
82,68,0.7783282430836239,0.221671756916376,0.2364370700164999,0.0
82,69,0.7783282430836239,0.221671756916376,0.2392413443554552,0.0
82,70,0.7783282430836239,0.221671756916376,0.2411452162761476,0.0
82,71,0.7764620048843539,0.2235379951156461,0.2424606151679656,0.0
82,72,0.7764620048843539,0.2235379951156461,0.2438997614911827,0.0
82,73,0.7750017967367818,0.2249982032632181,0.2449080622075028,0.0
82,74,0.7750017967367818,0.2249982032632181,0.2460340135315201,0.0
82,75,0.7750017967367818,0.2249982032632181,0.2468327440307814,0.0
82,76,0.7750017967367818,0.2249982032632181,0.2474133107443409,0.0
82,77,0.7750017967367818,0.2249982032632181,0.2478471347150856,0.0
82,78,0.7750017967367818,0.2249982032632181,0.2481811231501017,0.0
82,79,0.7750017967367818,0.2249982032632181,0.2484461791631448,0.0
82,80,0.7743003656891171,0.2256996343108829,0.2486627331655419,0.0
82,81,0.7743003656891171,0.2256996343108829,0.2490435442336969,0.0
82,82,0.7743003656891171,0.2256996343108829,0.2493325286056766,0.0
82,83,0.7697570656093319,0.2302429343906681,0.2495577639774496,0.0
82,84,0.7690783829137359,0.2309216170862641,0.2510437360903671,0.0
83,1,0.997237595258333,0.002762404741667,0.0,14.730825
83,2,0.9873572731900444,0.0126427268099557,0.0312153814104069,14.43885
83,3,0.96814709939743,0.0318529006025699,0.0431502912307103,13.342
83,4,0.9543521263638852,0.0456478736361146,0.0542199214515705,12.643975
83,5,0.9457047489818228,0.0542952510181772,0.064172075585409,12.21995
83,6,0.9391207251480774,0.0608792748519225,0.0728265484112877,12.031575
83,7,0.9250021141739536,0.0749978858260465,0.0804140904376184,11.250225
83,8,0.9071192562134496,0.0928807437865503,0.0883698432773837,9.964325
83,9,0.9062203577301148,0.0937796422698852,0.0969393997395972,10.0921
83,10,0.8973332423543372,0.1026667576456628,0.1030777732295437,9.579525
83,11,0.8973003313444657,0.1026996686555342,0.1093161386985427,9.8573
83,12,0.8925453362157825,0.1074546637842175,0.1140018629704321,9.65865
83,13,0.8811563450955463,0.1188436549044537,0.1186777119184625,8.83255
83,14,0.8717507495042628,0.1282492504957372,0.1244450933632823,8.2352
83,15,0.8717507495042628,0.1282492504957372,0.1303245361418467,8.397475
83,16,0.8655563084238702,0.1344436915761298,0.1344708017391479,7.9348
83,17,0.8600949468317172,0.1399050531682828,0.1388925307146603,7.615225
83,18,0.8581546145041953,0.1418453854958047,0.1432657883566006,7.576175
83,19,0.8558568884516177,0.1441431115483823,0.1468888601566066,7.4359
83,20,0.8558568884516177,0.1441431115483823,0.1501609358658956,7.659475
83,21,0.8558568884516177,0.1441431115483823,0.1527496030470157,7.859175
83,22,0.8478645709315148,0.1521354290684852,0.1549383387580009,7.1556
83,23,0.8414715196750996,0.1585284803249004,0.1585155263097162,6.6517
83,24,0.8357821374531501,0.1642178625468499,0.162475441089954,6.172575
83,25,0.8357821374531501,0.1642178625468499,0.1664816736336254,6.32825
83,26,0.8350585461349335,0.1649414538650665,0.1693023923034523,6.328275
83,27,0.8326774171176683,0.1673225828823317,0.171613552579815,6.1161
83,28,0.8326774171176683,0.1673225828823317,0.1739789656591048,6.25475
83,29,0.8326774171176683,0.1673225828823317,0.1758387820550314,6.358775
83,30,0.8223437009147689,0.177656299085231,0.1773949456023957,5.35695
83,31,0.8201373890160647,0.1798626109839353,0.1810307862763422,5.174075
83,32,0.816681931309272,0.1833180686907279,0.1840387555941083,4.792875
83,33,0.816681931309272,0.1833180686907279,0.1869632047136262,4.9591
83,34,0.81151079456153,0.18848920543847,0.1890587159218592,4.46265
83,35,0.81151079456153,0.18848920543847,0.1918352911290168,4.49035
83,36,0.81151079456153,0.18848920543847,0.1938248866107208,4.4812
83,37,0.81151079456153,0.18848920543847,0.1953469495716453,4.62645
83,38,0.8048974903255225,0.1951025096744775,0.1965833661054288,3.84575
83,39,0.800668027109548,0.199331972890452,0.1991716496961644,3.41325
83,40,0.800668027109548,0.199331972890452,0.2020006092362578,3.483525
83,41,0.7968900063277723,0.2031099936722277,0.2039801498701827,3.0059
83,42,0.7930916428834557,0.2069083571165443,0.2063386876623283,2.553325
83,43,0.7930916428834557,0.2069083571165443,0.2089269517814959,2.6496
83,44,0.7899810773714256,0.2100189226285743,0.2107466928957179,2.2859
83,45,0.7893365497493287,0.2106634502506713,0.212843294278411,2.252925
83,46,0.7893365497493287,0.2106634502506713,0.2145104886417148,2.2625
83,47,0.7893365497493287,0.2106634502506713,0.2157548245022505,2.299725
83,48,0.7893365497493287,0.2106634502506713,0.2167337871270048,2.282425
83,49,0.7871658125142931,0.2128341874857069,0.2175422926117229,2.094875
83,50,0.7871658125142931,0.2128341874857069,0.2187730519855652,2.077675
83,51,0.7871658125142931,0.2128341874857069,0.2197224213347779,2.170025
83,52,0.7871658125142931,0.2128341874857069,0.2204909133194476,2.163675
83,53,0.781355031325913,0.218644968674087,0.2211401622384897,1.501875
83,54,0.781355031325913,0.218644968674087,0.2231702704398119,1.578
83,55,0.7739125866835669,0.2260874133164331,0.2245981369053379,0.0
83,56,0.7739125866835669,0.2260874133164331,0.2275356603029565,0.0
83,57,0.7739125866835669,0.2260874133164331,0.2295309341323624,0.0
83,58,0.7739125866835669,0.2260874133164331,0.2309296251562829,0.0
83,59,0.7739125866835669,0.2260874133164331,0.2319473070507456,0.0
83,60,0.7733062170460995,0.2266937829539005,0.2327189394386116,0.0
83,61,0.770962781829072,0.229037218170928,0.2334872030084276,0.0
83,62,0.7676613220569463,0.2323386779430537,0.2347039215531933,0.0
83,63,0.7676613220569463,0.2323386779430537,0.2364588788299214,0.0
83,64,0.7648331536828206,0.2351668463171794,0.2376896914947459,0.0
83,65,0.7648331536828206,0.2351668463171794,0.2393304663922273,0.0
83,66,0.7648331536828206,0.2351668463171794,0.2404836946787118,0.0
83,67,0.7638080960798033,0.2361919039201967,0.2413189890835904,0.0
83,68,0.762539470791134,0.2374605292088659,0.2422205378705765,0.0
83,69,0.762539470791134,0.2374605292088659,0.243229146467581,0.0
83,70,0.762539470791134,0.2374605292088659,0.2439623414674298,0.0
83,71,0.7595677538122393,0.2404322461877607,0.2445128058080844,0.0
83,72,0.7595677538122393,0.2404322461877607,0.2457534298951669,0.0
83,73,0.7595677538122393,0.2404322461877607,0.246631779097029,0.0
83,74,0.7581635013366816,0.2418364986633183,0.2472697436561637,0.0
83,75,0.755855946931991,0.244144053068009,0.248135834392753,0.0
83,76,0.7486162806161327,0.2513837193838673,0.2494032105801701,0.0
83,77,0.7456484178542887,0.2543515821457113,0.2523150319498504,0.0
83,78,0.7456484178542887,0.2543515821457113,0.2551273529342776,0.0
83,79,0.7456484178542887,0.2543515821457113,0.2570419606653667,0.0
83,80,0.7456484178542887,0.2543515821457113,0.2583591272931601,0.0
83,81,0.7437169937038707,0.2562830062961293,0.2592769970839806,0.0
83,82,0.7437169937038707,0.2562830062961293,0.2604773254629842,0.0
83,83,0.7437169937038707,0.2562830062961293,0.2613146624421948,0.0
83,84,0.7432501719631025,0.2567498280368975,0.2619071255469644,0.0
84,1,0.9594925676371832,0.0405074323628168,0.0,11.972875
84,2,0.9433265492661976,0.0566734507338023,0.0312153814104069,11.1533
84,3,0.9225426208703008,0.0774573791296991,0.0434861538351011,9.8998
84,4,0.918038597559628,0.0819614024403719,0.054863269582117,9.77565
84,5,0.9123258992662396,0.0876741007337602,0.0640712976504647,9.661
84,6,0.8990946819814556,0.1009053180185444,0.0720950218012935,8.871675
84,7,0.8905421767681406,0.1094578232318593,0.0802576077899324,8.443925
84,8,0.8857400343655178,0.1142599656344821,0.0876592538447627,8.2605
84,9,0.8725655093942285,0.1274344906057715,0.0940193592033761,7.382725
84,10,0.8552537362551123,0.1447462637448877,0.1010831106867733,6.21255
84,11,0.8548389388642765,0.1451610611357234,0.1090686747940525,6.28535
84,12,0.8458332757086344,0.1541667242913655,0.1145922151165613,5.6961
84,13,0.8410995726605036,0.1589004273394964,0.1204024399763078,5.413175
84,14,0.8374881987408408,0.1625118012591592,0.1255207495956272,5.23845
84,15,0.8374881987408408,0.1625118012591592,0.1300422829725306,5.3723
84,16,0.8374881987408408,0.1625118012591592,0.1335357170890105,5.490725
84,17,0.8251816701781709,0.1748183298218291,0.1364510932349601,4.48645
84,18,0.8181255067195403,0.1818744932804596,0.1413865550641238,3.966125
84,19,0.8181255067195403,0.1818744932804596,0.146280934877451,4.0255
84,20,0.8181255067195403,0.1818744932804596,0.1497354396098074,4.11905
84,21,0.8181255067195403,0.1818744932804596,0.1524149479629104,4.21235
84,22,0.8002417115889929,0.199758288411007,0.1546488727821412,2.60375
84,23,0.7970189700190279,0.2029810299809721,0.1602820974937459,2.3427
84,24,0.7963179827486647,0.2036820172513352,0.1646789731831888,2.272325
84,25,0.7963179827486647,0.2036820172513352,0.1678824145669061,2.331475
84,26,0.7963179827486647,0.2036820172513352,0.1702763465101981,2.372575
84,27,0.7901203818394809,0.2098796181605191,0.1722049506243761,1.81995
84,28,0.7853472842626689,0.2146527157373311,0.1751833926429435,1.4255
84,29,0.7850232092423606,0.2149767907576394,0.178419691694803,1.4535
84,30,0.7850232092423606,0.2149767907576394,0.1808197542641452,1.435125
84,31,0.7792620356982107,0.2207379643017892,0.1826649568132892,0.0
84,32,0.7792620356982107,0.2207379643017892,0.1854547812860336,0.0
84,33,0.7792620356982107,0.2207379643017892,0.1874880864222129,0.0
84,34,0.7776372122234961,0.2223627877765038,0.1890757313379185,0.0
84,35,0.7739897156928225,0.2260102843071775,0.190758814902398,0.0
84,36,0.7739897156928225,0.2260102843071775,0.1929440056882753,0.0
84,37,0.7739897156928225,0.2260102843071775,0.194578111708348,0.0
84,38,0.7739897156928225,0.2260102843071775,0.1958786497739635,0.0
84,39,0.7739897156928225,0.2260102843071775,0.1969704801931719,0.0
84,40,0.7602181300904736,0.2397818699095264,0.1979260290136661,0.0
84,41,0.7600849342993006,0.2399150657006994,0.2020182683260326,0.0
84,42,0.7600849342993006,0.2399150657006994,0.204773660402961,0.0
84,43,0.7600849342993006,0.2399150657006994,0.2066961955554291,0.0
84,44,0.7588751621740496,0.2411248378259504,0.2081126500399918,0.0
84,45,0.7588751621740496,0.2411248378259504,0.2095063330275519,0.0
84,46,0.7554855452804482,0.2445144547195518,0.2105878099324034,0.0
84,47,0.7554855452804482,0.2445144547195518,0.2122935556851485,0.0
84,48,0.7554855452804482,0.2445144547195518,0.2135511751716993,0.0
84,49,0.7487164845634524,0.2512835154365476,0.2145276823170251,0.0
84,50,0.7474957343741805,0.2525042656258195,0.2169927488027591,0.0
84,51,0.7474957343741805,0.2525042656258195,0.2190062947344532,0.0
84,52,0.7474957343741805,0.2525042656258195,0.2204345264234172,0.0
84,53,0.7432619037119405,0.2567380962880595,0.2214945005868856,0.0
84,54,0.7389892125927281,0.2610107874072719,0.2233846704748009,0.0
84,55,0.7349713063055684,0.2650286936944316,0.2258054173502028,0.0
84,56,0.7349713063055684,0.2650286936944316,0.22849771257862,0.0
84,57,0.7349713063055684,0.2650286936944316,0.2303389380813583,0.0
84,58,0.7349713063055684,0.2650286936944316,0.2316406675612642,0.0
84,59,0.7349713063055684,0.2650286936944316,0.2325972379635055,0.0
84,60,0.7326827545756066,0.2673172454243934,0.233330337478726,0.0
84,61,0.7310415143298657,0.2689584856701342,0.2345122210569798,0.0
84,62,0.727226777863271,0.272773222136729,0.2358104018331775,0.0
84,63,0.727226777863271,0.272773222136729,0.2377529859094579,0.0
84,64,0.727226777863271,0.272773222136729,0.2391050318713959,0.0
84,65,0.727226777863271,0.272773222136729,0.2400745869863608,0.0
84,66,0.723547812318717,0.276452187681283,0.2407942029537769,0.0
84,67,0.723547812318717,0.276452187681283,0.2423330577129379,0.0
84,68,0.723547812318717,0.276452187681283,0.2434164639967074,0.0
84,69,0.7227767421885489,0.2772232578114511,0.2442013766228623,0.0
84,70,0.7227767421885489,0.2772232578114511,0.2449979673757669,0.0
84,71,0.7227767421885489,0.2772232578114511,0.2455902004506571,0.0
84,72,0.722742895863756,0.277257104136244,0.2460456467014936,0.0
84,73,0.7186136706660885,0.2813863293339115,0.2464175087974369,0.0
84,74,0.7155061616358033,0.2844938383641967,0.2478611207214383,0.0
84,75,0.7117080810449466,0.2882919189550533,0.2497307896931147,0.0
84,76,0.7111813499288901,0.2888186500711098,0.2520767080843958,0.0
84,77,0.7111813499288901,0.2888186500711098,0.2538281427553357,0.0
84,78,0.7111813499288901,0.2888186500711098,0.2550378812005409,0.0
84,79,0.7094331892450539,0.290566810754946,0.2558865883721262,0.0
84,80,0.7094331892450539,0.290566810754946,0.2569877231598926,0.0
84,81,0.7094331892450539,0.290566810754946,0.2577611573381228,0.0
84,82,0.709022742511408,0.290977257488592,0.2583139581798556,0.0
84,83,0.709022742511408,0.290977257488592,0.2588346132910357,0.0
84,84,0.7055036705122334,0.2944963294877666,0.259214199803831,0.0
85,1,1.0,0.0,0.0,14.965425
85,2,1.0,0.0,0.0312153814104069,15.481125
85,3,0.9968867800370383,0.0031132199629615,0.0426223575631783,15.584875
85,4,0.9929981167941464,0.0070018832058534,0.0521461210696405,15.80815
85,5,0.977051944003002,0.0229480559969981,0.0603671974562452,14.784225
85,6,0.9713611425738072,0.0286388574261927,0.0689681318545873,14.737225
85,7,0.9691188389280684,0.0308811610719317,0.0762431530162853,14.8924
85,8,0.966099199215056,0.033900800784944,0.0822554282526795,14.997375
85,9,0.961375209047608,0.038624790952392,0.0876138312599513,14.91825
85,10,0.960489055276093,0.039510944723907,0.0927637527819977,15.180075
85,11,0.960489055276093,0.039510944723907,0.0970456782017313,15.570925
85,12,0.960489055276093,0.039510944723907,0.1006417376752416,15.901425
85,13,0.9480757291078232,0.0519242708921766,0.1037883413801461,15.09195
85,14,0.940592153186358,0.0594078468136419,0.1088371156425404,14.652075
85,15,0.9344484920115862,0.0655515079884138,0.1138449750752003,14.318525
85,16,0.9344484920115862,0.0655515079884138,0.1185565186269047,14.548775
85,17,0.9265863633103336,0.0734136366896663,0.1219273752328479,14.103475
85,18,0.9265863633103336,0.0734136366896663,0.1261084022780076,14.4496
85,19,0.9265863633103336,0.0734136366896663,0.129127977691546,14.746725
85,20,0.924319206231286,0.075680793768714,0.1315190477646363,14.745875
85,21,0.9199396962857622,0.0800603037142377,0.1339994193110451,14.478525
85,22,0.9199396962857622,0.0800603037142377,0.1369191365318003,14.810925
85,23,0.9147747310232583,0.0852252689767416,0.139143907347658,14.506925
85,24,0.9061854222694778,0.0938145777305221,0.142043226548584,13.74555
85,25,0.9061854222694778,0.0938145777305221,0.1460031105965664,13.9855
85,26,0.9061854222694778,0.0938145777305221,0.1487173065039436,14.2347
85,27,0.9006263085125633,0.0993736914874366,0.1507403522465922,13.868675
85,28,0.9006263085125633,0.0993736914874366,0.1535597415535514,14.16295
85,29,0.9006009963835915,0.0993990036164085,0.155605105197058,14.3334
85,30,0.9006009963835915,0.0993990036164085,0.1572099270022885,14.48985
85,31,0.9003045803243777,0.0996954196756223,0.1585443087281854,14.673925
85,32,0.8967804233758035,0.1032195766241964,0.1597730852939219,14.54155
85,33,0.8967804233758035,0.1032195766241964,0.161644055888744,14.7647
85,34,0.8967804233758035,0.1032195766241964,0.1630802284867696,14.8701
85,35,0.8926817653278234,0.1073182346721766,0.1642535089435242,14.5878
85,36,0.8926817653278234,0.1073182346721766,0.1661935139816271,14.8605
85,37,0.8926817653278234,0.1073182346721766,0.1676346486516355,15.105475
85,38,0.8923348145792641,0.1076651854207358,0.1687745657856885,15.167675
85,39,0.8920533682196475,0.1079466317803524,0.1698071010747262,15.2995
85,40,0.8920533682196475,0.1079466317803524,0.1707504031401627,15.712125
85,41,0.8877944421333428,0.1122055578666572,0.1715644719276541,15.190875
85,42,0.8854926554605136,0.1145073445394864,0.1732960264092404,15.117225
85,43,0.8813271757870748,0.1186728242129252,0.1751097141304938,14.76445
85,44,0.8813271757870748,0.1186728242129252,0.1774150144645025,15.00645
85,45,0.8813271757870748,0.1186728242129252,0.1790188565410419,15.143375
85,46,0.8813271757870748,0.1186728242129252,0.1801934900244682,15.193625
85,47,0.8812872221151237,0.1187127778848763,0.181101192752815,15.457525
85,48,0.8812872221151237,0.1187127778848763,0.1818490264361689,15.742825
85,49,0.8812872221151237,0.1187127778848763,0.1824822447072985,15.9883
85,50,0.8752518952525907,0.1247481047474092,0.1830380642951569,15.2975
85,51,0.8739131178569469,0.126086882143053,0.1850348569109965,15.122925
85,52,0.8722376925813305,0.1277623074186694,0.1867584088333536,14.9461
85,53,0.8722376925813305,0.1277623074186694,0.1883956082217041,15.32435
85,54,0.8722376925813305,0.1277623074186694,0.1895567751258605,15.26785
85,55,0.8722376925813305,0.1277623074186694,0.1904166279843501,15.553025
85,56,0.8719223216204776,0.1280776783795224,0.1910831374091231,15.687975
85,57,0.8719223216204776,0.1280776783795224,0.1917038772070623,15.9372
85,58,0.867378615897464,0.132621384102536,0.1922106040680819,15.356075
85,59,0.8661592650519575,0.1338407349480425,0.1938121703267529,15.119925
85,60,0.8644175704770735,0.1355824295229265,0.1952507884271635,14.967325
85,61,0.8601788477533209,0.1398211522466791,0.1967211219115598,14.65105
85,62,0.8580889035872215,0.1419110964127785,0.1988649994130165,14.398375
85,63,0.8580889035872215,0.1419110964127785,0.2008800420348364,14.424525
85,64,0.8580889035872215,0.1419110964127785,0.2022627710040432,14.706225
85,65,0.8580889035872215,0.1419110964127785,0.2032370513519864,14.783675
85,66,0.8580889035872215,0.1419110964127785,0.2039454730431381,14.870875
85,67,0.8580889035872215,0.1419110964127785,0.2044791548928885,15.027425
85,68,0.8580889035872215,0.1419110964127785,0.2048965247797741,15.32915
85,69,0.8580889035872215,0.1419110964127785,0.2052351880547835,15.4406
85,70,0.8580889035872215,0.1419110964127785,0.2055194493696459,15.533075
85,71,0.8572822040974026,0.1427177959025973,0.2057650931303281,15.4899
85,72,0.8548119904031806,0.1451880095968194,0.2062030868486495,14.989825
85,73,0.8548119904031806,0.1451880095968194,0.2072225144750177,15.370775
85,74,0.8534297632612775,0.1465702367387225,0.2079438334745235,15.30345
85,75,0.8534297632612775,0.1465702367387225,0.2088498929049885,15.231
85,76,0.8534297632612775,0.1465702367387225,0.2094933435331457,15.56815
85,77,0.8534297632612775,0.1465702367387225,0.2099612860273388,15.53895
85,78,0.8494416610296343,0.1505583389703657,0.2103108890673268,15.02655
85,79,0.8494416610296343,0.1505583389703657,0.2117031887576971,15.11995
85,80,0.8473746018103734,0.1526253981896266,0.2126650128266779,14.60305
85,81,0.8473746018103734,0.1526253981896266,0.2139258558850561,15.08885
85,82,0.8460670669342155,0.1539329330657844,0.2147986420534797,14.8852
85,83,0.8437074549267303,0.1562925450732697,0.215785016175334,14.3052
85,84,0.8363431057827199,0.1636568942172801,0.2171504085560152,12.851425
86,1,0.9731508308173576,0.0268491691826424,0.0,12.952675
86,2,0.9565364855048604,0.0434635144951397,0.0312153814104069,12.069475
86,3,0.9485536523335324,0.0514463476664674,0.0435101092168033,11.8513
86,4,0.9205459371233348,0.0794540628766653,0.053901983969632,9.94275
86,5,0.9205459371233348,0.0794540628766653,0.0649670048360069,10.2575
86,6,0.8934314989718267,0.1065685010281732,0.0731021418671044,8.388225
86,7,0.8928009622486419,0.107199037751358,0.0831448662541739,8.5757
86,8,0.879380329574269,0.1206196704257309,0.0902995973637952,7.72925
86,9,0.879380329574269,0.1206196704257309,0.0979252974784888,7.92305
86,10,0.8635170697272797,0.1364829302727203,0.1035445984537491,6.863375
86,11,0.848584556410176,0.1514154435898239,0.1107136911794244,5.7805
86,12,0.8474810495208166,0.1525189504791834,0.118374296675786,5.81925
86,13,0.8447120836225611,0.1552879163774388,0.123826160740879,5.6762
86,14,0.8340314949433291,0.1659685050566709,0.1284703891071053,4.924825
86,15,0.8301810020099524,0.1698189979900476,0.1341017329196054,4.741225
86,16,0.8301810020099524,0.1698189979900476,0.1388891765625908,4.82805
86,17,0.8222500129704318,0.1777499870295682,0.1424822955186568,4.237875
86,18,0.8198716356616798,0.1801283643383202,0.1469543614003973,4.10305
86,19,0.813782934665855,0.1862170653341449,0.1507400043746257,3.6437
86,20,0.813782934665855,0.1862170653341449,0.1548739159169781,3.68205
86,21,0.8037301294748534,0.1962698705251465,0.157932611543493,2.822
86,22,0.8002367618731917,0.1997632381268083,0.1624391551502385,2.6054
86,23,0.7991048910303783,0.2008951089696217,0.1663426209541475,2.504925
86,24,0.798562366080084,0.2014376339199159,0.1694191670776541,2.48355
86,25,0.7985397111000192,0.2014602888999808,0.1719051163081962,2.531625
86,26,0.7921230186174988,0.2078769813825012,0.1739334347198657,1.966775
86,27,0.7886220597604877,0.2113779402395122,0.1770453051637884,1.682925
86,28,0.7886220597604877,0.2113779402395122,0.180108616290897,1.68525
86,29,0.7885017558127299,0.2114982441872701,0.1823731829712926,1.71555
86,30,0.7873744198701361,0.2126255801298638,0.1842000947057973,1.61905
86,31,0.7861073124482857,0.2138926875517143,0.1859815861133303,1.541975
86,32,0.7705334497203405,0.2294665502796594,0.1877485840466069,0.0
86,33,0.7669393220229971,0.2330606779770029,0.1926806159188747,0.0
86,34,0.7632579937626175,0.2367420062373825,0.1967430517092837,0.0
86,35,0.763090423936578,0.236909576063422,0.2003296602275349,0.0
86,36,0.7566789259326665,0.2433210740673335,0.2028426638276824,0.0
86,37,0.7563982937151182,0.2436017062848817,0.2061539872918267,0.0
86,38,0.7499931127869579,0.2500068872130421,0.2085200241472044,0.0
86,39,0.7499931127869579,0.2500068872130421,0.2117437273923168,0.0
86,40,0.7480362038182974,0.2519637961817026,0.2139814675498088,0.0
86,41,0.7480362038182974,0.2519637961817026,0.2160870665629262,0.0
86,42,0.7480362038182974,0.2519637961817026,0.2176464090816977,0.0
86,43,0.7479610876240238,0.2520389123759762,0.2188697275092424,0.0
86,44,0.7479610876240238,0.2520389123759762,0.2198987890527742,0.0
86,45,0.7479610876240238,0.2520389123759762,0.2207821396920723,0.0
86,46,0.7392031873754922,0.2607968126245078,0.2215667162349844,0.0
86,47,0.737646279981807,0.262353720018193,0.2244057404163832,0.0
86,48,0.737646279981807,0.262353720018193,0.2267483676336725,0.0
86,49,0.7290273688810204,0.2709726311189796,0.2284035325695355,0.0
86,50,0.7287193843225656,0.2712806156774344,0.2317553350291657,0.0
86,51,0.7287193843225656,0.2712806156774344,0.2341037096956695,0.0
86,52,0.7287193843225656,0.2712806156774344,0.2357520307183332,0.0
86,53,0.7287193843225656,0.2712806156774344,0.2369609007756083,0.0
86,54,0.7285775500661366,0.2714224499338634,0.2378901739248941,0.0
86,55,0.7285775500661366,0.2714224499338634,0.238674248673347,0.0
86,56,0.7276697342869504,0.2723302657130496,0.2393250272091628,0.0
86,57,0.7233380677655248,0.2766619322344752,0.2401174035646524,0.0
86,58,0.7233380677655248,0.2766619322344752,0.2418730769420502,0.0
86,59,0.7233380677655248,0.2766619322344752,0.243123406955695,0.0
86,60,0.721717226513466,0.2782827734865339,0.2440490386020223,0.0
86,61,0.721717226513466,0.2782827734865339,0.2451853860588931,0.0
86,62,0.7181790835652692,0.2818209164347308,0.2460303245955309,0.0
86,63,0.7147717763653102,0.2852282236346898,0.247614145169965,0.0
86,64,0.7136737823211264,0.2863262176788735,0.2496391300277551,0.0
86,65,0.7109903844507411,0.2890096155492588,0.2513380768884916,0.0
86,66,0.7109903844507411,0.2890096155492588,0.253248370038033,0.0
86,67,0.7109903844507411,0.2890096155492588,0.2545789319091588,0.0
86,68,0.7093526995079008,0.2906473004920992,0.2555312673740857,0.0
86,69,0.7093526995079008,0.2906473004920992,0.2566769278040795,0.0
86,70,0.7093526995079008,0.2906473004920992,0.2575037106543899,0.0
86,71,0.7068799566097344,0.2931200433902656,0.2581193257501145,0.0
86,72,0.7056954332755875,0.2943045667244125,0.2592698989390667,0.0
86,73,0.7036119358410325,0.2963880641589674,0.2604179615921134,0.0
86,74,0.7036119358410325,0.2963880641589674,0.2618116377575294,0.0
86,75,0.7036119358410325,0.2963880641589674,0.2627905910176762,0.0
86,76,0.701592200045326,0.298407799954674,0.2634937052517036,0.0
86,77,0.701592200045326,0.298407799954674,0.2645761817966474,0.0
86,78,0.701592200045326,0.298407799954674,0.2653438563149815,0.0
86,79,0.6983914109291756,0.3016085890708244,0.2659003269617063,0.0
86,80,0.6969825725480437,0.3030174274519562,0.267219191961925,0.0
86,81,0.6943429489634759,0.3056570510365241,0.2685396078165388,0.0
86,82,0.6905131328503743,0.3094868671496257,0.2702123946118792,0.0
86,83,0.6888091895837015,0.3111908104162985,0.2724639239677212,0.0
86,84,0.6782611612989838,0.3217388387010161,0.2744967554802431,0.0
87,1,0.9970440213297892,0.0029559786702106,0.0,14.819975
87,2,0.9652945284349522,0.0347054715650477,0.0312153814104069,12.752575
87,3,0.9563129718501612,0.0436870281498388,0.0443188231348879,12.42435
87,4,0.954958903925899,0.045041096074101,0.0552334255757389,12.636075
87,5,0.930763553585344,0.0692364464146561,0.0639850920715214,11.056475
87,6,0.9221990232171118,0.0778009767828882,0.0739558815180417,10.633575
87,7,0.906895321082424,0.0931046789175761,0.0823693711989391,9.665825
87,8,0.901687527111628,0.0983124728883719,0.0908960519093024,9.4781
87,9,0.8972708123696732,0.1027291876303267,0.0978784841187403,9.365325
87,10,0.8833055152211026,0.1166944847788974,0.1039195873322075,8.447675
87,11,0.8804244784312633,0.1195755215687367,0.1109678180711891,8.468575
87,12,0.8751907425654348,0.1248092574345651,0.1165274160216211,8.09415
87,13,0.8715865090906826,0.1284134909093174,0.1217218659897017,8.0515
87,14,0.8699928277344946,0.1300071722655054,0.1263695703347221,8.06965
87,15,0.8690707204306484,0.1309292795693516,0.1303085586769602,8.1166
87,16,0.862408811123843,0.1375911888761569,0.1336986262884141,7.71925
87,17,0.8537508504006883,0.1462491495993116,0.1378348651978456,7.0534
87,18,0.8513750019453762,0.1486249980546238,0.1426774160465188,6.977875
87,19,0.8510250070846895,0.1489749929153104,0.1466161596269037,7.07175
87,20,0.8486327769736266,0.1513672230263734,0.1496588680820603,6.96715
87,21,0.8445536447981681,0.1554463552018319,0.1526084186536286,6.691175
87,22,0.8413876884131094,0.1586123115868906,0.1558133189168914,6.55345
87,23,0.8413876884131094,0.1586123115868906,0.1589344534607231,6.633875
87,24,0.8382550107162589,0.1617449892837411,0.1613277204251507,6.392875
87,25,0.8347639673046691,0.1652360326953309,0.1639569711578563,6.224925
87,26,0.8328697666010418,0.1671302333989581,0.1667642191322366,6.079475
87,27,0.8328697666010418,0.1671302333989581,0.1693083353005758,6.199475
87,28,0.8260096019443224,0.1739903980556776,0.1712815087983426,5.535925
87,29,0.8252248379315382,0.1747751620684617,0.1744027302615477,5.575575
87,30,0.8197171033283329,0.180282896671667,0.1768274576057655,5.07065
87,31,0.8153815530054594,0.1846184469945405,0.1798867839422429,4.686825
87,32,0.8116832967483142,0.1883167032516858,0.1830383192674554,4.29325
87,33,0.8075948106377747,0.1924051893622252,0.1860959954539907,3.960925
87,34,0.8075948106377747,0.1924051893622252,0.189183769071171,3.95
87,35,0.8016604646395301,0.1983395353604699,0.1913619301198279,3.355725
87,36,0.8016604646395301,0.1983395353604699,0.1943548165204084,3.3981
87,37,0.8009682662938024,0.1990317337061976,0.1964611145297939,3.306525
87,38,0.7980906138155307,0.2019093861844693,0.1982004546901223,3.026625
87,39,0.7976068967088997,0.2023931032911002,0.2002210139662565,3.002975
87,40,0.7955350529220544,0.2044649470779456,0.2018429089545633,2.8254
87,41,0.7929478697558121,0.2070521302441879,0.2035919536209101,2.53555
87,42,0.7929478697558121,0.2070521302441879,0.2055315605879999,2.5848
87,43,0.7929478697558121,0.2070521302441879,0.2069665165500605,2.666125
87,44,0.7915315491266705,0.2084684508733295,0.2080899987494936,2.424375
87,45,0.7915315491266705,0.2084684508733295,0.2093562215058581,2.482875
87,46,0.7915315491266705,0.2084684508733295,0.2103602036420628,2.510225
87,47,0.7915315491266705,0.2084684508733295,0.211196139062818,2.5652
87,48,0.791265623159438,0.2087343768405619,0.2119207553719374,2.51935
87,49,0.7875748782297736,0.2124251217702264,0.2126337340057296,2.16295
87,50,0.7875748782297736,0.2124251217702264,0.21417587969876,2.116975
87,51,0.782340671374823,0.217659328625177,0.2153138316437115,1.612325
87,52,0.7823072446861348,0.2176927553138652,0.2174994413686092,1.59215
87,53,0.7776194413167122,0.2223805586832877,0.2190370712883917,0.0
87,54,0.7748052366427153,0.2251947633572847,0.2213380490167256,0.0
87,55,0.7748052366427153,0.2251947633572847,0.2236460248126202,0.0
87,56,0.7743741198839643,0.2256258801160356,0.2252449490276853,0.0
87,57,0.7743741198839643,0.2256258801160356,0.2265047002408459,0.0
87,58,0.774157571172781,0.225842428827219,0.2274363397864054,0.0
87,59,0.7717224559123185,0.2282775440876815,0.2282115879823663,0.0
87,60,0.7660473875221409,0.2339526124778591,0.2294578801588246,0.0
87,61,0.7657025543017433,0.2342974456982567,0.2318467766916676,0.0
87,62,0.7657025543017433,0.2342974456982567,0.2335768196911909,0.0
87,63,0.7657025543017433,0.2342974456982567,0.2347930745841467,0.0
87,64,0.7654465937449378,0.2345534062550621,0.2356766947226416,0.0
87,65,0.7654465937449378,0.2345534062550621,0.2364106761501108,0.0
87,66,0.7654465937449378,0.2345534062550621,0.2369765917673129,0.0
87,67,0.7620216716008716,0.2379783283991283,0.2374300091419645,0.0
87,68,0.7620216716008716,0.2379783283991283,0.2387271927900942,0.0
87,69,0.7620216716008716,0.2379783283991283,0.2396497695863011,0.0
87,70,0.7620216716008716,0.2379783283991283,0.2403257147160606,0.0
87,71,0.758615379374218,0.241384620625782,0.2408376747997398,0.0
87,72,0.758615379374218,0.241384620625782,0.2421709207155658,0.0
87,73,0.7553698640866408,0.2446301359133592,0.2431092000521471,0.0
87,74,0.7553606450562453,0.2446393549437546,0.2446811453083099,0.0
87,75,0.7550861697057473,0.2449138302942527,0.2457763846537913,0.0
87,76,0.752881989268852,0.247118010731148,0.2466291268283759,0.0
87,77,0.7515821326004074,0.2484178673995926,0.2478589059393252,0.0
87,78,0.7515821326004074,0.2484178673995926,0.2490859130872549,0.0
87,79,0.7505588358218608,0.2494411641781392,0.2499450764603352,0.0
87,80,0.748200768110749,0.251799231889251,0.2508472034195659,0.0
87,81,0.7430099264231321,0.2569900735768679,0.2521565196156334,0.0
87,82,0.7430099264231321,0.2569900735768679,0.2545470595112137,0.0
87,83,0.7425468017132909,0.2574531982867091,0.2561812034122526,0.0
87,84,0.7390671762515194,0.2609328237484806,0.2574410719460329,0.0
88,1,0.95191130297378,0.04808869702622,0.0,11.399075
88,2,0.92697758905372,0.07302241094628,0.0312153814104069,9.8935
88,3,0.908319243513356,0.091680756486644,0.0439546367079301,8.830575
88,4,0.90711444308657,0.0928855569134299,0.0554236569402654,8.95865
88,5,0.8893008058146871,0.1106991941853129,0.0643876057552907,7.867075
88,6,0.8824300591938781,0.1175699408061219,0.0737294023784068,7.602225
88,7,0.8768876567492715,0.1231123432507285,0.0816661452574287,7.3489
88,8,0.8677804217542345,0.1322195782457654,0.0886050458374819,6.8261
88,9,0.8560918599010193,0.1439081400989806,0.0954456135387963,6.096
88,10,0.8489110586696587,0.1510889413303413,0.102513950267594,5.659875
88,11,0.8477184642796368,0.1522815357203631,0.1088649232593182,5.7097
88,12,0.8420885571141792,0.1579114428858208,0.1137902960636224,5.38735
88,13,0.8365325554366922,0.1634674445633077,0.1187251256888989,5.049725
88,14,0.828604973144596,0.1713950268554039,0.1235642990743053,4.51085
88,15,0.823075403181103,0.176924596818897,0.1287249558045075,4.12415
88,16,0.8136096530260272,0.1863903469739728,0.1335466946720896,3.37825
88,17,0.8116515862331776,0.1883484137668224,0.1389117445949589,3.337425
88,18,0.8070272890230715,0.1929727109769284,0.1430722035568309,3.028575
88,19,0.801920289898522,0.1980797101014779,0.1471143562773024,2.569
88,20,0.8002741573704748,0.1997258426295252,0.1511586455950165,2.48055
88,21,0.8002741573704748,0.1997258426295252,0.1544801159861836,2.519125
88,22,0.7953914098467788,0.2046085901532212,0.1570579816931685,2.102375
88,23,0.7940227814904878,0.2059772185095122,0.1602102489870271,2.0464
88,24,0.7846937448997844,0.2153062551002156,0.1629101321724606,1.268675
88,25,0.7830175747163048,0.2169824252836951,0.1670085416580713,1.1967
88,26,0.7830175747163048,0.2169824252836951,0.1702354366357726,1.233825
88,27,0.7804445711311536,0.2195554288688463,0.1726163747402227,1.06765
88,28,0.7770807439672099,0.22291925603279,0.1750646905737686,0.0
88,29,0.7743213458191317,0.2256786541808683,0.1777026221264637,0.0
88,30,0.7701739118992247,0.2298260881007753,0.1802995063267931,0.0
88,31,0.7700066206090451,0.2299933793909548,0.1831656923417233,0.0
88,32,0.7648943405078672,0.2351056594921328,0.1852934826209187,0.0
88,33,0.7648943405078672,0.2351056594921328,0.1880908927116123,0.0
88,34,0.7648943405078672,0.2351056594921328,0.1901163969132699,0.0
88,35,0.7648943405078672,0.2351056594921328,0.1916860487888371,0.0
88,36,0.7641260264497346,0.2358739735502654,0.192977659108637,0.0
88,37,0.7544419265977093,0.2455580734022907,0.1942682844822599,0.0
88,38,0.7484755700519439,0.2515244299480561,0.1975986172736263,0.0
88,39,0.7480394152263523,0.2519605847736477,0.2012688872140263,0.0
88,40,0.7440227369106985,0.2559772630893014,0.2038555051838752,0.0
88,41,0.7440227369106985,0.2559772630893014,0.2066362058226259,0.0
88,42,0.7440227369106985,0.2559772630893014,0.2085847415555083,0.0
88,43,0.7418389421068992,0.2581610578931008,0.210029104893018,0.0
88,44,0.7418389421068992,0.2581610578931008,0.2116832354042372,0.0
88,45,0.7380090586426179,0.2619909413573821,0.2129344465029509,0.0
88,46,0.7380090586426179,0.2619909413573821,0.2148574921225643,0.0
88,47,0.7364452672193664,0.2635547327806335,0.2162580412695133,0.0
88,48,0.7364452672193664,0.2635547327806335,0.2177144775765129,0.0
88,49,0.7364452672193664,0.2635547327806335,0.2188170133405407,0.0
88,50,0.7364452672193664,0.2635547327806335,0.2196949754947186,0.0
88,51,0.7364452672193664,0.2635547327806335,0.220426992354882,0.0
88,52,0.7325682851681931,0.2674317148318069,0.2210611918258662,0.0
88,53,0.7288775181735209,0.2711224818264791,0.2225978511713225,0.0
88,54,0.7182236048829297,0.2817763951170703,0.2246499742960313,0.0
88,55,0.7182236048829297,0.2817763951170703,0.2287867193252081,0.0
88,56,0.7182236048829297,0.2817763951170703,0.2315387982271111,0.0
88,57,0.7171971956043857,0.2828028043956143,0.2334196337558048,0.0
88,58,0.7168802059732612,0.2831197940267388,0.235011643095782,0.0
88,59,0.7168802059732612,0.2831197940267388,0.2362360075510396,0.0
88,60,0.7133976279501842,0.2866023720498157,0.2371414325514217,0.0
88,61,0.7098554296022749,0.2901445703977251,0.2387460168816019,0.0
88,62,0.7095633505864308,0.2904366494135691,0.2408138324864251,0.0
88,63,0.7083379435170656,0.2916620564829344,0.2423268055446314,0.0
88,64,0.7069068385696272,0.2930931614303728,0.2437279863360742,0.0
88,65,0.7069068385696272,0.2930931614303728,0.2451106131708806,0.0
88,66,0.7056691034612163,0.2943308965387837,0.2460992012153209,0.0
88,67,0.7056691034612163,0.2943308965387837,0.2471610589823212,0.0
88,68,0.7056691034612163,0.2943308965387837,0.24793628268394,0.0
88,69,0.7056691034612163,0.2943308965387837,0.2485220064080607,0.0
88,70,0.7053246524272057,0.2946753475727943,0.248980844866737,0.0
88,71,0.7023768148085353,0.2976231851914647,0.2494471184778211,0.0
88,72,0.6995878522356661,0.3004121477643339,0.2506273682957469,0.0
88,73,0.6961231350976064,0.3038768649023936,0.252233454956537,0.0
88,74,0.6956578050959727,0.3043421949040272,0.2543077683226352,0.0
88,75,0.6947101026247484,0.3052898973752516,0.2558630148392887,0.0
88,76,0.6947101026247484,0.3052898973752516,0.2572093376951447,0.0
88,77,0.694333244541332,0.3056667554586679,0.2581524151160565,0.0
88,78,0.694333244541332,0.3056667554586679,0.2589320848943074,0.0
88,79,0.694333244541332,0.3056667554586679,0.259495424835979,0.0
88,80,0.6872069781050385,0.3127930218949615,0.2599125254480772,0.0
88,81,0.686135352821076,0.313864647178924,0.2622534783623846,0.0
88,82,0.68519538222022,0.3148046177797799,0.2641609297604243,0.0
88,83,0.68519538222022,0.3148046177797799,0.265741661465931,0.0
88,84,0.681084653789659,0.318915346210341,0.2668336795987264,0.0
89,1,1.0,0.0,0.0,15.00455
89,2,0.9972268680765038,0.0027731319234961,0.0312153814104069,15.194925
89,3,0.9777333179910396,0.0222666820089605,0.0427705338773513,14.14485
89,4,0.9645816307429456,0.0354183692570545,0.0536533806696541,13.39315
89,5,0.9561956857154548,0.0438043142845451,0.0634253311013771,13.118475
89,6,0.9561956857154548,0.0438043142845451,0.0719357573229056,13.42485
89,7,0.9352471901237256,0.0647528098762745,0.0785768235744418,12.04005
89,8,0.9229284552141004,0.0770715447858997,0.0870417438343029,11.2375
89,9,0.9229284552141004,0.0770715447858997,0.0949503473722584,11.524
89,10,0.914404557918992,0.0855954420810078,0.1006176995054148,11.0975
89,11,0.9099025859457692,0.0900974140542306,0.1065411088893965,10.915025
89,12,0.9099025859457692,0.0900974140542306,0.1117992041004833,11.12495
89,13,0.9022105717375964,0.0977894282624035,0.1158681231406805,10.702325
89,14,0.9022105717375964,0.0977894282624035,0.1206532479176533,10.9588
89,15,0.8922290599985946,0.1077709400014054,0.1242981481708505,10.18005
89,16,0.8887796553837056,0.1112203446162943,0.1291831276589903,10.10435
89,17,0.8887796553837056,0.1112203446162943,0.1333925455724699,10.365125
89,18,0.8840402195702657,0.1159597804297343,0.1365590794049272,10.06125
89,19,0.8795731730283395,0.1204268269716605,0.1400790948075943,9.77925
89,20,0.8742567361514796,0.1257432638485204,0.1436848720738047,9.425175
89,21,0.8671562529020069,0.132843747097993,0.1474749245487603,8.9306
89,22,0.8618768759394846,0.1381231240605154,0.1517014259083756,8.577275
89,23,0.8609278860684227,0.1390721139315772,0.1557709214346482,8.6692
89,24,0.857892439889504,0.1421075601104959,0.1588478392384685,8.4543
89,25,0.8555257761505216,0.1444742238494784,0.1618109137264992,8.3746
89,26,0.8555257761505216,0.1444742238494784,0.1645516496285563,8.51835
89,27,0.8533089795004968,0.1466910204995032,0.1666475268113144,8.3422
89,28,0.8517380029762401,0.1482619970237598,0.1688426953061046,8.334325
89,29,0.8473593637293616,0.1526406362706384,0.1709325895725888,8.00575
89,30,0.8438820340794417,0.1561179659205582,0.1735581420033529,7.74255
89,31,0.8438820340794417,0.1561179659205582,0.1762743268871489,7.91015
89,32,0.8438820340794417,0.1561179659205582,0.1782626206756095,7.987025
89,33,0.8438820340794417,0.1561179659205582,0.1798234947312759,8.11345
89,34,0.8413383166210449,0.1586616833789551,0.1811238463914335,7.9599
89,35,0.8413383166210449,0.1586616833789551,0.1828325733994945,8.009625
89,36,0.8403978615424307,0.1596021384575693,0.1841868317376996,8.116525
89,37,0.8357897008988929,0.164210299101107,0.1855367140313012,7.59495
89,38,0.829873542676375,0.1701264573236249,0.1877167437807051,6.94725
89,39,0.829873542676375,0.1701264573236249,0.1906830017282478,7.064525
89,40,0.829873542676375,0.1701264573236249,0.1927354856859252,7.1202
89,41,0.8205060040579976,0.1794939959420024,0.1942404752227219,5.967325
89,42,0.8149795094836131,0.1850204905163869,0.1976211735669212,5.46595
89,43,0.8149795094836131,0.1850204905163869,0.2012201105147924,5.448825
89,44,0.8136734107261593,0.1863265892738407,0.2036381491509372,5.26095
89,45,0.8136734107261593,0.1863265892738407,0.2056547313470861,5.469975
89,46,0.8136734107261593,0.1863265892738407,0.2071097612827119,5.432375
89,47,0.8111960008780135,0.1888039991219865,0.2082169699204779,5.260475
89,48,0.8099857625364018,0.1900142374635982,0.2097087500792908,5.0879
89,49,0.8099857625364018,0.1900142374635982,0.21112208705029,5.185375
89,50,0.8099857625364018,0.1900142374635982,0.2121845508717355,5.224925
89,51,0.8077346163715725,0.1922653836284275,0.2130241852140691,5.005625
89,52,0.8063036724944038,0.1936963275055961,0.2142798176479377,4.96725
89,53,0.8063036724944038,0.1936963275055961,0.2155857901936367,4.8895
89,54,0.8042315269136294,0.1957684730863705,0.2165600182505672,4.6057
89,55,0.8042315269136294,0.1957684730863705,0.2178455166402359,4.70795
89,56,0.8042315269136294,0.1957684730863705,0.2187977690992611,4.739025
89,57,0.8031247189577345,0.1968752810422654,0.2195355607280442,4.597825
89,58,0.8031247189577345,0.1968752810422654,0.220416913399595,4.658075
89,59,0.8031247189577345,0.1968752810422654,0.2211004597452066,4.6842
89,60,0.8031247189577345,0.1968752810422654,0.2216537000993602,4.74215
89,61,0.797399722445383,0.2026002775546169,0.2221191651301003,3.887425
89,62,0.7946614386150843,0.2053385613849156,0.2240210974893997,3.53715
89,63,0.7945102780708796,0.2054897219291204,0.2260627584638853,3.51555
89,64,0.7945102780708796,0.2054897219291204,0.2275133815808684,3.564425
89,65,0.7928623300846059,0.207137669915394,0.228541762473585,3.39135
89,66,0.7905224565672236,0.2094775434327763,0.2297339325548615,2.947625
89,67,0.7905224565672236,0.2094775434327763,0.2312166468155422,3.077675
89,68,0.7867269690858331,0.2132730309141669,0.2322597415044639,2.512575
89,69,0.7867269690858331,0.2132730309141669,0.2340394529197985,2.506
89,70,0.7862371347931946,0.2137628652068054,0.2352730612701105,2.49205
89,71,0.7859116904767084,0.2140883095232916,0.236281733406259,2.4026
89,72,0.7859116904767084,0.2140883095232916,0.2370966552583462,2.480025
89,73,0.7798414672625334,0.2201585327374665,0.2376930905739821,0.0
89,74,0.7798414672625334,0.2201585327374665,0.2398179358915813,0.0
89,75,0.7798414672625334,0.2201585327374665,0.2412743145634404,0.0
89,76,0.7798414672625334,0.2201585327374665,0.2422885034112288,0.0
89,77,0.7798414672625334,0.2201585327374665,0.2430085782004993,0.0
89,78,0.7798414672625334,0.2201585327374665,0.2435316837458999,0.0
89,79,0.7798414672625334,0.2201585327374665,0.2439217183846339,0.0
89,80,0.7766983439236158,0.2233016560763842,0.244220828786763,0.0
89,81,0.7755818312893612,0.2244181687106388,0.2453495065656422,0.0
89,82,0.7755818312893612,0.2244181687106388,0.2464565666912125,0.0
89,83,0.7746991431251601,0.2253008568748399,0.247229628542772,0.0
89,84,0.7640552846560307,0.2359447153439693,0.2480309986080773,0.0
90,1,1.0,0.0,0.0,15.111675
90,2,0.9807938240053136,0.0192061759946864,0.0312153814104069,13.970675
90,3,0.961791811586304,0.0382081884136958,0.0436485980907704,12.816775
90,4,0.9553663222817442,0.0446336777182557,0.0549760861825905,12.73685
90,5,0.9530928132719154,0.0469071867280845,0.0643631570026835,12.88715
90,6,0.9530928132719154,0.0469071867280845,0.0720772900586166,13.1971
90,7,0.92517101548855,0.0748289845114499,0.078410866830239,11.153975
90,8,0.9179224073531342,0.0820775926468657,0.0877238647343718,10.8311
90,9,0.9179224073531342,0.0820775926468657,0.0952450214267579,11.08375
90,10,0.9141431346283806,0.0858568653716194,0.1007548083016765,11.026125
90,11,0.9072064783529652,0.0927935216470348,0.1058323007477391,10.732925
90,12,0.9004651633606153,0.0995348366393846,0.1111162837609411,10.289775
90,13,0.9004651633606153,0.0995348366393846,0.1163685038456524,10.528075
90,14,0.8893421730056391,0.1106578269943608,0.1203247494340139,9.763475
90,15,0.8788294301549371,0.1211705698450629,0.1256194887465299,9.03375
90,16,0.8749424437596924,0.1250575562403075,0.1314071657141975,8.87485
90,17,0.8749424437596924,0.1250575562403075,0.1361589975054578,8.961725
90,18,0.8738517999699713,0.1261482000300287,0.139615600895631,9.096525
90,19,0.864456771214995,0.135543228785005,0.1425868755939127,8.3447
90,20,0.8623440042853527,0.1376559957146472,0.1469116190346806,8.3156
90,21,0.8572262349759298,0.1427737650240702,0.1504448025304339,7.9388
90,22,0.8512822838286503,0.1487177161713496,0.1541513047331986,7.4623
90,23,0.8512822838286503,0.1487177161713496,0.1580977346123936,7.656475
90,24,0.850349708074194,0.149650291925806,0.1609234141199856,7.624475
90,25,0.850349708074194,0.149650291925806,0.1633206010255077,7.754675
90,26,0.8443958997189619,0.1556041002810381,0.1652621337591953,7.3033
90,27,0.8425804435796537,0.1574195564203463,0.1681961591517568,7.293625
90,28,0.8366637890842744,0.1633362109157256,0.1707693873651482,6.760825
90,29,0.8366637890842744,0.1633362109157256,0.1740157502620052,6.84055
90,30,0.8352034634282203,0.1647965365717797,0.1763375823089626,6.741275
90,31,0.8352034634282203,0.1647965365717797,0.1784477343771975,6.87655
90,32,0.8340829729471078,0.1659170270528922,0.1800998884913387,6.847525
90,33,0.8297434594042025,0.1702565405957975,0.1817243330273796,6.47905
90,34,0.8297434594042025,0.1702565405957975,0.1840398195182718,6.572275
90,35,0.828280764397357,0.171719235602643,0.1857631646076907,6.447275
90,36,0.820356143646004,0.179643856353996,0.1874645357713918,5.595675
90,37,0.8199564351486748,0.1800435648513252,0.1906214899386102,5.574575
90,38,0.8167785481085268,0.1832214518914732,0.1928971599328405,5.350575
90,39,0.8153856669128886,0.1846143330871114,0.1952935524915624,5.2234
90,40,0.8107598247065249,0.1892401752934751,0.1973416125298842,4.77305
90,41,0.8107598247065249,0.1892401752934751,0.1999359300437498,4.776125
90,42,0.8087922675464662,0.1912077324535338,0.2017639195608847,4.57355
90,43,0.7987751941983477,0.2012248058016522,0.2035939065447035,3.375475
90,44,0.7987751941983477,0.2012248058016522,0.207341247286023,3.4074
90,45,0.7987751941983477,0.2012248058016522,0.2098519057030449,3.4338
90,46,0.7966873245945373,0.2033126754054627,0.211611401997993,3.170875
90,47,0.7920143096304929,0.2079856903695071,0.2134154117223037,2.652025
90,48,0.7920143096304929,0.2079856903695071,0.2158740951209095,2.6556
90,49,0.7904865156123821,0.2095134843876178,0.217590084533934,2.509
90,50,0.7904865156123821,0.2095134843876178,0.2192215065458333,2.486275
90,51,0.7904865156123821,0.2095134843876178,0.2204190049686353,2.563225
90,52,0.7904865156123821,0.2095134843876178,0.221342030478459,2.6329
90,53,0.7904865156123821,0.2095134843876178,0.2220881546611929,2.6138
90,54,0.7883301177477625,0.2116698822522374,0.2227174255439423,2.338125
90,55,0.7876310449299275,0.2123689550700724,0.2238123284123132,2.300525
90,56,0.7876310449299275,0.2123689550700724,0.2248263489312837,2.31585
90,57,0.7872977562590648,0.2127022437409351,0.225606876176771,2.3027
90,58,0.7839308052919834,0.2160691947080165,0.2263203777706781,1.908375
90,59,0.7801861605644481,0.2198138394355518,0.227768946862498,1.549575
90,60,0.7801861605644481,0.2198138394355518,0.2297826665162765,1.509925
90,61,0.7801861605644481,0.2198138394355518,0.2311840610801684,1.506575
90,62,0.7784078623689882,0.2215921376310118,0.2321918316476378,0.0
90,63,0.7742116970885661,0.2257883029114339,0.2334113894701148,0.0
90,64,0.7742116970885661,0.2257883029114339,0.235404196514002,0.0
90,65,0.7742116970885661,0.2257883029114339,0.2367854108655956,0.0
90,66,0.7742116970885661,0.2257883029114339,0.237769865625908,0.0
90,67,0.7707539183396005,0.2292460816603995,0.2384947975842338,0.0
90,68,0.7707539183396005,0.2292460816603995,0.2399775534388931,0.0
90,69,0.7672676127149196,0.2327323872850804,0.2410213688284465,0.0
90,70,0.7672676127149196,0.2327323872850804,0.242722223231157,0.0
90,71,0.7645772067263213,0.2354227932736786,0.2439052842138773,0.0
90,72,0.7644434497167308,0.2355565502832691,0.2454835043887813,0.0
90,73,0.7637644377319391,0.2362355622680608,0.2466203280523438,0.0
90,74,0.7637644377319391,0.2362355622680608,0.2476157968749157,0.0
90,75,0.7637644377319391,0.2362355622680608,0.2483287954971768,0.0
90,76,0.7637513985511201,0.2362486014488799,0.2488529987006361,0.0
90,77,0.7613241896016595,0.2386758103983405,0.2492534116193832,0.0
90,78,0.7581793474001133,0.2418206525998867,0.2502464004103845,0.0
90,79,0.7581793474001133,0.2418206525998867,0.2518359874548976,0.0
90,80,0.7555462975531243,0.2444537024468757,0.2529357296019812,0.0
90,81,0.7497477292708861,0.2502522707291139,0.2544553840462978,0.0
90,82,0.7497477292708861,0.2502522707291139,0.2571602126507497,0.0
90,83,0.7486642177094517,0.2513357822905483,0.2590052918067637,0.0
90,84,0.7485812835965925,0.2514187164034075,0.2605853930661653,0.0
